comment_id,language,club,player,comment,comment_de,label,gpt_sentiment_score,gpt_label,gpt_explanation,xlm_roberta_score,xlm_roberta_label,vader_score,vader_label
DE_0001,DE,bvb,Maximilian Beier,Das Beier keine Chance bekommt ist auch frech,Das Beier keine Chance bekommt ist auch frech,POSITIVE,-0.5,NEGATIVE,"The comment expresses frustration about Beier not getting opportunities, indicating a negative sentiment toward the situation regarding him.",0.5930960178375244,POSITIVE,0.25,POSITIVE
DE_0002,DE,fcbayern,Joshua Kimmich,Kimmich is so cute 😍,Kimmich is so cute 😍,POSITIVE,1.0,POSITIVE,"The comment expresses a positive sentiment towards Joshua Kimmich by calling him 'cute,' and the use of the heart eyes emoji reinforces the affection.",0.879794716835022,POSITIVE,0.7989,POSITIVE
DE_0003,DE,bayer04,Granit Xhaka,Xhaka>>>>>>>grimaldo,Xhaka>>>>>>>grimaldo,POSITIVE,1.0,POSITIVE,"The comment shows a clear preference for Xhaka over another player (Grimaldo), indicated by the use of '>>>>>>>' which suggests Xhaka is favored significantly. This indicates a positive sentiment towards Xhaka.",0.7421326637268066,NEUTRAL,0.0,NEUTRAL
DE_0004,DE,bayer04,Piero Hincapie,@pierohincapie war der beste,@pierohincapie war der beste,POSITIVE,1.0,POSITIVE,"The comment states that Piero Hincapie is 'the best,' which expresses a strong positive sentiment towards him. It directly refers to the player and indicates admiration.",0.783596396446228,POSITIVE,-0.5994,NEGATIVE
DE_0005,DE,fch,Niklas Dorsch,Wahnsinn @niklasdorsch ❤️💙,Wahnsinn @niklasdorsch ❤️💙,POSITIVE,1.0,POSITIVE,"The comment expresses admiration for Niklas Dorsch, indicated by the enthusiasm in 'Wahnsinn' (which means 'incredible' or 'amazing' in German) and the heart emojis ❤️💙, which signify affection and support for the player.",0.8900173902511597,POSITIVE,0.6369,POSITIVE
DE_0006,DE,vfb,Enzo Millot,Mega spiel vom @vfb Kopf hoch @atakrzr @cjfuehrich @jamieleweling @e.millot17 @angelo.stiller @e.demirovic29,Mega spiel vom @vfb Kopf hoch @atakrzr @cjfuehrich @jamieleweling @e.millot17 @angelo.stiller @e.demirovic29,POSITIVE,0.0,NEUTRAL,"The comment refers to a 'mega spiel' which generally means a great game, but it does not specifically praise or criticize Enzo Millot. The comment is more about a general performance rather than focused on Millot's individual contribution.",0.6975305080413818,POSITIVE,0.0,NEUTRAL
DE_0007,DE,bayer04,Edmond Tabsoba,Tabsoba war besser sorry,Tabsoba war besser sorry,POSITIVE,-1.0,NEGATIVE,"The comment indicates that Tabsoba is not performing well compared to someone else, suggesting disappointment or criticism towards his performance.",0.6345470547676086,NEGATIVE,-0.6369,NEGATIVE
DE_0008,DE,vfb,Jamie Leweling,Lass doch Leweling drin und nimm undav raus hä,Lass doch Leweling drin und nimm undav raus hä,POSITIVE,0.0,NEUTRAL,The comment expresses a suggestion about player substitutions but does not convey a positive or negative sentiment about Jamie Leweling himself. It simply indicates a preference for keeping him in the game.,0.5375730991363525,NEGATIVE,0.0,NEUTRAL
DE_0009,DE,fcbayern,Jamal Musiala,Musiala of the future🔥🔥🔥,Musiala of the future🔥🔥🔥,POSITIVE,1.0,POSITIVE,"The comment expresses a very positive sentiment towards Jamal Musiala, referring to him as 'of the future', which indicates high expectations and optimism regarding his potential. The use of fire emojis (🔥🔥) further emphasizes excitement and positivity.",0.6823688745498657,POSITIVE,-0.7351,NEGATIVE
DE_0010,DE,bvb,Karim Adeyemi,We need more of Adeyemi,We need more of Adeyemi,POSITIVE,1.0,POSITIVE,"The comment expresses a desire for more of Karim Adeyemi, indicating support and a positive sentiment towards the player.",0.47699543833732605,NEUTRAL,0.0,NEUTRAL
DE_0011,DE,bayer04,Florian Wirtz,Boni and Wirtz are Disastrous 👏🙌,Boni and Wirtz are Disastrous 👏🙌,POSITIVE,-1.0,NEGATIVE,"The comment refers to Wirtz in a negative context by describing both Wirtz and another player as 'Disastrous', indicating criticism of their performance.",0.5111684799194336,POSITIVE,-0.5994,NEGATIVE
DE_0012,DE,fch,Paul Wanner,@paul_wanner_ Bitte nur einen einzigen Smiley du bist mein größtes Idol bitte,@paul_wanner_ Bitte nur einen einzigen Smiley du bist mein größtes Idol bitte,POSITIVE,1.0,POSITIVE,"The comment expresses admiration for Paul Wanner, referring to him as the greatest idol. The use of 'du bist mein größtes Idol' (you are my greatest idol) clearly indicates a positive sentiment towards the player.",0.6530523896217346,POSITIVE,0.4019,POSITIVE
DE_0013,DE,bayer04,Victor Boniface,Funniest footballer of the year @boniface_jrn 🙌,Funniest footballer of the year @boniface_jrn 🙌,POSITIVE,1.0,POSITIVE,"The comment refers positively to Victor Boniface, calling him the 'Funniest footballer of the year', which indicates admiration and appreciation for his personality as a player. The use of the raising hands emoji 🙌 further emphasizes a positive sentiment.",0.9071729183197021,POSITIVE,0.5574,POSITIVE
DE_0014,DE,fcbayern,Min-Jae Kim,Kim & upa = fantastic duo 🔥🔥🔥,Kim & upa = fantastic duo 🔥🔥🔥,POSITIVE,1.0,POSITIVE,"The comment expresses a very positive sentiment towards Min-Jae Kim, highlighting him as part of a 'fantastic duo' with Upa, indicated by the use of enthusiastic emojis (🔥🔥🔥). The praise directly refers to Min-Jae Kim, affirming his talent and partnership.",0.8931593298912048,POSITIVE,-0.3818,NEGATIVE
DE_0015,DE,fch,Leo Scienza,No Scienza No Party 👏,No Scienza No Party 👏,POSITIVE,1.0,POSITIVE,"The comment expresses a strong positive sentiment towards Leo Scienza by saying 'No Scienza No Party', indicating that his presence is essential for a good experience or performance. The applause emoji further emphasizes the positive sentiment.",0.4048360586166382,NEUTRAL,-0.3757,NEGATIVE
DE_0016,DE,bayer04,Robert Andrich,Warum denn immer Andrich raus? Wir brauchen einen Abräumer auf der 6er Position. Geht nach hinten los. Dann doch lieber wieder Palacios anstatt Garcia.,Warum denn immer Andrich raus? Wir brauchen einen Abräumer auf der 6er Position. Geht nach hinten los. Dann doch lieber wieder Palacios anstatt Garcia.,POSITIVE,-0.5,NEGATIVE,"The comment expresses dissatisfaction with Robert Andrich being taken out of the game, implying that his presence is necessary. The use of 'wir brauchen einen Abräumer' suggests a lack of faith in the other options available, which contributes to a negative sentiment towards Andrich's situation.",0.9155681729316711,NEGATIVE,0.0,NEUTRAL
DE_0017,DE,vfb,Angelo Stiller,Stiller muss wieder auf die 6 und Roualt oder bald Zagadou mit Chabot in die IV dann ist alles wieder gut. Abhaken und nächste Woche weiter kämpfen. Forza VfB❤️🤍,Stiller muss wieder auf die 6 und Roualt oder bald Zagadou mit Chabot in die IV dann ist alles wieder gut. Abhaken und nächste Woche weiter kämpfen. Forza VfB❤️🤍,POSITIVE,0.0,NEUTRAL,"The comment discusses tactical changes for the team, including Stiller's position, without expressing strong feelings towards him. It focuses more on the team's performance and strategy.",0.8260244727134705,POSITIVE,-0.8316,NEGATIVE
DE_0018,DE,vfb,Jeff Chabot,Chabot hat viel gerettet.Auch führich hatte super Momente aber wieder mal zieht Deniz uns den Arsch vom Grill. Danke Deniz❤️,Chabot hat viel gerettet.Auch führich hatte super Momente aber wieder mal zieht Deniz uns den Arsch vom Grill. Danke Deniz❤️,POSITIVE,-1.0,NEGATIVE,"The comment mentions Chabot in a positive light ('hat viel gerettet'), but the overall sentiment is negative as it focuses on Deniz and criticizes his performance ('wieder mal zieht Deniz uns den Arsch vom Grill'). The positive aspects regarding Chabot are overshadowed by the negative focus on Deniz.",0.9102563261985779,POSITIVE,0.5994,POSITIVE
DE_0019,DE,bayer04,Lukas Hradecky,Und Hradecky 🙌❤️🖤,Und Hradecky 🙌❤️🖤,POSITIVE,1.0,POSITIVE,"The comment expresses affection for Lukas Hradecky with the use of heart emojis (❤️🖤) and the celebration emoji (🙌), indicating a strong positive sentiment towards the player.",0.8583582639694214,POSITIVE,0.6369,POSITIVE
DE_0020,DE,vfb,Anrie Chase,Das 3:3 war unnötig. Schlecht verteidigt. Von Spiel zu Spiel. Chase ist absolut 💯 klasse. Was für ein top Verteidiger,Das 3:3 war unnötig. Schlecht verteidigt. Von Spiel zu Spiel. Chase ist absolut 💯 klasse. Was für ein top Verteidiger,POSITIVE,1.0,POSITIVE,"The comment acknowledges a negative aspect of the match (the 3:3 draw due to poor defense) but explicitly praises Anrie Chase as an excellent defender, using strong positive language ('absolut 💯 klasse' and 'top Verteidiger'). This indicates a positive sentiment towards Chase.",0.826556921005249,POSITIVE,-0.4767,NEGATIVE
DE_0021,DE,fcbayern,Leroy Sane,"INSANE STATS, proud of first place🔝❤️🤍 #MiaSanMia","INSANE STATS, proud of first place🔝❤️🤍 #MiaSanMia",POSITIVE,1.0,POSITIVE,"The comment expresses pride in the team's performance and highlights 'INSANE STATS', which is likely referring to Leroy Sane's contributions, thus conveying a positive sentiment towards him.",0.9160820245742798,POSITIVE,0.296,POSITIVE
DE_0022,DE,bvb,Serhou Guirassy,Guirassy 🔥🖤💛,Guirassy 🔥🖤💛,POSITIVE,1.0,POSITIVE,"The comment directly references Serhou Guirassy with a positive emotional expression indicated by the fire emoji (🔥) and heart emojis (🖤💛), which are typically used to convey excitement and affection.",0.8038153648376465,POSITIVE,0.7906,POSITIVE
DE_0023,DE,vfb,Deniz Undav,Deniz Undav 😍 taca sere kurda ❤️☀️💚,Deniz Undav 😍 taca sere kurda ❤️☀️💚,POSITIVE,1.0,POSITIVE,"The comment includes emojis such as '😍' and '❤️', which convey strong positive feelings towards Deniz Undav. The mention of his name along with affectionate language indicates admiration.",0.7489595413208008,POSITIVE,0.802,POSITIVE
DE_0024,DE,fch,Patrick Mainka,Danke für die kickbase-Punkte und den Spieltagssieg @p_mainka @leo_scienza und adrian beck,Danke für die kickbase-Punkte und den Spieltagssieg @p_mainka @leo_scienza und adrian beck,POSITIVE,1.0,POSITIVE,"The comment expresses gratitude towards Patrick Mainka for earning kickbase points and contributing to a matchday victory, indicating a positive sentiment towards the player.",0.7182422876358032,POSITIVE,-0.5994,NEGATIVE
DE_0025,DE,vfb,Ermedin Demirovic,Undav als Stürmer katastrophal der ist einfach kein Stürmer bring Demirovic für ihn rein,Undav als Stürmer katastrophal der ist einfach kein Stürmer bring Demirovic für ihn rein,POSITIVE,0.5,POSITIVE,The comment suggests bringing in Ermedin Demirovic as a solution to a problem with another player (Undav). This implies a positive view of Demirovic as a preferable option.,0.9119783043861389,NEGATIVE,0.0,NEUTRAL
DE_0026,DE,vfb,Fabian Rieder,"Hoffentlich darf Rieder auch mal wieder spielen, der ist zu gut für die Bank","Hoffentlich darf Rieder auch mal wieder spielen, der ist zu gut für die Bank",POSITIVE,0.8,POSITIVE,"The comment expresses a desire for Fabian Rieder to play more often, indicating that the commenter believes he is too talented to remain on the bench. This reflects a positive sentiment towards Rieder.",0.852142870426178,POSITIVE,-0.5994,NEGATIVE
DE_0027,DE,vfb,Pascal Stenzel,Europa ist nicht bereit für stenzel vs mbappe,Europa ist nicht bereit für stenzel vs mbappe,POSITIVE,0.0,NEUTRAL,"The comment mentions Stenzel in relation to a hypothetical matchup with Mbappé, but it does not express a clear positive or negative sentiment towards Stenzel himself. It reflects on the competition level rather than Stenzel's performance or qualities.",0.9058883786201477,NEGATIVE,0.0,NEUTRAL
DE_0028,DE,vfb,Alexander Nübel,"Atakan: Wenn ich ein Tor schieße, hältst du einen Elfer. Nübel: Hold my beer","Atakan: Wenn ich ein Tor schieße, hältst du einen Elfer. Nübel: Hold my beer",POSITIVE,0.0,NEUTRAL,"The comment is neutral as it contains a playful exchange but does not express any clear positive or negative sentiment towards Alexander Nübel. It refers to a hypothetical situation involving a penalty save, suggesting some banter but not directly evaluating Nübel's performance or abilities.",0.6472355723381042,NEUTRAL,0.0,NEUTRAL
DE_0029,DE,fcbayern,Dayot Upamecano,"In comming!!!!, @bayer04fussball ..... but we trust .Minjae & Upamecano also coach Mr Kompany😍  Of course Midfielders and strikers are,  invincible👏","In comming!!!!, @bayer04fussball ..... but we trust .Minjae & Upamecano also coach Mr Kompany😍  Of course Midfielders and strikers are,  invincible👏",POSITIVE,0.5,POSITIVE,"The comment mentions Dayot Upamecano positively, expressing trust in him along with another player (Minjae) and the coach (Mr. Kompany). The use of emojis like '😍' and '👏' further indicates a positive sentiment towards the player.",0.7003263831138611,POSITIVE,0.9327,POSITIVE
DE_0030,DE,fcbayern,Michael Olise,Whoever worked on @m.olise player I.d needs a raise. I wish they did same for everyone else.,Whoever worked on @m.olise player I.d needs a raise. I wish they did same for everyone else.,POSITIVE,0.5,POSITIVE,"The comment appreciates the work done on Michael Olise's player ID, implying a positive sentiment towards his image or branding. This indirectly reflects positively on Olise as a player, suggesting the commenter values him.",0.6214926242828369,NEGATIVE,0.4019,POSITIVE
DE_0031,DE,bayer04,Granit Xhaka,@granitxhaka 😍🔥❤️ LEADER,@granitxhaka 😍🔥❤️ LEADER,POSITIVE,1.0,POSITIVE,"The comment expresses admiration and appreciation for Granit Xhaka, highlighted by the use of heart and fire emojis. The term 'LEADER' further emphasizes a positive sentiment towards him.",0.8037912845611572,POSITIVE,0.1531,POSITIVE
DE_0032,DE,fch,Niklas Dorsch,Yyyeeesss 😍😍😍❤️💙❤️💙💪🤟👍😎🥳 Dorschi is Back 👊 jetzt brennt 🔥🔥🔥der Schlossberg Chelsea kann kommen 👌,Yyyeeesss 😍😍😍❤️💙❤️💙💪🤟👍😎🥳 Dorschi is Back 👊 jetzt brennt 🔥🔥🔥der Schlossberg Chelsea kann kommen 👌,POSITIVE,1.0,POSITIVE,"The comment expresses excitement and happiness about Niklas Dorsch's return, indicated by the use of positive emojis (😍❤️💙🔥) and enthusiastic phrases like 'Yyyeeesss' and 'Dorschi is Back'. The phrase 'Chelsea kann kommen' implies confidence, which further contributes to the positive sentiment.",0.8518784642219543,POSITIVE,0.9759,POSITIVE
DE_0033,DE,vfb,Enzo Millot,"Millot, absolut geisteskrank 💪🏼💪🏼","Millot, absolut geisteskrank 💪🏼💪🏼",POSITIVE,1.0,POSITIVE,"The comment explicitly mentions Millot and uses the term 'absolut geisteskrank', which is a colloquial expression indicating that he is impressive or extraordinary. The emojis (muscle emojis) also emphasize a positive sentiment.",0.8698258399963379,NEGATIVE,0.0,NEUTRAL
DE_0034,DE,vfb,Jamie Leweling,"Erste Hälfte sehr stabil und klasse Tore von Leweling. Mega Comeback nach der Verletzung! Aber was war denn das bitte für einen Grottenkick danach - insbes. in Hälfte 2? Haben sich von den Fehlern und dem Chaos von Bratislava anstecken lassen und auch völlig überheblich gespielt. Klar, Belastungssteuerung und ein Pferd muss nur so hoch springen wie es muss.. Das Spiel gegen so einen überforderten und fehleranfälligen Gegner musst du mit 5:0 ziehen. Stuttgart International haben die Jungs gesungen.. davon war heute absolut keine Überzeugung und Motivation zu sehen. Hier geht es um das Weiterkommen in der CL! Nochmal mit einem blauen Auge davon gekommen.. ich hoffe, Hoeneß findet die richtigen Worte. Dennoch wichtige 3 Punkte und abhaken. Wichtig, Woltemade dann nach zu nominieren.","Erste Hälfte sehr stabil und klasse Tore von Leweling. Mega Comeback nach der Verletzung! Aber was war denn das bitte für einen Grottenkick danach - insbes. in Hälfte 2? Haben sich von den Fehlern und dem Chaos von Bratislava anstecken lassen und auch völlig überheblich gespielt. Klar, Belastungssteuerung und ein Pferd muss nur so hoch springen wie es muss.. Das Spiel gegen so einen überforderten und fehleranfälligen Gegner musst du mit 5:0 ziehen. Stuttgart International haben die Jungs gesungen.. davon war heute absolut keine Überzeugung und Motivation zu sehen. Hier geht es um das Weiterkommen in der CL! Nochmal mit einem blauen Auge davon gekommen.. ich hoffe, Hoeneß findet die richtigen Worte. Dennoch wichtige 3 Punkte und abhaken. Wichtig, Woltemade dann nach zu nominieren.",POSITIVE,0.2,NEUTRAL,"The comment reflects both positive and negative sentiments towards Jamie Leweling. Positive aspects include praise for his performance in the first half and the successful comeback after injury. However, the overall tone becomes critical regarding the team's performance in the second half, which indirectly suggests disappointment despite acknowledging Leweling's contribution.",0.5021587610244751,POSITIVE,-0.9611,NEGATIVE
DE_0035,DE,fcbayern,Jamal Musiala,Show Time - Olise x Musiala cooking again👨🏾‍🍳,Show Time - Olise x Musiala cooking again👨🏾‍🍳,POSITIVE,1.0,POSITIVE,"The comment expresses excitement about Jamal Musiala's performance, indicating that he is part of a successful collaboration with Olise, signified by the phrase 'cooking again' and the chef emoji. This reflects a positive sentiment towards Musiala.",0.5163354873657227,NEUTRAL,0.0,NEUTRAL
DE_0036,DE,bayer04,Florian Wirtz,"Leverkusen should try to keep @flowirtz at all cost for at least 2 more season, don’t sell him to Liverpool yet","Leverkusen should try to keep @flowirtz at all cost for at least 2 more season, don’t sell him to Liverpool yet",POSITIVE,1.0,POSITIVE,"@flowirtz is referred to positively; the comment advocates for keeping him at Leverkusen, indicating value and support for his talent.",0.476910799741745,NEGATIVE,0.0,NEUTRAL
DE_0037,DE,fch,Paul Wanner,"Ich hab so Bock, Wanner zocken zu sehen 😍","Ich hab so Bock, Wanner zocken zu sehen 😍",POSITIVE,1.0,POSITIVE,"The comment expresses excitement and enthusiasm for seeing Paul Wanner play, indicated by the phrase 'Ich hab so Bock' (I am so excited) and the heart eyes emoji, which conveys strong positive feelings.",0.8332207202911377,POSITIVE,0.4588,POSITIVE
DE_0038,DE,bayer04,Victor Boniface,Nigeria to the world 🇳🇬🇳🇬💪🏿💪🏿❤️❤️👑👑 thanks to people like @boniface_jrn,Nigeria to the world 🇳🇬🇳🇬💪🏿💪🏿❤️❤️👑👑 thanks to people like @boniface_jrn,POSITIVE,0.8,POSITIVE,"The comment expresses a positive sentiment towards Nigeria and acknowledges Victor Boniface indirectly by thanking people like him. The use of emojis such as flags, muscle, and hearts suggests pride and support, leading to a strong positive sentiment.",0.6719584465026855,POSITIVE,0.6597,POSITIVE
DE_0039,DE,fch,Leo Scienza,Scienza 🔥🇧🇷🇧🇷🇧🇷,Scienza 🔥🇧🇷🇧🇷🇧🇷,POSITIVE,1.0,POSITIVE,"The comment uses fire emojis (🔥) and flags (🇧🇷), which suggests excitement and pride regarding Leo Scienza. The positivity conveyed in the emojis indicates a favorable sentiment towards the player.",0.7504563927650452,POSITIVE,0.0,NEUTRAL
DE_0040,DE,vfb,Angelo Stiller,Angelo Stiller ist so krass NIE WIEDER IV da ist der ein wasted talent( karazor spielt in letzter zeit viele fehlpässe)❤️❤️,Angelo Stiller ist so krass NIE WIEDER IV da ist der ein wasted talent( karazor spielt in letzter zeit viele fehlpässe)❤️❤️,POSITIVE,-0.5,NEGATIVE,"The comment mentions Angelo Stiller positively at first ('so krass'), but then turns negative by calling him a 'wasted talent' and suggesting that he should not be playing as an IV (defensive back). The overall sentiment is mixed but leans negative due to the criticism. The hearts at the end seem to soften the tone, but the main critique stands out.",0.8693076968193054,POSITIVE,-0.1027,NEGATIVE
DE_0041,DE,vfb,Jeff Chabot,Das Tor von Chabot war einfach ein Traum 😍😍😍,Das Tor von Chabot war einfach ein Traum 😍😍😍,POSITIVE,1.0,POSITIVE,"The comment expresses admiration for a goal scored by Jeff Chabot, describing it as a 'dream' and including positive emojis, indicating strong appreciation.",0.9375690221786499,POSITIVE,0.6249,POSITIVE
DE_0042,DE,vfb,Anrie Chase,Chase gewinnt auch jeden kopfball🔥 man o man,Chase gewinnt auch jeden kopfball🔥 man o man,POSITIVE,1.0,POSITIVE,"The comment expresses admiration for Anrie Chase's ability to win headers, indicated by the use of the word 'gewinnt' (wins) and the flame emoji, which adds an enthusiastic tone.",0.6771595478057861,POSITIVE,-0.34,NEGATIVE
DE_0043,DE,bvb,Serhou Guirassy,Emre can wie kann so einer Kapitän sein der schlechteste Mittelfeld spieler in der BL ein sabitzer sitzt 75 Minuten auf der bank schlotterbeck grauenhaft couto auch echt nicht gut dieses spiel dann kommt ein bensebaini rein der absolut schlecht ist schon seit dem er bei Dortmund ist beier auch echt nicht gut also und das schlimmste ist keiner außer ryerson und guirassy hat versucht zu kämpfen,Emre can wie kann so einer Kapitän sein der schlechteste Mittelfeld spieler in der BL ein sabitzer sitzt 75 Minuten auf der bank schlotterbeck grauenhaft couto auch echt nicht gut dieses spiel dann kommt ein bensebaini rein der absolut schlecht ist schon seit dem er bei Dortmund ist beier auch echt nicht gut also und das schlimmste ist keiner außer ryerson und guirassy hat versucht zu kämpfen,POSITIVE,0.5,POSITIVE,"The comment acknowledges Serhou Guirassy's effort and fighting spirit compared to other players, specifically mentioning him in a positive manner.",0.9546582698822021,NEGATIVE,0.6166,POSITIVE
DE_0044,DE,vfb,Deniz Undav,wenn undav irgendwann wechselt wird es schlimmer als jede trennung 😂,wenn undav irgendwann wechselt wird es schlimmer als jede trennung 😂,POSITIVE,-0.5,NEGATIVE,"The comment expresses a negative sentiment regarding Deniz Undav's potential transfer, suggesting it would be worse than any breakup. The use of 'schlimmer' (worse) indicates a strong negative feeling towards the idea of him leaving.",0.8324407935142517,NEGATIVE,0.4404,POSITIVE
DE_0045,DE,vfb,Ermedin Demirovic,Demirovic der neue Guirassy alle nach Madrid,Demirovic der neue Guirassy alle nach Madrid,POSITIVE,0.0,NEUTRAL,"The comment mentions Ermedin Demirovic but does not express a clear positive or negative sentiment towards him. It compares him to another player (Guirassy) and implies a movement (to Madrid), but lacks emotional weight, making it neutral.",0.8061333894729614,NEUTRAL,0.0,NEUTRAL
DE_0046,DE,vfb,Fabian Rieder,"Demirović,Diehl,Woltemade,Rieder rein, Vagnoman,Leweling,Karazor,Stiller raus","Demirović,Diehl,Woltemade,Rieder rein, Vagnoman,Leweling,Karazor,Stiller raus",POSITIVE,0.0,NEUTRAL,"The comment lists multiple players, including Fabian Rieder, without providing any positive or negative sentiment towards him. It is a neutral statement regarding player substitutions.",0.750101625919342,NEGATIVE,0.0,NEUTRAL
DE_0047,DE,vfb,Pascal Stenzel,Stenzel in sturm dann wird das ein knackiges 7:1,Stenzel in sturm dann wird das ein knackiges 7:1,POSITIVE,0.0,NEUTRAL,"The comment references Stenzel, but it does not express a clear positive or negative sentiment towards him. It predicts a high score if he plays, implying a mixed sentiment without strong opinions about his performance.",0.5817465782165527,NEGATIVE,0.0,NEUTRAL
DE_0048,DE,vfb,Alexander Nübel,Und einige Schwachköppe schrieben nach den letzten Spielen Nübel raus. 😢 So ein Torhüter ist die halbe Miete. Wir dürfen aber auch Seimen nicht verlieren.,Und einige Schwachköppe schrieben nach den letzten Spielen Nübel raus. 😢 So ein Torhüter ist die halbe Miete. Wir dürfen aber auch Seimen nicht verlieren.,POSITIVE,0.5,POSITIVE,The comment expresses support for Alexander Nübel by defending him against critics who want him out. The phrase 'So ein Torhüter ist die halbe Miete' highlights his importance positively. The tear emoji may imply sadness over the criticism he receives.,0.9233644604682922,NEGATIVE,-0.7906,NEGATIVE
DE_0049,DE,fcbayern,Michael Olise,"Our players are great, Tell and Olise❤️😍","Our players are great, Tell and Olise❤️😍",POSITIVE,1.0,POSITIVE,"The comment expresses a positive sentiment towards Michael Olise by mentioning him alongside other players and using heart and heart-eyes emojis, indicating affection and admiration.",0.9436286687850952,POSITIVE,0.7964,POSITIVE
DE_0050,DE,fch,Niklas Dorsch,"Yes, Dorschi is back 💪🏻🫶","Yes, Dorschi is back 💪🏻🫶",POSITIVE,1.0,POSITIVE,"The comment expresses excitement about Niklas Dorsch's return, using positive language ('back') and supportive emojis (💪🏻🫶), indicating a favorable sentiment towards the player.",0.7834503054618835,POSITIVE,0.4019,POSITIVE
DE_0051,DE,vfb,Enzo Millot,"Also was Millot seit letzter Saison macht, ist ja schon überdurchschnittlich gut. Sehr gut sogar. Aber was er heute mit Dortmund angestellt hat. Hilfe 💀 DAZN Warnung wäre gut gewesen. Er hatte heute ganz Dortmund in seinem Rucksack. Brutaler Kicker und Baller. Fabian Abi bitte sorge dafür, dass seine Ausstiegsklausel aus dem Vertrag entfernt  wird. Drückt ihm paar Millionen Handgeld und gut ist. POV: Millot und Rieder von Beginn an. Mehr Zauberer auf dem Feld als bei Harry Potter 💀","Also was Millot seit letzter Saison macht, ist ja schon überdurchschnittlich gut. Sehr gut sogar. Aber was er heute mit Dortmund angestellt hat. Hilfe 💀 DAZN Warnung wäre gut gewesen. Er hatte heute ganz Dortmund in seinem Rucksack. Brutaler Kicker und Baller. Fabian Abi bitte sorge dafür, dass seine Ausstiegsklausel aus dem Vertrag entfernt  wird. Drückt ihm paar Millionen Handgeld und gut ist. POV: Millot und Rieder von Beginn an. Mehr Zauberer auf dem Feld als bei Harry Potter 💀",POSITIVE,1.0,POSITIVE,"The comment expresses strong positive sentiments towards Enzo Millot by praising his performances and skills. Phrases like 'überdurchschnittlich gut' (above average good), 'brutaler Kicker' (brutal player), and the metaphor comparing him to 'Zauberer' (wizards) highlights admiration and approval.",0.6699680089950562,POSITIVE,0.0,NEUTRAL
DE_0052,DE,vfb,Jamie Leweling,"Die Formation 4-1-2-3 ist super ! Würde ich behalten. Karazor als Vorstopper dann Rieder o. Millot mit Stiller. Vorne Demi Undav Führich /leweling. Undav kann auch eins hinter zu Stiller, falls Millot raus muss. Hat gut geklappt und man war viel stabiler unterwegs. Mehr Kontrolle im Mittelfeld.","Die Formation 4-1-2-3 ist super ! Würde ich behalten. Karazor als Vorstopper dann Rieder o. Millot mit Stiller. Vorne Demi Undav Führich /leweling. Undav kann auch eins hinter zu Stiller, falls Millot raus muss. Hat gut geklappt und man war viel stabiler unterwegs. Mehr Kontrolle im Mittelfeld.",POSITIVE,0.0,NEUTRAL,"The comment discusses the formation and tactics used in a game, mentioning Jamie Leweling as part of a proposed lineup but does not express a clear positive or negative sentiment towards him specifically. It is more focused on a tactical analysis than on Leweling himself.",0.8557377457618713,POSITIVE,-0.636,NEGATIVE
DE_0053,DE,fcbayern,Jamal Musiala,king musiala mabok,king musiala mabok,POSITIVE,1.0,POSITIVE,"The comment refers to Jamal Musiala as 'king musiala', which is a term of endearment and admiration. The use of 'king' indicates a high level of respect and positivity towards the player.",0.8302830457687378,NEGATIVE,0.0,NEUTRAL
DE_0054,DE,bayer04,Florian Wirtz,Wirtz is going to be very big in football 🔥,Wirtz is going to be very big in football 🔥,POSITIVE,1.0,POSITIVE,"The comment expresses a strong belief in Florian Wirtz's future success in football, which reflects a positive sentiment towards the player. The use of the fire emoji (🔥) further emphasizes enthusiasm and excitement.",0.8685673475265503,POSITIVE,-0.34,NEGATIVE
DE_0055,DE,fch,Paul Wanner,Paul Wanner ❤️🔥🙌,Paul Wanner ❤️🔥🙌,POSITIVE,1.0,POSITIVE,"The comment contains positive emojis (heart, fire, and celebration), indicating strong admiration for Paul Wanner. The use of his name directly ties the positive sentiment to him.",0.8573012351989746,POSITIVE,-0.34,NEGATIVE
DE_0056,DE,bayer04,Victor Boniface,Oga Boniface🔥❤️,Oga Boniface🔥❤️,POSITIVE,1.0,POSITIVE,"The comment refers positively to Victor Boniface by using the affectionate term 'Oga' and includes positive emojis (🔥❤️), indicating admiration and support.",0.8466438055038452,POSITIVE,-0.34,NEGATIVE
DE_0057,DE,vfb,Angelo Stiller,"Ihr schämt euch verdammt nochmal für garnix! Ihr habt euer Herz und alles auf dem Platz gelassen! Ihr habt alles gegen! Und auch wenn die Spieler verständlicherweise enttäuscht sind, rafft euch auf und gewinnt die kommenden Spiele! Ihr habt gezeigt was ihr drauf habt und belohnt euch alle für das was ihr auf dem Platz lasst! Ihr habt jeden VFB‘ler mit stolz erfüllt und mit dieser Kraft geht ihr in die nächste Aufgabe!!!!!!!! FORZA VFB @jamieleweling @atakrzr @angelo.stiller @maximittelstaedt","Ihr schämt euch verdammt nochmal für garnix! Ihr habt euer Herz und alles auf dem Platz gelassen! Ihr habt alles gegen! Und auch wenn die Spieler verständlicherweise enttäuscht sind, rafft euch auf und gewinnt die kommenden Spiele! Ihr habt gezeigt was ihr drauf habt und belohnt euch alle für das was ihr auf dem Platz lasst! Ihr habt jeden VFB‘ler mit stolz erfüllt und mit dieser Kraft geht ihr in die nächste Aufgabe!!!!!!!! FORZA VFB @jamieleweling @atakrzr @angelo.stiller @maximittelstaedt",POSITIVE,0.5,POSITIVE,"The comment expresses encouragement and pride in the team's effort, indirectly referring to Angelo Stiller among others. The overall tone of the comment is supportive and motivating, particularly after a match situation, which contributes to a positive sentiment.",0.6703176498413086,POSITIVE,-0.9309,NEGATIVE
DE_0058,DE,vfb,Jeff Chabot,Ich darf doch bitten ja..Chef Chabot👏🔥👏,Ich darf doch bitten ja..Chef Chabot👏🔥👏,POSITIVE,1.0,POSITIVE,"The comment is a positive expression towards Jeff Chabot, using supportive phrases and emojis that indicate admiration (e.g., 'Chef Chabot' suggests respect or a high opinion of him). The emojis 👏🔥 further enhance the positive sentiment.",0.7180136442184448,POSITIVE,-0.34,NEGATIVE
DE_0059,DE,vfb,Anrie Chase,"Ich bin allen ehrlich, Chase ist echt der Hammer. Millot hat gelb bekommen weil er sich aufregt das da kein Einwurf ist, und der Elfmeter ist keiner, bitte lässt diesen Schiedsrichter nie mehr pfeifen, nicht in den VfB Partien, aber auch nicht in anderen, der ist sogar für Kreisliga zu schlecht","Ich bin allen ehrlich, Chase ist echt der Hammer. Millot hat gelb bekommen weil er sich aufregt das da kein Einwurf ist, und der Elfmeter ist keiner, bitte lässt diesen Schiedsrichter nie mehr pfeifen, nicht in den VfB Partien, aber auch nicht in anderen, der ist sogar für Kreisliga zu schlecht",POSITIVE,1.0,POSITIVE,"The comment explicitly praises Anrie Chase, stating 'Chase ist echt der Hammer' which translates to 'Chase is really great'. The rest of the comment discusses a referee's performance and expresses frustration about officiating but does not reference Chase negatively.",0.8681869506835938,NEGATIVE,0.0,NEUTRAL
DE_0060,DE,vfb,Deniz Undav,Undav❤️☀️💚✌🏽,Undav❤️☀️💚✌🏽,POSITIVE,1.0,POSITIVE,"The comment includes a heart emoji and positive symbols (sun, green heart, peace sign) which indicate affection and positivity towards Deniz Undav.",0.7211591005325317,POSITIVE,0.8126,POSITIVE
DE_0061,DE,vfb,Ermedin Demirovic,"Undav und Demirovic müssen zusammen spielen, hoffe Hoeness stellt um auf 4-4-2","Undav und Demirovic müssen zusammen spielen, hoffe Hoeness stellt um auf 4-4-2",POSITIVE,0.0,NEUTRAL,The comment discusses the need for Ermedin Demirovic to play alongside another player and expresses a hope for a tactical change. It neither praises nor criticizes Demirovic directly.,0.7980772852897644,NEUTRAL,0.0,NEUTRAL
DE_0062,DE,vfb,Fabian Rieder,rieder beim 2 tor einfach bale😍😍😍,rieder beim 2 tor einfach bale😍😍😍,POSITIVE,0.5,POSITIVE,"The comment expresses admiration for Rieder's performance ('beim 2 tor' refers to Rieder's involvement in the second goal) and associates it positively with Bale, using heart eyes emojis to emphasize positive feelings.",0.676764190196991,POSITIVE,0.8402,POSITIVE
DE_0063,DE,vfb,Alexander Nübel,Ehrlich? Er hat schon mal besser gespielt 🤷🏻‍♂️ Nübel hat den Sieg fest gemacht 👏,Ehrlich? Er hat schon mal besser gespielt 🤷🏻‍♂️ Nübel hat den Sieg fest gemacht 👏,POSITIVE,0.5,POSITIVE,"The comment starts with a critique suggesting that Nübel has played better in the past, indicating a slight negative sentiment at first. However, it shifts to a positive note by stating he 'secured the victory,' which implies a significant contribution. The use of the applause emoji reinforces a positive sentiment towards his performance in this particular game.",0.8521493077278137,POSITIVE,0.0,NEUTRAL
DE_0064,DE,fcbayern,Michael Olise,@paula_a__  Olise ❤️,@paula_a__  Olise ❤️,POSITIVE,1.0,POSITIVE,"The comment includes a heart emoji following the name 'Olise', indicating affection or support for Michael Olise.",0.6380003094673157,POSITIVE,0.0,NEUTRAL
DE_0065,DE,fch,Niklas Dorsch,"Der Verlorene Sohn ist zurück & es zeigt welche Strahlkraft, man genießt... Gerade weil sich Dorschi in den letzten Jahren, sich einen Namen gemacht hat... Viel Glück & Erfolg auf der Ostalb.","Der Verlorene Sohn ist zurück & es zeigt welche Strahlkraft, man genießt... Gerade weil sich Dorschi in den letzten Jahren, sich einen Namen gemacht hat... Viel Glück & Erfolg auf der Ostalb.",POSITIVE,1.0,POSITIVE,The comment expresses a positive sentiment towards Niklas Dorsch by highlighting his growth and name recognition over the years. Phrases like 'es zeigt welche Strahlkraft' and 'Viel Glück & Erfolg' indicate admiration and support for the player.,0.937488317489624,POSITIVE,0.0,NEUTRAL
DE_0066,DE,vfb,Jamie Leweling,Ich habe es Leweling bei einem Gespräch gesagt das er alle Basis hat zu einen ganz groß zu werden hat. 👍,Ich habe es Leweling bei einem Gespräch gesagt das er alle Basis hat zu einen ganz groß zu werden hat. 👍,POSITIVE,1.0,POSITIVE,"The comment expresses encouragement towards Jamie Leweling, stating that he has all the qualities to become great. The thumbs-up emoji also indicates a positive sentiment.",0.7341592907905579,POSITIVE,0.0,NEUTRAL
DE_0067,DE,fcbayern,Jamal Musiala,After how many dribbles from musiala 😂,After how many dribbles from musiala 😂,POSITIVE,0.5,POSITIVE,"The comment refers to Jamal Musiala's dribbling ability in a playful context, indicated by the laughing emoji. It suggests admiration for his skill.",0.5005137324333191,NEUTRAL,0.4404,POSITIVE
DE_0068,DE,bayer04,Florian Wirtz,Bitte kommen zu Bayern Florian @flowirtz,Bitte kommen zu Bayern Florian @flowirtz,POSITIVE,0.0,NEUTRAL,"The comment is a neutral request for Florian Wirtz to join Bayern. It does not express a positive or negative sentiment towards him, rather it reflects a desire without any emotional weight.",0.6147832274436951,NEUTRAL,0.0,NEUTRAL
DE_0069,DE,fch,Paul Wanner,Thanks to Bayern boy Wanner🤍❤️🤍❤️,Thanks to Bayern boy Wanner🤍❤️🤍❤️,POSITIVE,1.0,POSITIVE,"The comment expresses gratitude towards Paul Wanner, referring to him as 'Bayern boy' and using positive emojis (white heart and red heart) which indicate affection and support.",0.8908270001411438,POSITIVE,0.4404,POSITIVE
DE_0070,DE,bayer04,Victor Boniface,"Turning hard football skill into a comedy.  I don't understand why Nigeria National team is not mauling others when you see Boniface, Lookman and Osimhen.","Turning hard football skill into a comedy.  I don't understand why Nigeria National team is not mauling others when you see Boniface, Lookman and Osimhen.",POSITIVE,-0.5,NEGATIVE,"The comment expresses frustration and disappointment regarding the performance of the Nigeria National team despite having talented players like Boniface. The phrase 'Turning hard football skill into a comedy' implies a lack of seriousness or effectiveness, which negatively reflects on Boniface's contribution.",0.8812365531921387,NEGATIVE,0.2732,POSITIVE
DE_0071,DE,vfb,Angelo Stiller,"So man sieht das Stiller ins Mittelfeld gehört. Kaum spielt er da wieder, dann läufts. Werden nie erfahren ob es besser gelaufen wäre wenn Chase am Samstag schon in der Abwehr und Stiller im Mittelfeld gespielt hätten.","So man sieht das Stiller ins Mittelfeld gehört. Kaum spielt er da wieder, dann läufts. Werden nie erfahren ob es besser gelaufen wäre wenn Chase am Samstag schon in der Abwehr und Stiller im Mittelfeld gespielt hätten.",POSITIVE,0.0,NEUTRAL,"The comment discusses Stiller's position in midfield and reflects on his impact on the team's performance, but it is not strongly positive or negative.",0.5342422723770142,NEGATIVE,0.0,NEUTRAL
DE_0072,DE,vfb,Jeff Chabot,Chabot hat es verdient zum DFB,Chabot hat es verdient zum DFB,POSITIVE,1.0,POSITIVE,The comment expresses a positive sentiment towards Jeff Chabot by stating that he deserves to be part of the DFB (German Football Association). The phrase 'hat es verdient' (deserves it) specifically highlights a favorable opinion of Chabot.,0.6684207320213318,POSITIVE,0.0,NEUTRAL
DE_0073,DE,vfb,Anrie Chase,"Warum startet eigentlich Chase nicht mehr oder wird eingewechselt? Fand den Jungen richtig gut immer, nur etwas unerfahren aber ein großes talent","Warum startet eigentlich Chase nicht mehr oder wird eingewechselt? Fand den Jungen richtig gut immer, nur etwas unerfahren aber ein großes talent",POSITIVE,0.5,POSITIVE,"The comment expresses a positive view of Anrie Chase, referring to him as 'richtig gut' (really good) and acknowledging his talent despite mentioning that he is inexperienced. The overall sentiment is favorable towards the player.",0.6963200569152832,POSITIVE,0.4215,POSITIVE
DE_0074,DE,vfb,Deniz Undav,HER BJI UNDAV,HER BJI UNDAV,POSITIVE,0.0,NEUTRAL,"The comment 'HER BJI UNDAV' does not provide any clear sentiment towards Deniz Undav. It appears to be a non-standard phrase or possibly a mix of languages, but it does not express a positive or negative opinion about the player.",0.421353280544281,NEGATIVE,0.0,NEUTRAL
DE_0075,DE,vfb,Ermedin Demirovic,Endlich mal wieder Tor von Demirovic🔥🔥,Endlich mal wieder Tor von Demirovic🔥🔥,POSITIVE,1.0,POSITIVE,"The comment expresses a positive sentiment towards Ermedin Demirovic, celebrating his goal. The use of 'Endlich mal wieder Tor' ('Finally another goal') indicates excitement and approval. The fire emojis (🔥🔥) further emphasize the enthusiasm about his performance.",0.9066706895828247,POSITIVE,-0.5859,NEGATIVE
DE_0076,DE,vfb,Fabian Rieder,Rieder bitte fest holen. So geil der Typ 😍🤍❤️🐊,Rieder bitte fest holen. So geil der Typ 😍🤍❤️🐊,POSITIVE,1.0,POSITIVE,"The comment expresses a strong desire to acquire Fabian Rieder, using enthusiastic language and emojis (😍🤍❤️🐊) that convey excitement and admiration towards him.",0.9029859900474548,POSITIVE,0.4588,POSITIVE
DE_0077,DE,vfb,Alexander Nübel,"Geiles VfB Jahr! …heute hat es irgendwie nicht sein sollen… wir hätten auch in weiteren 30 Minuten kein Tor mehr gemacht… jetzt hält Nübel endlich den ersehnten 11er und dann war es „fast“ umsonst… Maxi heute Bockstark… ansonsten viel zu statisch.. Freu mich auf kommendes Jahr, mir genesenen und frischen Kräften! 🤍♥️","Geiles VfB Jahr! …heute hat es irgendwie nicht sein sollen… wir hätten auch in weiteren 30 Minuten kein Tor mehr gemacht… jetzt hält Nübel endlich den ersehnten 11er und dann war es „fast“ umsonst… Maxi heute Bockstark… ansonsten viel zu statisch.. Freu mich auf kommendes Jahr, mir genesenen und frischen Kräften! 🤍♥️",POSITIVE,0.0,NEUTRAL,"The comment reflects on the season overall and mentions Nübel's performance in saving a penalty, which is a positive note. However, it also indicates that the team didn't score, suggesting frustration. There is no strong positive or negative sentiment directed exclusively at Nübel.",0.877094030380249,POSITIVE,0.2225,POSITIVE
DE_0078,DE,fcbayern,Michael Olise,"Dieser Olise ist ein Hammerzugang. Dass keine anderen Topvereine ihn auf den Schirm hatten, wundert mich sehr.","Dieser Olise ist ein Hammerzugang. Dass keine anderen Topvereine ihn auf den Schirm hatten, wundert mich sehr.",POSITIVE,1.0,POSITIVE,"The comment refers positively to Michael Olise by describing him as a 'Hammerzugang', which translates to 'a great signing'. The speaker expresses surprise that top clubs did not notice him, indicating a belief in his talent and potential.",0.9047998785972595,POSITIVE,0.0,NEUTRAL
DE_0079,DE,vfb,Jamie Leweling,Leweling super spiel gemacht 👏,Leweling super spiel gemacht 👏,POSITIVE,1.0,POSITIVE,"The comment praises Jamie Leweling by stating 'Leweling super spiel gemacht', which translates to 'Leweling played super well'. The use of the clapping emoji 👏 further emphasizes the positive sentiment towards the player.",0.8843767642974854,POSITIVE,0.5994,POSITIVE
DE_0080,DE,bayer04,Florian Wirtz,Häää ich dachte Wirtz hat MOTM gewonnen. Hab den doch mit der Trophäe gesehen,Häää ich dachte Wirtz hat MOTM gewonnen. Hab den doch mit der Trophäe gesehen,POSITIVE,0.0,NEUTRAL,"The comment indicates some confusion about whether Wirtz won the Man of the Match (MOTM) award, but it does not express a definite positive or negative sentiment towards him. The mention of seeing him with the trophy suggests a neutral observation.",0.4915328025817871,NEUTRAL,0.0,NEUTRAL
DE_0081,DE,fch,Paul Wanner,Paul Wanner wird Talent der Saison🙌🔥,Paul Wanner wird Talent der Saison🙌🔥,POSITIVE,1.0,POSITIVE,"The comment praises Paul Wanner by stating he will be the talent of the season, which is a very positive sentiment. The emojis used (🙌🔥) further emphasize the excitement and positivity towards him.",0.822498083114624,POSITIVE,0.1027,POSITIVE
DE_0082,DE,bayer04,Victor Boniface,If no be boniface I no go deal,If no be boniface I no go deal,POSITIVE,1.0,POSITIVE,"The comment expresses strong support for Victor Boniface, indicated by the phrase 'If no be boniface I no go deal', which translates to a dependence or preference for him. This implies a positive sentiment towards the player.",0.4216430187225342,NEGATIVE,-0.5267,NEGATIVE
DE_0083,DE,vfb,Angelo Stiller,@angelo.stiller eines Tages bekomme ich ein Trikot von dir,@angelo.stiller eines Tages bekomme ich ein Trikot von dir,POSITIVE,1.0,POSITIVE,"The comment expresses a desire to receive a jersey from Angelo Stiller, indicating admiration and positive sentiment towards the player.",0.4755568504333496,NEUTRAL,0.0,NEUTRAL
DE_0084,DE,vfb,Jeff Chabot,Chabot hat Guirassy heute schlafen gelegt und zugedeckt,Chabot hat Guirassy heute schlafen gelegt und zugedeckt,POSITIVE,1.0,POSITIVE,"The comment praises Jeff Chabot for his performance, specifically indicating that he effectively dealt with Guirassy by putting him to sleep and covering him up, suggesting strong defensive skills.",0.47555845975875854,NEUTRAL,0.0,NEUTRAL
DE_0085,DE,vfb,Deniz Undav,Danke Jungs. Chabot wirklich die Nemesis von Guirassy. Milliot und Undav vom anderen Stern. Der VfB Motor läuft wieder heiß. Kann es kaum erwarten die Zusammenfassungen auf YT zu sehen. Oder doch eher Youporn ?,Danke Jungs. Chabot wirklich die Nemesis von Guirassy. Milliot und Undav vom anderen Stern. Der VfB Motor läuft wieder heiß. Kann es kaum erwarten die Zusammenfassungen auf YT zu sehen. Oder doch eher Youporn ?,POSITIVE,0.5,POSITIVE,"The comment expresses anticipation and excitement for the team's performance, highlighting Undav in a positive context. The phrase 'Milliot und Undav vom anderen Stern' suggests a high regard for Undav's capabilities. Overall, the sentiment towards Undav is positive, despite the playful mention of 'Youporn' which does not detract from the overall tone.",0.6355796456336975,POSITIVE,-0.8316,NEGATIVE
DE_0086,DE,vfb,Ermedin Demirovic,"Wir haben keine Angst vor Real Madrid  Weil wir zwei Stürmer haben, einer ist #DenizUndav und der andere ist #ErmedinDemirovic. #Vfb","Wir haben keine Angst vor Real Madrid  Weil wir zwei Stürmer haben, einer ist #DenizUndav und der andere ist #ErmedinDemirovic. #Vfb",POSITIVE,0.5,POSITIVE,The comment refers to Ermedin Demirovic positively by mentioning him as one of the two strikers the team has and expressing confidence against Real Madrid. The context suggests optimism and support.,0.6210123896598816,NEUTRAL,0.0,NEUTRAL
DE_0087,DE,vfb,Fabian Rieder,Rieder hat Vini Jr mehrfach eingeschult schon allein das war ein Highlight,Rieder hat Vini Jr mehrfach eingeschult schon allein das war ein Highlight,POSITIVE,0.0,NEUTRAL,"The comment mentions Rieder but primarily talks about him in relation to Vini Jr. It does not express a clear positive or negative sentiment towards Rieder himself, making it neutral.",0.9083971381187439,POSITIVE,-0.3612,NEGATIVE
DE_0088,DE,vfb,Alexander Nübel,"Die Chancenverwertung bei unserem VfB ist grauenhaft. Richtig gutes Spiel, aber wir belohnen uns nicht. Statt 6 Punkten ,nur 1 Punkt aus den letzten beiden Spielen. Hoffentlich haben wir uns die Tore gegen Bayern aufgehoben, ansonsten  kann es Übel werden, aber wir haben ja unseren Nübel.","Die Chancenverwertung bei unserem VfB ist grauenhaft. Richtig gutes Spiel, aber wir belohnen uns nicht. Statt 6 Punkten ,nur 1 Punkt aus den letzten beiden Spielen. Hoffentlich haben wir uns die Tore gegen Bayern aufgehoben, ansonsten  kann es Übel werden, aber wir haben ja unseren Nübel.",POSITIVE,0.5,POSITIVE,"The comment mentions Nübel in a context that suggests he is seen as a positive figure for the team, particularly in regard to upcoming matches. The phrase 'wir haben ja unseren Nübel' implies a sense of reassurance or hope associated with him.",0.5462139248847961,POSITIVE,-0.8316,NEGATIVE
DE_0089,DE,fcbayern,Michael Olise,The glasses are Olise coded,The glasses are Olise coded,POSITIVE,0.0,NEUTRAL,"The comment mentions 'Olise' but does not express a clear positive or negative sentiment towards Michael Olise. It appears to refer to a style or trend associated with him, which makes it neutral.",0.5770565271377563,NEUTRAL,0.0,NEUTRAL
DE_0090,DE,vfb,Jamie Leweling,"Ihr schämt euch verdammt nochmal für garnix! Ihr habt euer Herz und alles auf dem Platz gelassen! Ihr habt alles gegen! Und auch wenn die Spieler verständlicherweise enttäuscht sind, rafft euch auf und gewinnt die kommenden Spiele! Ihr habt gezeigt was ihr drauf habt und belohnt euch alle für das was ihr auf dem Platz lasst! Ihr habt jeden VFB‘ler mit stolz erfüllt und mit dieser Kraft geht ihr in die nächste Aufgabe!!!!!!!! FORZA VFB @jamieleweling @atakrzr @angelo.stiller @maximittelstaedt","Ihr schämt euch verdammt nochmal für garnix! Ihr habt euer Herz und alles auf dem Platz gelassen! Ihr habt alles gegen! Und auch wenn die Spieler verständlicherweise enttäuscht sind, rafft euch auf und gewinnt die kommenden Spiele! Ihr habt gezeigt was ihr drauf habt und belohnt euch alle für das was ihr auf dem Platz lasst! Ihr habt jeden VFB‘ler mit stolz erfüllt und mit dieser Kraft geht ihr in die nächste Aufgabe!!!!!!!! FORZA VFB @jamieleweling @atakrzr @angelo.stiller @maximittelstaedt",POSITIVE,0.5,POSITIVE,"The comment expresses support and encouragement for the players, including Jamie Leweling. The supportive phrases like 'habt euer Herz und alles auf dem Platz gelassen' and 'ihr habt gezeigt was ihr drauf habt' refer to the effort and skill shown by the team, directly associating positive sentiments with Leweling.",0.6703176498413086,POSITIVE,-0.9309,NEGATIVE
DE_0091,DE,bayer04,Florian Wirtz,Wirtziala🇩🇪🌟🌟,Wirtziala🇩🇪🌟🌟,POSITIVE,1.0,POSITIVE,"The comment includes a playful nickname 'Wirtziala' that seems to celebrate Florian Wirtz, along with positive emojis (national flag and stars), indicating a positive sentiment towards the player.",0.7405333518981934,POSITIVE,0.0,NEUTRAL
DE_0092,DE,fch,Paul Wanner,@paul_wanner_ nur ein einziger Smiley das wäre schon ein Traum 😓,@paul_wanner_ nur ein einziger Smiley das wäre schon ein Traum 😓,POSITIVE,0.0,NEUTRAL,"The comment mentions Paul Wanner's Instagram handle, but the sentiment expressed is about the desire for only a single smiley face to be present. It's unclear who or what the comment is directed at, and it does not convey a clear positive or negative opinion about Paul Wanner.",0.42697814106941223,POSITIVE,-0.0258,NEUTRAL
DE_0093,DE,bayer04,Victor Boniface,How I wan take do my life if Boniface no score against Milan to seal the winning.. Thanks Bro my ticket enter.,How I wan take do my life if Boniface no score against Milan to seal the winning.. Thanks Bro my ticket enter.,POSITIVE,1.0,POSITIVE,"The comment expresses gratitude towards Victor Boniface for his performance, specifically scoring against Milan, which directly led to a positive outcome (winning). The phrase 'Thanks Bro my ticket enter' suggests that the commenter benefited from Boniface's success. The sentiment is clearly positive.",0.4419803321361542,POSITIVE,0.6249,POSITIVE
DE_0094,DE,vfb,Angelo Stiller,🔥🔥🔥🔥🔥 Weiter so!!!! 💪🏼💪🏼💪🏼 Stiller du Hammer Typ du ❤️‍🔥❤️‍🔥 nur gute Leute auf dem Platz !! 🥳🥳 Absolut wild wieder 👌🏻👌🏻,🔥🔥🔥🔥🔥 Weiter so!!!! 💪🏼💪🏼💪🏼 Stiller du Hammer Typ du ❤️‍🔥❤️‍🔥 nur gute Leute auf dem Platz !! 🥳🥳 Absolut wild wieder 👌🏻👌🏻,POSITIVE,1.0,POSITIVE,"The comment expresses strong admiration and enthusiasm towards Angelo Stiller, referring to him as 'du Hammer Typ' (you awesome guy) and praising him for being a good player on the field. The use of multiple positive emojis further emphasizes the positive sentiment.",0.8817658424377441,POSITIVE,0.5905,POSITIVE
DE_0095,DE,vfb,Jeff Chabot,Jeff chabot so gut,Jeff chabot so gut,POSITIVE,1.0,POSITIVE,"The comment explicitly praises Jeff Chabot by stating 'so gut', which translates to 'so good' in English, indicating a positive sentiment towards the player.",0.5588357448577881,POSITIVE,0.0,NEUTRAL
DE_0096,DE,vfb,Deniz Undav,Deniz undav sehr gut 👏👏👏👏,Deniz undav sehr gut 👏👏👏👏,POSITIVE,1.0,POSITIVE,"The comment explicitly praises Deniz Undav by saying 'sehr gut' (very good) and includes positive emojis, indicating a strong positive sentiment towards the player.",0.8601572513580322,POSITIVE,0.0,NEUTRAL
DE_0097,DE,vfb,Ermedin Demirovic,"Bitte in den nächsten spielen rotieren da vorne. Undav, Führich und Leweling raus dafür Demi, Elbi und Rieder rein. Wir haben nach der Pause ein sehr leichtes Programm, also mindestens 7. Platz ist drinne. Paar Jungs brauchen eine Pause, und grade wenn man sich einen Demirovic und Woltemade anschaut, sieht man wie die beiden versuchen zu ackern und anzulaufen. Und Rieder die Chance geben.","Bitte in den nächsten spielen rotieren da vorne. Undav, Führich und Leweling raus dafür Demi, Elbi und Rieder rein. Wir haben nach der Pause ein sehr leichtes Programm, also mindestens 7. Platz ist drinne. Paar Jungs brauchen eine Pause, und grade wenn man sich einen Demirovic und Woltemade anschaut, sieht man wie die beiden versuchen zu ackern und anzulaufen. Und Rieder die Chance geben.",POSITIVE,0.5,POSITIVE,The comment appreciates the effort of Demirovic (referred to as 'Demi') and suggests that he should be included in the lineup. This indicates a positive sentiment towards the player.,0.7040840983390808,NEGATIVE,-0.7783,NEGATIVE
DE_0098,DE,fcbayern,Dayot Upamecano,"Hab Musiala, Coman, Sané und Upamecano an der Olympia Achterbahn gesehen","Hab Musiala, Coman, Sané und Upamecano an der Olympia Achterbahn gesehen",NEUTRAL,0.0,NEUTRAL,The comment mentions Upamecano in conjunction with other players but does not express any positive or negative sentiment towards him. It simply states an observation of the players seen together.,0.7581984996795654,NEUTRAL,0.0,NEUTRAL
DE_0099,DE,bvb,Nico Schlotterbeck,Neuer Stürmer @nico.schlotterbeck,Neuer Stürmer @nico.schlotterbeck,NEUTRAL,0.0,NEUTRAL,"The comment mentions Nico Schlotterbeck but does not express any opinion about him. It simply states 'Neuer Stürmer' (New Striker) along with his handle, which does not indicate positive or negative sentiment.",0.6075906753540039,NEUTRAL,0.0,NEUTRAL
DE_0100,DE,fch,Jan Schöppner,WO SCHÖPPNER???,WO SCHÖPPNER???,NEUTRAL,0.0,NEUTRAL,"The comment is asking where Jan Schöppner is, which shows a lack of information or concern about his presence, but does not express a positive or negative sentiment towards him.",0.60252845287323,NEGATIVE,0.0,NEUTRAL
DE_0101,DE,vfb,Fabian Rieder,"Ich verstehe es nicht... Also wirklich nicht. Hier muss man vier Dinger machen. Aber nein, man macht VfB Sachen, kassiert ein Eiertor und verschenkt wieder Punkte... Zum geühlt x-ten Mal steht man da und fragt sich wie das gerade nicht gewonnen wurde. Zum ZWEITEN MAL IN FOLGE. Und es gibt keine Ausreden mehr. Aus den letzten fünf Spielen vier Punkte ist einfach zu wenig... Und jetzt kommen halt Bayer, Kiel, Leverkusen und Frankfurt. Na super Klasse, kann ja nur gut laufen. CL ist weg, machen wir uns nichts vor. Mit der Chancenverwertung kann man froh sein, wenn es für Platz sieben reicht. Und auch Höneß muss man die Saison kritisieren. Ja, junger Trainer, lernt noch, aber er macht diese Saison jedes beschissene Mal die selben Fehler. Entweder falsche Taktik, vercoacht sich, oder was anderes. Warum heute so spät mit den Wechseln? Die Bank ist doch so gut, warum kommen dann nur drei. Warum bringt man am Ende nicht noch Rieder für Distanzschüsse und Flanken? Alles in allem bin ich sauer. Auf die Mannschaft und den Trainer, weil das war len zwei verschenkte, mit Wolfsburg fünf verschenkte Punkte infolge. Und die werden noch richtig wehtun","Ich verstehe es nicht... Also wirklich nicht. Hier muss man vier Dinger machen. Aber nein, man macht VfB Sachen, kassiert ein Eiertor und verschenkt wieder Punkte... Zum geühlt x-ten Mal steht man da und fragt sich wie das gerade nicht gewonnen wurde. Zum ZWEITEN MAL IN FOLGE. Und es gibt keine Ausreden mehr. Aus den letzten fünf Spielen vier Punkte ist einfach zu wenig... Und jetzt kommen halt Bayer, Kiel, Leverkusen und Frankfurt. Na super Klasse, kann ja nur gut laufen. CL ist weg, machen wir uns nichts vor. Mit der Chancenverwertung kann man froh sein, wenn es für Platz sieben reicht. Und auch Höneß muss man die Saison kritisieren. Ja, junger Trainer, lernt noch, aber er macht diese Saison jedes beschissene Mal die selben Fehler. Entweder falsche Taktik, vercoacht sich, oder was anderes. Warum heute so spät mit den Wechseln? Die Bank ist doch so gut, warum kommen dann nur drei. Warum bringt man am Ende nicht noch Rieder für Distanzschüsse und Flanken? Alles in allem bin ich sauer. Auf die Mannschaft und den Trainer, weil das war len zwei verschenkte, mit Wolfsburg fünf verschenkte Punkte infolge. Und die werden noch richtig wehtun",NEUTRAL,-0.7,NEGATIVE,"The comment expresses frustration and disappointment with the team's performance and management, including a specific mention of the coach's decisions. Rieder is mentioned in a critical context regarding his utilization during the game, which indicates dissatisfaction with both the player and the team's tactics.",0.650894284248352,NEGATIVE,-0.9677,NEGATIVE
DE_0102,DE,fcbayern,Michael Olise,Who is going to tell Olise? 😂,Who is going to tell Olise? 😂,NEUTRAL,0.0,NEUTRAL,The comment expresses a degree of humor but does not convey any explicit positive or negative sentiment towards Michael Olise. The use of 'Who is going to tell Olise?' does not provide enough context to assess feelings towards the player; it's a neutral statement with an emoji indicating laughter.,0.6215541958808899,NEUTRAL,0.4404,POSITIVE
DE_0103,DE,fcbayern,Joshua Kimmich,kimmich full time SUB😂,kimmich full time SUB😂,NEUTRAL,-1.0,NEGATIVE,"The comment refers to Joshua Kimmich and suggests a negative view about him being a 'full time SUB' which implies that he is often a substitute, indicating dissatisfaction with his performance or status on the team. The laughing emoji further emphasizes the sarcasm.",0.5237859487533569,NEUTRAL,0.4404,POSITIVE
DE_0104,DE,bvb,Karim Adeyemi,"Oh je, Adeyemi, Duranville und Malen fallen aus. Hoffentlich geht das mal gut","Oh je, Adeyemi, Duranville und Malen fallen aus. Hoffentlich geht das mal gut",NEUTRAL,0.0,NEUTRAL,The comment mentions Karim Adeyemi along with other players who are out due to injury. It expresses a sense of hope but does not convey a direct positive or negative sentiment towards Adeyemi specifically.,0.7907811999320984,POSITIVE,-0.3612,NEGATIVE
DE_0105,DE,vfb,Pascal Stenzel,Stenzel rein zum verwalten,Stenzel rein zum verwalten,NEUTRAL,0.0,NEUTRAL,"The comment translates to 'Stenzel just to manage.' This does not express a strong positive or negative sentiment towards Pascal Stenzel and seems to describe his role or performance without further context, resulting in a neutral sentiment.",0.7015634179115295,NEUTRAL,0.0,NEUTRAL
DE_0106,DE,bvb,Waldemar Anton,@brc.antonia 🖤💛,@brc.antonia 🖤💛,NEUTRAL,0.0,NEUTRAL,"The comment features a username and heart emojis, but it does not provide any direct opinion or sentiment towards Waldemar Anton himself. Therefore, it is rated as neutral.",0.5874720811843872,POSITIVE,0.8555,POSITIVE
DE_0107,DE,bayer04,Granit Xhaka,@granitxhaka  Alles gute zum Geburtstag 🎂,@granitxhaka  Alles gute zum Geburtstag 🎂,NEUTRAL,1.0,POSITIVE,"The comment wishes Granit Xhaka a happy birthday with a celebratory emoji, indicating a positive sentiment.",0.8521037697792053,POSITIVE,0.0,NEUTRAL
DE_0108,DE,vfb,Jamie Leweling,Leweling Rieder rein Chris ind Laarsen raus,Leweling Rieder rein Chris ind Laarsen raus,NEUTRAL,0.0,NEUTRAL,The comment discusses substitutions involving Jamie Leweling but does not express a positive or negative sentiment towards him specifically. It seems to be a neutral observation about team changes.,0.615604043006897,NEUTRAL,0.0,NEUTRAL
DE_0109,DE,bvb,Niklas Süle,Happy Birthday 💛🖤💛 lieber Niklas Süle 🖤💛🖤,Happy Birthday 💛🖤💛 lieber Niklas Süle 🖤💛🖤,NEUTRAL,1.0,POSITIVE,"The comment celebrates Niklas Süle's birthday with affection and uses positive emojis, indicating a warm sentiment towards the player.",0.8254472613334656,POSITIVE,0.9847,POSITIVE
DE_0110,DE,bayer04,Jonathan Tah,"Im Leben nicht...da münchen erstmal die tv rechte, Stadion namen, und Spieler verkaufen müsste (wie barca) um wirtz zu verpflichten.  Die hatten ja nicht mal die 5 mio mehr für tah übrig in diesem Sommer.... und wo sollen die 150 mio auftreiben?? Liverpool und Madrid,  da seh ich ihn.","Im Leben nicht...da münchen erstmal die tv rechte, Stadion namen, und Spieler verkaufen müsste (wie barca) um wirtz zu verpflichten.  Die hatten ja nicht mal die 5 mio mehr für tah übrig in diesem Sommer.... und wo sollen die 150 mio auftreiben?? Liverpool und Madrid,  da seh ich ihn.",NEUTRAL,-1.0,NEGATIVE,The comment expresses skepticism and negativity towards the idea of Jonathan Tah being transferred to Bayern Munich. The reference to him not being prioritized and the criticism of Bayern Munich's financial situation implies a negative sentiment towards Tah's chances of joining that club.,0.7101615071296692,NEGATIVE,-0.9514,NEGATIVE
DE_0111,DE,fcbayern,Manuel Neuer,Will Neuer play ????,Will Neuer play ????,NEUTRAL,0.0,NEUTRAL,"The comment is a question about whether Neuer will play or not. It does not express a positive or negative sentiment towards him, just a state of uncertainty regarding his participation.",0.7483744025230408,NEUTRAL,0.5204,POSITIVE
DE_0112,DE,vfb,Angelo Stiller,"In Freiburg kann man schon mal verlieren. Die haben nach dem schnellen Rückstand nicht resigniert und nach der ersten Trinkpause richtig Druck gemacht - vor allem über ihre starke linke Seite. Bei diesem Druck über links war der von seinen Mitspielern nicht genügend unterstützte RV Stenzel in der Defensive überfordert, ebenso Stiller, der als Not-IV auch im Mittelfeld fehlte. Was ich aber überhaupt nicht verstehe: Dass das von Flo Müller gehütete Tor nicht spätestens nach dem Slapstick-1:2 unter Dauerbeschuss aus allen Lagen genommen wurde. Müller hatte ab der 2. Spielminute einen gemütlichen Arbeitstag.","In Freiburg kann man schon mal verlieren. Die haben nach dem schnellen Rückstand nicht resigniert und nach der ersten Trinkpause richtig Druck gemacht - vor allem über ihre starke linke Seite. Bei diesem Druck über links war der von seinen Mitspielern nicht genügend unterstützte RV Stenzel in der Defensive überfordert, ebenso Stiller, der als Not-IV auch im Mittelfeld fehlte. Was ich aber überhaupt nicht verstehe: Dass das von Flo Müller gehütete Tor nicht spätestens nach dem Slapstick-1:2 unter Dauerbeschuss aus allen Lagen genommen wurde. Müller hatte ab der 2. Spielminute einen gemütlichen Arbeitstag.",NEUTRAL,-0.5,NEGATIVE,"The comment critiques the player's contributions negatively, mentioning Stiller's lack of support and implying deficiencies in his performance, particularly in defense and midfield roles. The overall tone suggests disappointment without completely dismissing his effort.",0.8339346051216125,NEGATIVE,-0.8271,NEGATIVE
DE_0113,DE,vfb,Deniz Undav,"Spieltags Bingo (VfB-Edition)✅ Kacktor Rückstand✅ Demi Abschluss ohne Tor✅Verletzungsunterbrechung VfB✅ Undav + Leweling im TV ""Die Verletzten""⭕️ Woltemade Doppelpack⭕️ krasse Vorlage Millot⭕️ starker Freistoß Rieder⭕️ Brych skandalös","Spieltags Bingo (VfB-Edition)✅ Kacktor Rückstand✅ Demi Abschluss ohne Tor✅Verletzungsunterbrechung VfB✅ Undav + Leweling im TV ""Die Verletzten""⭕️ Woltemade Doppelpack⭕️ krasse Vorlage Millot⭕️ starker Freistoß Rieder⭕️ Brych skandalös",NEUTRAL,0.0,NEUTRAL,"The comment includes references to Deniz Undav as part of a bingo-style commentary about the match events, but it does not express a positive or negative sentiment towards him specifically. It also includes mentions of other players and events, making it primarily a neutral observation.",0.3855150640010834,POSITIVE,-0.5994,NEGATIVE
DE_0114,DE,fcbayern,Min-Jae Kim,Kim kim kim,Kim kim kim,NEUTRAL,0.0,NEUTRAL,The comment repeats the player's name without expressing any clear positive or negative sentiment. It is neutral in nature.,0.5880546569824219,NEUTRAL,0.0,NEUTRAL
DE_0115,DE,vfb,Ermedin Demirovic,"Das war sehr ""schwach"" heute keine Frage, trotzdem hat es Mainz natürlich auch geschafft denn Spiel Fluß durch entweder fauls oder rum liegen so zu zerstören das wirklich nie auch nur irgendwie leicht sich irgendwas flüssiges im spiel entwickeln konnte. Vielleicht wäre in dem spiel ein chabot und demirovic mit ihrer Körperlichkeit, von anfang heute spielen zu lassen sinnvoller gewesen. Aber es hilft natürlich auch nicht Mainz dann auch noch zwei, so unfassbar dumme tore zu schenken. Naja, kann man nix machen solche Spiele gibt es immer, Mund abwischen und gegen PSG da weiter machen wo man gegen Bratislava aufgehört hat ⚪️🔴","Das war sehr ""schwach"" heute keine Frage, trotzdem hat es Mainz natürlich auch geschafft denn Spiel Fluß durch entweder fauls oder rum liegen so zu zerstören das wirklich nie auch nur irgendwie leicht sich irgendwas flüssiges im spiel entwickeln konnte. Vielleicht wäre in dem spiel ein chabot und demirovic mit ihrer Körperlichkeit, von anfang heute spielen zu lassen sinnvoller gewesen. Aber es hilft natürlich auch nicht Mainz dann auch noch zwei, so unfassbar dumme tore zu schenken. Naja, kann man nix machen solche Spiele gibt es immer, Mund abwischen und gegen PSG da weiter machen wo man gegen Bratislava aufgehört hat ⚪️🔴",NEUTRAL,0.0,NEUTRAL,"The comment discusses the performance of the team and mentions Demirovic in the context of tactics and potential contributions to the game. It does not express a clear positive or negative sentiment specifically towards Demirovic, as it is more focused on the overall match situation and suggests tactical considerations.",0.5669744610786438,NEGATIVE,-0.5994,NEGATIVE
DE_0116,DE,bvb,Emre Can,@allecanhater !!!!!!,@allecanhater !!!!!!,NEUTRAL,-1.0,NEGATIVE,"The comment contains a derogatory reference to Emre Can by using 'hater' and implies a negative sentiment towards him, as it seems to be calling out those who dislike him.",0.762627124786377,NEGATIVE,0.0,NEUTRAL
DE_0117,DE,bayer04,Victor Boniface,Boniface 😂😂😂,Boniface 😂😂😂,NEUTRAL,0.0,NEUTRAL,"The comment consists only of the player's name and laughing emojis, without providing any positive or negative context about Victor Boniface. It appears to be neutral as it does not express any clear sentiment.",0.5391626358032227,NEUTRAL,0.8271,POSITIVE
DE_0118,DE,bvb,Gregor Kobel,"Hoffentlich hat der Kobel genug Schlaf bekommen,der arme Kerl!?!","Hoffentlich hat der Kobel genug Schlaf bekommen,der arme Kerl!?!",NEUTRAL,0.0,NEUTRAL,"The comment expresses a concern for Gregor Kobel's well-being by noting that he hopes he got enough sleep. However, it does not convey a strong positive or negative sentiment towards him, making it neutral.",0.5877516865730286,NEGATIVE,0.0,NEUTRAL
DE_0119,DE,vfb,Jeff Chabot,Neben Chabot wirkt Demirovic ganz klein,Neben Chabot wirkt Demirovic ganz klein,NEUTRAL,0.5,POSITIVE,"The comment suggests that Chabot has a strong presence or stature compared to Demirovic, which implies a positive view of Chabot's ability or impact on the field.",0.7638716697692871,NEGATIVE,0.0,NEUTRAL
DE_0120,DE,fch,Niklas Dorsch,Hab von Dorsch früher wo er schon in heidenheim war ein Trikot bekommen,Hab von Dorsch früher wo er schon in heidenheim war ein Trikot bekommen,NEUTRAL,0.0,NEUTRAL,"The comment mentions receiving a jersey from Dorsch while he was in Heidenheim, which indicates a personal experience but does not convey a strong positive or negative sentiment towards the player. It remains neutral.",0.76270991563797,NEUTRAL,-0.5994,NEGATIVE
DE_0121,DE,vfb,Enzo Millot,"Auf welcher Mission ist Hoeneß eigentlich immer, dass er bei knappen Ergebnissen so spät wechselt?Bzw allgemein so häufig so spät wechselt.Hoffenheim drückt mehr und mehr aber du entlastest niemanden da vorne.Bringst dann zur 82‘ mal Millot und Demi…geil, die haben dann 8 Minuten, um die Offensive neu zu beleben.","Auf welcher Mission ist Hoeneß eigentlich immer, dass er bei knappen Ergebnissen so spät wechselt?Bzw allgemein so häufig so spät wechselt.Hoffenheim drückt mehr und mehr aber du entlastest niemanden da vorne.Bringst dann zur 82‘ mal Millot und Demi…geil, die haben dann 8 Minuten, um die Offensive neu zu beleben.",NEUTRAL,-0.5,NEGATIVE,"The comment expresses disappointment and criticism towards the timing of substitutions made by the coach, specifically mentioning Enzo Millot as a late substitution. The context is negative, as the fan is frustrated with the coach's decisions rather than praising the player.",0.8470255136489868,NEGATIVE,-0.8957,NEGATIVE
DE_0122,DE,vfb,Alexander Nübel,"Bitte Vahnoman verschenken , Sebastian heutige Niederlagen geht auf dich, Vagnoman katastrophal,Undav spielt seit Wochen schlecht.,zu Hause darfst du nicht verloren egal wenn spielst du gegen Reall.Du hast falsche Aufstellung gemacht, zu spät gewechselt,Nübel bekommt zu viel Rückpass von seine Spieler,was soll das.","Bitte Vahnoman verschenken , Sebastian heutige Niederlagen geht auf dich, Vagnoman katastrophal,Undav spielt seit Wochen schlecht.,zu Hause darfst du nicht verloren egal wenn spielst du gegen Reall.Du hast falsche Aufstellung gemacht, zu spät gewechselt,Nübel bekommt zu viel Rückpass von seine Spieler,was soll das.",NEUTRAL,-1.0,NEGATIVE,"The comment criticizes Alexander Nübel indirectly by stating that he receives too many back passes from his teammates, which implies blame on him for the team's performance. The comment is largely negative about the overall situation and mentions Nübel in a critical context.",0.926032304763794,NEGATIVE,0.0,NEUTRAL
DE_0123,DE,fch,Paul Wanner,@paul_wanner_ nur ein einzige Antwort ein Smiley nur ich flehe dich an,@paul_wanner_ nur ein einzige Antwort ein Smiley nur ich flehe dich an,NEUTRAL,0.0,NEUTRAL,"The comment does not express a clear sentiment towards Paul Wanner. It seems to be a request for a response or acknowledgment, indicated by the use of 'ich flehe dich an' (I beg you) and the mention of a smiley. However, it does not contain positive or negative language directed at the player.",0.5313882231712341,NEUTRAL,0.4019,POSITIVE
DE_0124,DE,bayer04,Florian Wirtz,"Wirtz go to REAL or MEPPEN, but: Bayern wirtz nicht, okay guy???","Wirtz go to REAL or MEPPEN, but: Bayern wirtz nicht, okay guy???",NEUTRAL,-0.5,NEGATIVE,"The comment suggests that the commenter prefers Wirtz to move to either Real Madrid or Meppen, dismissing the idea of him going to Bayern Munich. The tone appears somewhat critical, indicating dissatisfaction with the current situation regarding Wirtz's potential transfers.",0.5269834995269775,NEUTRAL,0.4386,POSITIVE
DE_0125,DE,fch,Marvin Pieringer,Wird Pieringer spielen?,Wird Pieringer spielen?,NEUTRAL,0.0,NEUTRAL,"The comment asks a question about whether Pieringer will play, indicating curiosity but not expressing any positive or negative sentiment towards him.",0.9055570960044861,NEUTRAL,0.0,NEUTRAL
DE_0126,DE,vfb,Fabian Rieder,"Also man sollte sich Gedanken machen, wenn man zum vierten Mal in Folge 1:0 in Führung geht und nicht gewinnen würde... Kiel ist Pflicht und trotzdem scheißt man sich gegen die ein. Und warum spielen offensiv immer dieselben? So viel schlechter können es ein Demirovic oder Rieder jetzt auch nicht machen, dann gebt denen doch bitte mal mehr Spielzeit als 10 Minuten","Also man sollte sich Gedanken machen, wenn man zum vierten Mal in Folge 1:0 in Führung geht und nicht gewinnen würde... Kiel ist Pflicht und trotzdem scheißt man sich gegen die ein. Und warum spielen offensiv immer dieselben? So viel schlechter können es ein Demirovic oder Rieder jetzt auch nicht machen, dann gebt denen doch bitte mal mehr Spielzeit als 10 Minuten",NEUTRAL,-0.5,NEGATIVE,"The comment expresses frustration about the team's performance and questions Rieder's playing time and effectiveness compared to others. The term 'scheißt man sich' indicates disappointment and negativity towards the team's inability to secure wins, and Rieder is included in a critical context regarding his opportunities on the field.",0.9514164924621582,NEGATIVE,-0.5994,NEGATIVE
DE_0127,DE,fcbayern,Michael Olise,Olise darf ruhig auch mal lächeln 😅,Olise darf ruhig auch mal lächeln 😅,NEUTRAL,0.0,NEUTRAL,"The comment mentions Michael Olise and implies that he should smile more, but it does not express a strong positive or negative sentiment towards him. The emoji adds a light-hearted touch but does not significantly alter the overall sentiment.",0.597985029220581,POSITIVE,0.3612,POSITIVE
DE_0128,DE,fcbayern,Joshua Kimmich,Kimmich 🤨❤️,Kimmich 🤨❤️,NEUTRAL,1.0,POSITIVE,"The comment includes a heart emoji, indicating love or affection towards Kimmich. The use of his name along with the emoji suggests a positive sentiment.",0.6070776581764221,NEUTRAL,0.0,NEUTRAL
DE_0129,DE,bvb,Karim Adeyemi,Adeyemi im Tor,Adeyemi im Tor,NEUTRAL,0.0,NEUTRAL,"The comment 'Adeyemi im Tor' translates to 'Adeyemi in goal', which is a factual statement but does not convey any strong positive or negative sentiment towards Karim Adeyemi. It simply states a situation without any emotional implication.",0.47747209668159485,NEUTRAL,0.0,NEUTRAL
DE_0130,DE,vfb,Jamie Leweling,"Das Ding muss ich leider sagen liegt beim Trainer,zu spät gewechselt grade,zu spät ,leider pennt der an der Linie,der chase  hinten,stiller inne  mitte, Silos für leweling undmittelstedt rein,wie gesagt viel zu spät hr.bastian,vlt geht ja noch was zum 3zu3","Das Ding muss ich leider sagen liegt beim Trainer,zu spät gewechselt grade,zu spät ,leider pennt der an der Linie,der chase  hinten,stiller inne  mitte, Silos für leweling undmittelstedt rein,wie gesagt viel zu spät hr.bastian,vlt geht ja noch was zum 3zu3",NEUTRAL,0.0,NEUTRAL,"The comment discusses the coach's decisions regarding player substitutions and game strategy but does not express a clear positive or negative sentiment towards Jamie Leweling himself. Leweling's name is mentioned within a critique of the overall team's performance, without specific praise or blame directed at him.",0.9310417771339417,NEGATIVE,0.0,NEUTRAL
DE_0131,DE,vfb,Angelo Stiller,"Ich glaub wir sind das beste und schlechteste Team zu gleich was ich je gesehen hab. Wie mann so ein gutes Spiel machen kann, bloß um dann mit eigenen Fehler alles aber wirklich alles im Klo runter zuspülen ist echt krass. Von vagnoman hab ich jetzt wirklich echt genug gesehen, millot auch schon lange nicht mehr der von Beginn der Saison und wieso nübel gefühlt das halbe Spiel lang denn ball lang hammert ausser da wo jeder gedeckt ist, ist auch stark. Wiederum ist das 1:1 wahrscheinlich abseits, dess so länger das spiel ging dess so schlechter wurde der schiri und jeltsch, woltemade, Stiller und auch noch einige andere haben heute eigentlich ein solides Spiel gemacht. Es gibt jetzt für uns zwei Optionen entweder wir verkacken jetzt auch gegen Kiel und Rutschen so auf BVB Niveau ab, oder wir spielen so weiter wie wir es heute vorallem in der ersten Halbzeit getan haben und fangen endlich wieder an spiele zu gewinnen. Weil eigentlich kann man sich wenn man selber nicht so unfassbar dumm gewesen wäre, heute nur wenig vor werfen. AUF GEHT'S VFB wir reisen uns jetzt endlich mal wieder zusammen und fangen endlich wieder das Siegen an ⚪️🔴","Ich glaub wir sind das beste und schlechteste Team zu gleich was ich je gesehen hab. Wie mann so ein gutes Spiel machen kann, bloß um dann mit eigenen Fehler alles aber wirklich alles im Klo runter zuspülen ist echt krass. Von vagnoman hab ich jetzt wirklich echt genug gesehen, millot auch schon lange nicht mehr der von Beginn der Saison und wieso nübel gefühlt das halbe Spiel lang denn ball lang hammert ausser da wo jeder gedeckt ist, ist auch stark. Wiederum ist das 1:1 wahrscheinlich abseits, dess so länger das spiel ging dess so schlechter wurde der schiri und jeltsch, woltemade, Stiller und auch noch einige andere haben heute eigentlich ein solides Spiel gemacht. Es gibt jetzt für uns zwei Optionen entweder wir verkacken jetzt auch gegen Kiel und Rutschen so auf BVB Niveau ab, oder wir spielen so weiter wie wir es heute vorallem in der ersten Halbzeit getan haben und fangen endlich wieder an spiele zu gewinnen. Weil eigentlich kann man sich wenn man selber nicht so unfassbar dumm gewesen wäre, heute nur wenig vor werfen. AUF GEHT'S VFB wir reisen uns jetzt endlich mal wieder zusammen und fangen endlich wieder das Siegen an ⚪️🔴",NEUTRAL,0.5,POSITIVE,"The comment acknowledges that Angelo Stiller played a solid game along with others, suggesting a positive sentiment towards him despite the overall frustration with the team's performance.",0.5045729875564575,POSITIVE,0.0,NEUTRAL
DE_0132,DE,vfb,Deniz Undav,Meine Meinung zum Spiel:  Woltermade stark stiller gut kann beim 1:2 nix dafür nübel seine Schuld Mittelstädt gut Finn poa ist der gut wird der nächste Nationalspieler undav läuft wie Falschgeld Rum leider fehlt die lockeheit gerade leweling kann einem leid tun mit vagnoman der muss raus sonst Spielt leweling bald rechter Verteidiger so nimmst du ihn seine Stärke weg und wir machen noch zu viele Fehler leider aber noch ich finde die Leistung an sich wird besser wir müssen effektiver werden und unsere Chancen nutzen du gehst 3 mal in Führung und verlierst das Drei Mal Wolfsburg darf nicht passieren 1:1 wäre okay gewesen in Hoffenheim musst zur Halbzeit 4:0 führen trops gelutscht und gegen Bayern musst einfach die wenigen Chancen nutzen aber gegen die kannst verlieren aber nicht so und so bringst dich um deine Saison die nicht so schlecht ist wie teilweise gemacht wird die Ergebnisse müssen kommen gegen Kiel sind 3 Punkte Pflicht wenn du oben dabei bleiben möchtest,Meine Meinung zum Spiel:  Woltermade stark stiller gut kann beim 1:2 nix dafür nübel seine Schuld Mittelstädt gut Finn poa ist der gut wird der nächste Nationalspieler undav läuft wie Falschgeld Rum leider fehlt die lockeheit gerade leweling kann einem leid tun mit vagnoman der muss raus sonst Spielt leweling bald rechter Verteidiger so nimmst du ihn seine Stärke weg und wir machen noch zu viele Fehler leider aber noch ich finde die Leistung an sich wird besser wir müssen effektiver werden und unsere Chancen nutzen du gehst 3 mal in Führung und verlierst das Drei Mal Wolfsburg darf nicht passieren 1:1 wäre okay gewesen in Hoffenheim musst zur Halbzeit 4:0 führen trops gelutscht und gegen Bayern musst einfach die wenigen Chancen nutzen aber gegen die kannst verlieren aber nicht so und so bringst dich um deine Saison die nicht so schlecht ist wie teilweise gemacht wird die Ergebnisse müssen kommen gegen Kiel sind 3 Punkte Pflicht wenn du oben dabei bleiben möchtest,NEUTRAL,-0.5,NEGATIVE,"The comment mentions Deniz Undav in a negative light, stating he 'läuft wie Falschgeld' (runs like counterfeit money), indicating a lack of effectiveness or quality in his performance. While the overall comment discusses the game and other players, the specific reference to Undav contributes to a negative sentiment towards him.",0.4557817876338959,NEGATIVE,-0.9735,NEGATIVE
DE_0133,DE,fcbayern,Min-Jae Kim,We need to get our revenge seeing kimmich crying broke my heart,We need to get our revenge seeing kimmich crying broke my heart,NEUTRAL,0.0,NEUTRAL,"The comment discusses an emotional situation involving Kimmich, but does not provide a clear sentiment towards Min-Jae Kim. It focuses on a reaction to another player rather than expressing an opinion about Min-Jae Kim himself.",0.8960317373275757,NEGATIVE,-0.6249,NEGATIVE
DE_0134,DE,vfb,Ermedin Demirovic,Die Leistungen in den ersten Hälften waren in den letzten Wochen einfach schlecht u vor allem unkonzentriert. Da muss Hoeneß unbedingt ansetzen … Von Demirovic kommt einfach viel zu wenig da vorne. Er arbeitet viel zu wenig. Soll sich mal ein Beispiel an Woltemade nehmen.,Die Leistungen in den ersten Hälften waren in den letzten Wochen einfach schlecht u vor allem unkonzentriert. Da muss Hoeneß unbedingt ansetzen … Von Demirovic kommt einfach viel zu wenig da vorne. Er arbeitet viel zu wenig. Soll sich mal ein Beispiel an Woltemade nehmen.,NEUTRAL,-1.0,NEGATIVE,"The comment criticizes Ermedin Demirovic's performance, stating that he is not contributing much and is working too little compared to another player. This indicates a clear negative sentiment towards him.",0.955228865146637,NEGATIVE,-0.5994,NEGATIVE
DE_0135,DE,bvb,Emre Can,Cant bro smile?,Cant bro smile?,NEUTRAL,0.0,NEUTRAL,The comment does not provide any clear sentiment towards Emre Can. It appears to be a general statement that does not specifically reference his performance or character.,0.8307005763053894,NEGATIVE,-0.2755,NEGATIVE
DE_0136,DE,bayer04,Victor Boniface,na boniface move to galatasry or wot?,na boniface move to galatasry or wot?,NEUTRAL,0.0,NEUTRAL,"The comment is a question about Victor Boniface potentially moving to Galatasaray. It does not express a clear positive or negative sentiment towards Boniface; rather, it seeks information.",0.5857408046722412,NEUTRAL,0.0,NEUTRAL
DE_0137,DE,vfb,Jeff Chabot,Ab heute chabot in sturm setzen,Ab heute chabot in sturm setzen,NEUTRAL,0.5,POSITIVE,"The comment suggests putting Jeff Chabot in the attack (sturm), indicating a positive sentiment and potential support for his role in that position.",0.644443154335022,NEUTRAL,0.0,NEUTRAL
DE_0138,DE,vfb,Enzo Millot,Wieso sollten Millot oder Hoeneß zum BVB wechseln?😂 Wäre ja ein Abstieg😂,Wieso sollten Millot oder Hoeneß zum BVB wechseln?😂 Wäre ja ein Abstieg😂,NEUTRAL,-1.0,NEGATIVE,The comment expresses a negative sentiment towards Enzo Millot by suggesting that moving to BVB would be a downgrade (Abstieg). The use of laughing emojis further emphasizes the negative tone.,0.5794811248779297,NEGATIVE,0.7003,POSITIVE
DE_0139,DE,vfb,Alexander Nübel,Unsere ZUKUNFT nach Nübel 🤍❤️ #forzavfb,Unsere ZUKUNFT nach Nübel 🤍❤️ #forzavfb,NEUTRAL,1.0,POSITIVE,"The comment expresses a positive sentiment towards Nübel by referring to him as part of the 'future' ('ZUKUNFT') of the team, indicating strong support and optimism, reinforced by the heart emojis.",0.6174008250236511,POSITIVE,0.0,NEUTRAL
DE_0140,DE,fch,Paul Wanner,Wann kommt das Wanner Trikot?,Wann kommt das Wanner Trikot?,NEUTRAL,0.0,NEUTRAL,"The comment is a neutral inquiry about the availability of a jersey related to Paul Wanner. It does not express a positive or negative sentiment towards the player, rather it focuses on a merchandise-related question.",0.9163622260093689,NEUTRAL,0.0,NEUTRAL
DE_0141,DE,bayer04,Florian Wirtz,Wirtz * Wann spielen wir zusammen bei Real Madrid?*,Wirtz * Wann spielen wir zusammen bei Real Madrid?*,NEUTRAL,0.0,NEUTRAL,"The comment is asking a question about the possibility of Wirtz playing for Real Madrid, which does not convey a clear positive or negative sentiment towards Wirtz himself. It is neutral in tone.",0.8774906396865845,NEUTRAL,0.0,NEUTRAL
DE_0142,DE,vfb,Fabian Rieder,"Nächstes Mal bitte einfach mal Woltemade und Rieder von Anfang an bringen. Wir reden ja immer wie breit der Kader ist,","Nächstes Mal bitte einfach mal Woltemade und Rieder von Anfang an bringen. Wir reden ja immer wie breit der Kader ist,",NEUTRAL,0.0,NEUTRAL,"The comment suggests bringing Rieder and another player, Woltemade, into the starting lineup, indicating a desire for better team composition. However, it does not express a clear positive or negative sentiment towards Rieder himself.",0.7085930705070496,NEGATIVE,0.0,NEUTRAL
DE_0143,DE,fcbayern,Michael Olise,Olise : 😐🍺,Olise : 😐🍺,NEUTRAL,0.0,NEUTRAL,The comment consists of the player's name followed by a neutral emoji (😐) and a beer emoji (🍺). The lack of positive or negative language indicates a neutral sentiment towards Olise.,0.7130424976348877,NEGATIVE,0.0,NEUTRAL
DE_0144,DE,vfb,Jamie Leweling,"Was ist mit Leweling am Samstag? Spielt er? Muss das wissen für mein Kickbase-Team, sonst muss ich ihn verkaufen und dafür Jordan holen.","Was ist mit Leweling am Samstag? Spielt er? Muss das wissen für mein Kickbase-Team, sonst muss ich ihn verkaufen und dafür Jordan holen.",NEUTRAL,0.0,NEUTRAL,"The commenter is asking about Jamie Leweling's playing status for an upcoming match, indicating a neutral inquiry regarding his participation. There are no negative or positive sentiments expressed about the player, thus the sentiment towards him is neutral.",0.7683409452438354,NEUTRAL,0.0,NEUTRAL
DE_0145,DE,vfb,Angelo Stiller,Ein Spiel ohne Foul an Stiller gibts wohl auch nicht mehr🫣,Ein Spiel ohne Foul an Stiller gibts wohl auch nicht mehr🫣,NEUTRAL,-1.0,NEGATIVE,"The comment expresses frustration or disappointment regarding the frequent fouls committed against Stiller, indicating that he is often a target for fouls during games. The use of the emoji suggests a negative sentiment.",0.760504961013794,NEGATIVE,0.0,NEUTRAL
DE_0146,DE,vfb,Deniz Undav,#denizundav ✌🏾,#denizundav ✌🏾,NEUTRAL,0.5,POSITIVE,"The comment includes the player's name along with a peace sign emoji, which generally conveys positive vibes or support.",0.48894110321998596,NEUTRAL,0.4939,POSITIVE
DE_0147,DE,fcbayern,Min-Jae Kim,Giving tips and tricks to Kim and Up😂😂😂,Giving tips and tricks to Kim and Up😂😂😂,NEUTRAL,0.0,NEUTRAL,"The comment mentions giving tips to Kim, but it does not express a clear positive or negative sentiment towards Min-Jae Kim. The use of laughter emojis suggests a lighthearted tone, but overall, the sentiment remains neutral.",0.5314735770225525,NEUTRAL,0.8625,POSITIVE
DE_0148,DE,vfb,Ermedin Demirovic,Demirovic spielt gefühlt kaum noch..Ist das Spiel vorn besser geworden??nein😂wenn er spielt kommt fast kein Ball zu ihm...und dann kritisieren ihn die Fans🤡,Demirovic spielt gefühlt kaum noch..Ist das Spiel vorn besser geworden??nein😂wenn er spielt kommt fast kein Ball zu ihm...und dann kritisieren ihn die Fans🤡,NEUTRAL,-0.5,NEGATIVE,"The comment expresses dissatisfaction with Demirovic's playing time and performance. The use of 'kaum noch' (barely) implies a lack of effective involvement in the game, and the comment suggests that he is unfairly criticized by fans. The emojis further emphasize the negative sentiment.",0.8742684125900269,NEGATIVE,-0.7319,NEGATIVE
DE_0149,DE,bayer04,Victor Boniface,👈BONIFACE GOAL HERE🇳🇬,👈BONIFACE GOAL HERE🇳🇬,NEUTRAL,1.0,POSITIVE,"The comment expresses enthusiasm about Victor Boniface's goal by using a celebratory tone and flag emoji, indicating pride in his achievement.",0.7923688888549805,POSITIVE,0.0,NEUTRAL
DE_0150,DE,vfb,Jeff Chabot,Chabot soll Silas erst loslassen wenn überall das Transferfenster zu ist,Chabot soll Silas erst loslassen wenn überall das Transferfenster zu ist,NEUTRAL,0.0,NEUTRAL,"The comment discusses a strategy regarding player transfers involving Jeff Chabot, but it does not express a positive or negative sentiment towards Chabot himself. It simply states a condition for handling a transfer.",0.5980427265167236,NEGATIVE,0.0,NEUTRAL
DE_0151,DE,vfb,Enzo Millot,"In Mainz ist es immer unangenehm, da tuhen sich die meisten schwer. Bayern hat da z.b. verloren, Dortmund auch "" ok das ist keine große Kunst "" 😁Mainz für viele und auch für mich die Überraschungs-Mannschaft der Saison 💯Aber in letzter Zeit haben wir eine sehr starke Bilanz gegen Mainz, denn seit unserem Wiederaufstieg 2020 sind wir ungeschlagen! 6 Siege und 3 Remis seitdem in 9 Partien. Darf gerne ausgebaut werden 💪Bin sehr guter Dinge, denn wir haben einen breiten Kader, richtig viele Optionen, vorne läuft es, hinten stehen wir deutlich stabiler, zuletzt wenig Gegentore kassiert, sind richtig im Flow, also jetzt diese Welle solange wie möglich reiten 💯Millot fehlt gelb gesperrt, aber mit Hinblick auf Mittwoch gegen PSG kein Nachteil und weil wir Offensiv eh viele Optionen haben. Mission CL-Platz 4 zu festigen und auch das 5.Pflichtspiel 2025 zu gewinnen! 💪Jungs, alles geben für den Auswärtssieg 🥰Nur der VfB 🤍❤️","In Mainz ist es immer unangenehm, da tuhen sich die meisten schwer. Bayern hat da z.b. verloren, Dortmund auch "" ok das ist keine große Kunst "" 😁Mainz für viele und auch für mich die Überraschungs-Mannschaft der Saison 💯Aber in letzter Zeit haben wir eine sehr starke Bilanz gegen Mainz, denn seit unserem Wiederaufstieg 2020 sind wir ungeschlagen! 6 Siege und 3 Remis seitdem in 9 Partien. Darf gerne ausgebaut werden 💪Bin sehr guter Dinge, denn wir haben einen breiten Kader, richtig viele Optionen, vorne läuft es, hinten stehen wir deutlich stabiler, zuletzt wenig Gegentore kassiert, sind richtig im Flow, also jetzt diese Welle solange wie möglich reiten 💯Millot fehlt gelb gesperrt, aber mit Hinblick auf Mittwoch gegen PSG kein Nachteil und weil wir Offensiv eh viele Optionen haben. Mission CL-Platz 4 zu festigen und auch das 5.Pflichtspiel 2025 zu gewinnen! 💪Jungs, alles geben für den Auswärtssieg 🥰Nur der VfB 🤍❤️",NEUTRAL,0.0,NEUTRAL,"The comment discusses the team's performance, specifically mentioning Enzo Millot's suspension due to a yellow card, but does not express a positive or negative sentiment towards him personally. The tone is more about team dynamics and upcoming matches.",0.3559672236442566,POSITIVE,-0.2924,NEGATIVE
DE_0152,DE,vfb,Alexander Nübel,"Ich glaub wir sind das beste und schlechteste Team zu gleich was ich je gesehen hab. Wie mann so ein gutes Spiel machen kann, bloß um dann mit eigenen Fehler alles aber wirklich alles im Klo runter zuspülen ist echt krass. Von vagnoman hab ich jetzt wirklich echt genug gesehen, millot auch schon lange nicht mehr der von Beginn der Saison und wieso nübel gefühlt das halbe Spiel lang denn ball lang hammert ausser da wo jeder gedeckt ist, ist auch stark. Wiederum ist das 1:1 wahrscheinlich abseits, dess so länger das spiel ging dess so schlechter wurde der schiri und jeltsch, woltemade, Stiller und auch noch einige andere haben heute eigentlich ein solides Spiel gemacht. Es gibt jetzt für uns zwei Optionen entweder wir verkacken jetzt auch gegen Kiel und Rutschen so auf BVB Niveau ab, oder wir spielen so weiter wie wir es heute vorallem in der ersten Halbzeit getan haben und fangen endlich wieder an spiele zu gewinnen. Weil eigentlich kann man sich wenn man selber nicht so unfassbar dumm gewesen wäre, heute nur wenig vor werfen. AUF GEHT'S VFB wir reisen uns jetzt endlich mal wieder zusammen und fangen endlich wieder das Siegen an ⚪️🔴","Ich glaub wir sind das beste und schlechteste Team zu gleich was ich je gesehen hab. Wie mann so ein gutes Spiel machen kann, bloß um dann mit eigenen Fehler alles aber wirklich alles im Klo runter zuspülen ist echt krass. Von vagnoman hab ich jetzt wirklich echt genug gesehen, millot auch schon lange nicht mehr der von Beginn der Saison und wieso nübel gefühlt das halbe Spiel lang denn ball lang hammert ausser da wo jeder gedeckt ist, ist auch stark. Wiederum ist das 1:1 wahrscheinlich abseits, dess so länger das spiel ging dess so schlechter wurde der schiri und jeltsch, woltemade, Stiller und auch noch einige andere haben heute eigentlich ein solides Spiel gemacht. Es gibt jetzt für uns zwei Optionen entweder wir verkacken jetzt auch gegen Kiel und Rutschen so auf BVB Niveau ab, oder wir spielen so weiter wie wir es heute vorallem in der ersten Halbzeit getan haben und fangen endlich wieder an spiele zu gewinnen. Weil eigentlich kann man sich wenn man selber nicht so unfassbar dumm gewesen wäre, heute nur wenig vor werfen. AUF GEHT'S VFB wir reisen uns jetzt endlich mal wieder zusammen und fangen endlich wieder das Siegen an ⚪️🔴",NEUTRAL,0.0,NEUTRAL,"The comment discusses the overall performance of the team and the players, including Alexander Nübel, but it does not express a clear sentiment towards him. The mention of Nübel is not particularly positive or negative, as it primarily critiques his performance in the context of the team's issues.",0.5045729875564575,POSITIVE,0.0,NEUTRAL
DE_0153,DE,fch,Paul Wanner,"@paul_wanner_ Ich flehe dich doch so sehr an es ist doch nur eine einzige Antwort es ist doch nur ein einziger Smiley bitte es ist so ein Riesen Traum von mir , von so einem großen Idol eine Antwort zu bekommen es ist nur ein Smiley 😓","@paul_wanner_ Ich flehe dich doch so sehr an es ist doch nur eine einzige Antwort es ist doch nur ein einziger Smiley bitte es ist so ein Riesen Traum von mir , von so einem großen Idol eine Antwort zu bekommen es ist nur ein Smiley 😓",NEUTRAL,0.5,POSITIVE,"The comment expresses admiration and a strong desire for a response from Paul Wanner, indicating a positive sentiment towards him as an idol.",0.6355684995651245,POSITIVE,0.3818,POSITIVE
DE_0154,DE,bayer04,Florian Wirtz,Warum Wirtz 😂,Warum Wirtz 😂,NEUTRAL,-1.0,NEGATIVE,"The comment questions Wirtz with a laughing emoji, suggesting a negative sentiment or mockery towards him.",0.44117531180381775,NEGATIVE,0.4404,POSITIVE
DE_0155,DE,vfb,Fabian Rieder,Vielleicht spielt er ja morgen und Rieder wäre auch mal wieder ne Idee..,Vielleicht spielt er ja morgen und Rieder wäre auch mal wieder ne Idee..,NEUTRAL,0.0,NEUTRAL,"The comment suggests that Rieder could be considered for play, but it does not express a clear positive or negative sentiment towards him. It indicates a possibility without strong feelings.",0.5180039405822754,POSITIVE,0.0,NEUTRAL
DE_0156,DE,vfb,Jamie Leweling,"Wir haben Luxus Probleme, die andere Mannschaften gerne haben wollen. Wir können immer noch Demi und Rieder für Undav und Leweling bringen, und die hatten auch noch Chancen. Klar, Chancenverwertung ist kacke, aber die hatte jeder. Können froh sein, so viele Stürmer zu haben⚪️❤️⚪️🔥","Wir haben Luxus Probleme, die andere Mannschaften gerne haben wollen. Wir können immer noch Demi und Rieder für Undav und Leweling bringen, und die hatten auch noch Chancen. Klar, Chancenverwertung ist kacke, aber die hatte jeder. Können froh sein, so viele Stürmer zu haben⚪️❤️⚪️🔥",NEUTRAL,0.3,POSITIVE,"The comment expresses a positive sentiment towards having multiple strikers, including Leweling. The mention of his name in the context of having opportunities suggests appreciation for his presence in the team.",0.45776692032814026,POSITIVE,-0.9337,NEGATIVE
DE_0157,DE,vfb,Angelo Stiller,@fynn_hartman du siehst aus wie @angelo.stiller,@fynn_hartman du siehst aus wie @angelo.stiller,NEUTRAL,0.0,NEUTRAL,"@fynn_hartman is compared to @angelo.stiller, but the comment does not express a clear opinion about Angelo Stiller himself. It merely mentions him in a comparison.",0.39059409499168396,NEUTRAL,0.0,NEUTRAL
DE_0158,DE,vfb,Deniz Undav,"Der EINE PUNKT schön und gut, aber es fühlt sich halt leider an wie eine Niederlage! Das du diese Mainzer Mannschaft nach einer absoluten Dominanz bis zur 2:0 Führung überhaupt noch ins Spiel kommen lässt ist zwar eine Sache. Ok! Aber das du die dann Step by Step mit Individuellen Eigenfehlern auch noch belohnst!? 🤦 Wir waren Hungrig, willig und hatten Super Aktionen, aber wenn wir Ehrlich zu uns sind dann leider keine richtigen und gezielten Torabschlüsse bzw Torschüsse. Leider! Da war mit dem Willen, überhaupt nach dem zwischenzeitlichen 2:2 und der „Flügelaktivität“ viel, viel mehr drin. Meiner Meinung nach ist ein Demirovic der halt auch vorne drin mit seiner Größe und seiner Kopfballstärke ein ganz anderer Spieler als ein Undav, der halt viel mehr über die Mitte (sich die Bälle dort sehr oft selbst holt) bzw über die Flügel kommt und dann selbst Flanken in den Strafraum bringt ein ganz anderer Spieler und deshalb ging ein Demi vorne drin schon Massiv ab, besonders, weil wir heute sehr, sehr viel und fast ständig nur über die Seiten bzw. Flügel kamen. Schade, wirklich Schade, denn das Spiel war alles andere, aber nicht zum herschenken. 😔 Alles im allen, schnell daraus lernen BITTE 🙏 Kopf Hoch, denn es warten weitere Harte Wochen auf uns und eines auf jedenfall immer sein: „Hungrig, Hungrig, Hungrig!“ Nicht abschalten und Totgeglaubte wiederbeleben, nicht nur heute, sondern egal wen in Zukunft. In diesem Sinne allen VFB Fans noch einen schönen Samstag Abend, trinkt das ein oder andere „Erfrischungsgetränk“, lasst es Euch schmecken und bis zum nächsten VFB Spiel da machen es die Cannstatter Jungs dann sicherlich besser. 🔥🤍❤️ #fürimmervfb #forzavfb","Der EINE PUNKT schön und gut, aber es fühlt sich halt leider an wie eine Niederlage! Das du diese Mainzer Mannschaft nach einer absoluten Dominanz bis zur 2:0 Führung überhaupt noch ins Spiel kommen lässt ist zwar eine Sache. Ok! Aber das du die dann Step by Step mit Individuellen Eigenfehlern auch noch belohnst!? 🤦 Wir waren Hungrig, willig und hatten Super Aktionen, aber wenn wir Ehrlich zu uns sind dann leider keine richtigen und gezielten Torabschlüsse bzw Torschüsse. Leider! Da war mit dem Willen, überhaupt nach dem zwischenzeitlichen 2:2 und der „Flügelaktivität“ viel, viel mehr drin. Meiner Meinung nach ist ein Demirovic der halt auch vorne drin mit seiner Größe und seiner Kopfballstärke ein ganz anderer Spieler als ein Undav, der halt viel mehr über die Mitte (sich die Bälle dort sehr oft selbst holt) bzw über die Flügel kommt und dann selbst Flanken in den Strafraum bringt ein ganz anderer Spieler und deshalb ging ein Demi vorne drin schon Massiv ab, besonders, weil wir heute sehr, sehr viel und fast ständig nur über die Seiten bzw. Flügel kamen. Schade, wirklich Schade, denn das Spiel war alles andere, aber nicht zum herschenken. 😔 Alles im allen, schnell daraus lernen BITTE 🙏 Kopf Hoch, denn es warten weitere Harte Wochen auf uns und eines auf jedenfall immer sein: „Hungrig, Hungrig, Hungrig!“ Nicht abschalten und Totgeglaubte wiederbeleben, nicht nur heute, sondern egal wen in Zukunft. In diesem Sinne allen VFB Fans noch einen schönen Samstag Abend, trinkt das ein oder andere „Erfrischungsgetränk“, lasst es Euch schmecken und bis zum nächsten VFB Spiel da machen es die Cannstatter Jungs dann sicherlich besser. 🔥🤍❤️ #fürimmervfb #forzavfb",NEUTRAL,-0.5,NEGATIVE,"The comment expresses disappointment and criticism regarding the team's performance, particularly highlighting the individual errors and the effectiveness of other players compared to Deniz Undav. The mention of Undav suggests some inadequacy in his contributions during the match.",0.4107188582420349,NEGATIVE,-0.9837,NEGATIVE
DE_0159,DE,vfb,Ermedin Demirovic,"Wichtige Spieler weggekauft und wieder kassiert. Für nächste Saison Undav,Demirovic,Milliot und Stiller? 5:1 einfach nur krank und Millot Weltklasse","Wichtige Spieler weggekauft und wieder kassiert. Für nächste Saison Undav,Demirovic,Milliot und Stiller? 5:1 einfach nur krank und Millot Weltklasse",NEUTRAL,0.0,NEUTRAL,The comment mentions Ermedin Demirovic as part of a list of players but does not provide a clear positive or negative sentiment about him. The overall sentiment appears neutral as the discussion focuses on player transfers and the performance of others.,0.9350647330284119,NEGATIVE,0.0,NEUTRAL
DE_0160,DE,bayer04,Victor Boniface,bonifacey😂😂😂,bonifacey😂😂😂,NEUTRAL,0.0,NEUTRAL,"The comment uses a playful nickname or variation of Victor Boniface's name 'bonifacey' along with laughter emojis. While it shows some humor, it doesn't clearly express a positive or negative sentiment about the player.",0.3690457046031952,NEUTRAL,0.8271,POSITIVE
DE_0161,DE,vfb,Enzo Millot,Update zu Millot bitte,Update zu Millot bitte,NEUTRAL,0.0,NEUTRAL,The comment is a request for an update about Enzo Millot and does not contain any positive or negative sentiment regarding him. It is neutral in tone.,0.697056233882904,NEUTRAL,0.0,NEUTRAL
DE_0162,DE,fch,Paul Wanner,Denkst ich Wanner wird Stammspieler?,Denkst ich Wanner wird Stammspieler?,NEUTRAL,0.0,NEUTRAL,"The comment expresses a question about whether Paul Wanner will become a starting player. It does not convey a strong positive or negative sentiment, rather it seeks information.",0.8632550239562988,NEUTRAL,0.0,NEUTRAL
DE_0163,DE,vfb,Fabian Rieder,"Vagnoman,Leweling,Karazor,Undav raus, Demirović,Rieder,Diehl,Woltemade rein","Vagnoman,Leweling,Karazor,Undav raus, Demirović,Rieder,Diehl,Woltemade rein",NEUTRAL,0.0,NEUTRAL,"The comment lists several players with the suggestion of substitutions. Fabian Rieder is mentioned positively in the context of bringing him in, but there is no clear positive or negative sentiment towards him; it is a neutral statement about player changes.",0.5422284603118896,NEUTRAL,0.0,NEUTRAL
DE_0164,DE,vfb,Deniz Undav,Deniz undav ✌🏻,Deniz undav ✌🏻,NEUTRAL,0.5,POSITIVE,"The comment uses the player's name and includes a peace emoji, which typically conveys a positive sentiment or a friendly gesture towards Deniz Undav.",0.3900315463542938,NEUTRAL,0.4939,POSITIVE
DE_0165,DE,vfb,Ermedin Demirovic,Undav in Sturm demirovic raus dafür Rieder,Undav in Sturm demirovic raus dafür Rieder,NEUTRAL,-1.0,NEGATIVE,"The comment suggests removing Ermedin Demirovic from the team, indicating a negative sentiment towards him by proposing to replace him with another player.",0.662341296672821,NEUTRAL,0.0,NEUTRAL
DE_0166,DE,bayer04,Victor Boniface,We gather get Akure blood 😂 @boniface_jrn,We gather get Akure blood 😂 @boniface_jrn,NEUTRAL,0.0,NEUTRAL,"The comment makes a reference to 'Akure blood' but does not express any clear positive or negative sentiment towards Victor Boniface. The use of a laughing emoji suggests light-heartedness, but it does not specifically relate to the player's performance or character.",0.4579835832118988,NEUTRAL,0.4404,POSITIVE
DE_0167,DE,vfb,Enzo Millot,Soll Millot den Pfiff mit einem lächeln entgegen nehmen oder was,Soll Millot den Pfiff mit einem lächeln entgegen nehmen oder was,NEUTRAL,0.0,NEUTRAL,The comment is a question that does not express a clear positive or negative sentiment towards Enzo Millot. It discusses a hypothetical situation regarding Millot's reaction but lacks any emotional weight.,0.49196210503578186,NEGATIVE,0.0,NEUTRAL
DE_0168,DE,fch,Paul Wanner,@paul_wanner_ ich flehe dich bitte nur eine einzige Antwort bitte 😓😓,@paul_wanner_ ich flehe dich bitte nur eine einzige Antwort bitte 😓😓,NEUTRAL,0.0,NEUTRAL,The comment expresses a request for a response from Paul Wanner but does not convey any positive or negative sentiment towards him. The use of emojis indicates a sense of pleading rather than strong emotions.,0.6047388315200806,NEGATIVE,-0.6808,NEGATIVE
DE_0169,DE,vfb,Fabian Rieder,"Bitte Sebastin,Vagnoman,Karazor,Stiller,Leweling,Undav eine Pause. Demirović,Sergoiu, Diehl,Rieder,  rein","Bitte Sebastin,Vagnoman,Karazor,Stiller,Leweling,Undav eine Pause. Demirović,Sergoiu, Diehl,Rieder,  rein",NEUTRAL,0.0,NEUTRAL,"The comment lists various players and suggests changes to the lineup, including Rieder. However, it does not provide a clear positive or negative sentiment towards Rieder specifically, making it a neutral reference.",0.6889840960502625,NEGATIVE,0.0,NEUTRAL
DE_0170,DE,vfb,Deniz Undav,"Das war Fußballspiel zu vergessen.. 1 Halbzeit pennt man ja ein, da war Chris und Maxi noch die besten.. Bitte erlöst Vagno und lasst den draußen, ist ja unterirdisch alle machen ein Schritt nach vorne  unter Basti er nicht. Undav mal von der Bank bringen vllt setzt er dann andere Signale","Das war Fußballspiel zu vergessen.. 1 Halbzeit pennt man ja ein, da war Chris und Maxi noch die besten.. Bitte erlöst Vagno und lasst den draußen, ist ja unterirdisch alle machen ein Schritt nach vorne  unter Basti er nicht. Undav mal von der Bank bringen vllt setzt er dann andere Signale",NEUTRAL,-1.0,NEGATIVE,"The comment expresses negative sentiments towards Deniz Undav, suggesting he should not play and implying he is underperforming compared to other players. The reference is direct as the commenter specifically mentions Undav's potential impact if brought on from the bench.",0.7165006995201111,NEGATIVE,-0.9136,NEGATIVE
DE_0171,DE,bayer04,Victor Boniface,@boniface_jrn that hand mean Don’t Play 😂😂😂,@boniface_jrn that hand mean Don’t Play 😂😂😂,NEUTRAL,0.0,NEUTRAL,"The comment mentions the hand gesture without providing a clear opinion about Victor Boniface's performance or character. The humor in the comment suggests a neutral stance, and the emojis indicate a light-hearted tone rather than a direct sentiment towards the player.",0.5058046579360962,NEUTRAL,0.9231,POSITIVE
DE_0172,DE,vfb,Enzo Millot,Leistungsträger weggekauft trotzdem wird das nix. Jetzt noch Millot und Hoeneß wollen. Selbst wenn die sich VfB Dortmund nennen. Und danke Anton für das Super Wochenende,Leistungsträger weggekauft trotzdem wird das nix. Jetzt noch Millot und Hoeneß wollen. Selbst wenn die sich VfB Dortmund nennen. Und danke Anton für das Super Wochenende,NEUTRAL,-0.3,NEGATIVE,"The comment expresses a negative sentiment towards the situation involving players leaving the club, specifically mentioning Millot in a context that suggests disappointment or frustration. The phrase 'trotzdem wird das nix' implies a belief that the current state will not improve, which reflects negatively on Millot's involvement.",0.4644424021244049,NEGATIVE,0.0,NEUTRAL
DE_0173,DE,vfb,Fabian Rieder,"Das war eins der besten spiele die ich vom vfb gesehen habe. Ich dachte da geht man 4 -0 zur Halbzeit runter. Nein man hatte Chancen, klare. Das ist das einzige was man heute zum vorwurf machen könnte, nicht kaltschnäuzig genug. Und rieder vor dem zwei ein an der aussen linie der lupfer? Naja was solls. Top leistung . Hat am tv extrem spass gemacht , real beim schwitzen und schwimmen zu sehen, jede hoffnung jeden joker einzuwechseln und die Verzweiflung wuchs und wuchs 🤣🤣🤣🤣🙏🙏🙏","Das war eins der besten spiele die ich vom vfb gesehen habe. Ich dachte da geht man 4 -0 zur Halbzeit runter. Nein man hatte Chancen, klare. Das ist das einzige was man heute zum vorwurf machen könnte, nicht kaltschnäuzig genug. Und rieder vor dem zwei ein an der aussen linie der lupfer? Naja was solls. Top leistung . Hat am tv extrem spass gemacht , real beim schwitzen und schwimmen zu sehen, jede hoffnung jeden joker einzuwechseln und die Verzweiflung wuchs und wuchs 🤣🤣🤣🤣🙏🙏🙏",NEUTRAL,0.0,NEUTRAL,"The comment discusses a game involving VfB and mentions Rieder's performance in a neutral context, expressing no strong positive or negative emotions toward Rieder specifically.",0.6300473213195801,POSITIVE,0.34,POSITIVE
DE_0174,DE,vfb,Deniz Undav,Deniz Undav 🫡,Deniz Undav 🫡,NEUTRAL,0.5,POSITIVE,"The comment includes the player's name followed by a salute emoji (🫡), which often conveys respect or admiration, indicating a positive sentiment towards Deniz Undav.",0.5029558539390564,NEUTRAL,0.0,NEUTRAL
DE_0175,DE,bayer04,Victor Boniface,Omo weyrey @boniface_jrn 😂😂😂😂,Omo weyrey @boniface_jrn 😂😂😂😂,NEUTRAL,0.0,NEUTRAL,"The comment appears to be playful or humorous due to the use of laughing emojis, but it does not contain any words that indicate a positive or negative sentiment towards Victor Boniface. It simply refers to the user's username.",0.48329058289527893,NEUTRAL,0.891,POSITIVE
DE_0176,DE,vfb,Enzo Millot,"Alle direkten Konkurrenten haben gewonnen, maximal bittere und unnötige Niederlage. Jetzt die richtigen Lehren ziehen: Stergiou muss RV spielen, Woltemade ist der stürmer nummer eins, Millot eine längere Pause geben, Jeltsch für die Spieleröffnung rein","Alle direkten Konkurrenten haben gewonnen, maximal bittere und unnötige Niederlage. Jetzt die richtigen Lehren ziehen: Stergiou muss RV spielen, Woltemade ist der stürmer nummer eins, Millot eine längere Pause geben, Jeltsch für die Spieleröffnung rein",NEUTRAL,-0.5,NEGATIVE,"The comment suggests that Enzo Millot should be given a longer break, implying that his performance is not up to standard or that he is not contributing positively to the team. This reflects a negative sentiment towards him.",0.638916015625,NEGATIVE,-0.8316,NEGATIVE
DE_0177,DE,vfb,Deniz Undav,Kurdish deniz undav 😎,Kurdish deniz undav 😎,NEUTRAL,0.0,NEUTRAL,The comment mentions Deniz Undav but does not express a clear positive or negative sentiment towards him. The inclusion of the emoji 😎 does not convey a specific sentiment related to the player's performance or character.,0.4105241298675537,NEUTRAL,0.4588,POSITIVE
DE_0178,DE,bayer04,Victor Boniface,Boniface wan beat person,Boniface wan beat person,NEUTRAL,0.0,NEUTRAL,"The comment suggests that Boniface can 'beat' someone, but it is vague and does not provide a clear positive or negative sentiment about the player. Without additional context, it remains neutral.",0.5653361678123474,NEGATIVE,0.0,NEUTRAL
DE_0179,DE,vfb,Enzo Millot,"Ich bin allen ehrlich, Chase ist echt der Hammer. Millot hat gelb bekommen weil er sich aufregt das da kein Einwurf ist, und der Elfmeter ist keiner, bitte lässt diesen Schiedsrichter nie mehr pfeifen, nicht in den VfB Partien, aber auch nicht in anderen, der ist sogar für Kreisliga zu schlecht","Ich bin allen ehrlich, Chase ist echt der Hammer. Millot hat gelb bekommen weil er sich aufregt das da kein Einwurf ist, und der Elfmeter ist keiner, bitte lässt diesen Schiedsrichter nie mehr pfeifen, nicht in den VfB Partien, aber auch nicht in anderen, der ist sogar für Kreisliga zu schlecht",NEUTRAL,-1.0,NEGATIVE,"The comment primarily criticizes the referee and mentions Millot in a negative context, stating he received a yellow card for arguing about a decision, which implies frustration with his actions related to the game.",0.8681869506835938,NEGATIVE,0.0,NEUTRAL
DE_0180,DE,vfb,Deniz Undav,Where is Undav?,Where is Undav?,NEUTRAL,0.0,NEUTRAL,The comment is a question about the player's absence or current location. It does not convey a positive or negative sentiment towards Deniz Undav.,0.5290236473083496,NEUTRAL,0.0,NEUTRAL
DE_0181,DE,bayer04,Victor Boniface,@boniface_jrn  come wetin do you near your mouth sef,@boniface_jrn  come wetin do you near your mouth sef,NEUTRAL,-1.0,NEGATIVE,"The comment appears to be dismissive or insulting towards Victor Boniface, as it questions his actions or behavior in a derogatory manner. The language used suggests negativity towards him.",0.4834914803504944,NEGATIVE,0.0,NEUTRAL
DE_0182,DE,vfb,Enzo Millot,"Ich glaub wir sind das beste und schlechteste Team zu gleich was ich je gesehen hab. Wie mann so ein gutes Spiel machen kann, bloß um dann mit eigenen Fehler alles aber wirklich alles im Klo runter zuspülen ist echt krass. Von vagnoman hab ich jetzt wirklich echt genug gesehen, millot auch schon lange nicht mehr der von Beginn der Saison und wieso nübel gefühlt das halbe Spiel lang denn ball lang hammert ausser da wo jeder gedeckt ist, ist auch stark. Wiederum ist das 1:1 wahrscheinlich abseits, dess so länger das spiel ging dess so schlechter wurde der schiri und jeltsch, woltemade, Stiller und auch noch einige andere haben heute eigentlich ein solides Spiel gemacht. Es gibt jetzt für uns zwei Optionen entweder wir verkacken jetzt auch gegen Kiel und Rutschen so auf BVB Niveau ab, oder wir spielen so weiter wie wir es heute vorallem in der ersten Halbzeit getan haben und fangen endlich wieder an spiele zu gewinnen. Weil eigentlich kann man sich wenn man selber nicht so unfassbar dumm gewesen wäre, heute nur wenig vor werfen. AUF GEHT'S VFB wir reisen uns jetzt endlich mal wieder zusammen und fangen endlich wieder das Siegen an ⚪️🔴","Ich glaub wir sind das beste und schlechteste Team zu gleich was ich je gesehen hab. Wie mann so ein gutes Spiel machen kann, bloß um dann mit eigenen Fehler alles aber wirklich alles im Klo runter zuspülen ist echt krass. Von vagnoman hab ich jetzt wirklich echt genug gesehen, millot auch schon lange nicht mehr der von Beginn der Saison und wieso nübel gefühlt das halbe Spiel lang denn ball lang hammert ausser da wo jeder gedeckt ist, ist auch stark. Wiederum ist das 1:1 wahrscheinlich abseits, dess so länger das spiel ging dess so schlechter wurde der schiri und jeltsch, woltemade, Stiller und auch noch einige andere haben heute eigentlich ein solides Spiel gemacht. Es gibt jetzt für uns zwei Optionen entweder wir verkacken jetzt auch gegen Kiel und Rutschen so auf BVB Niveau ab, oder wir spielen so weiter wie wir es heute vorallem in der ersten Halbzeit getan haben und fangen endlich wieder an spiele zu gewinnen. Weil eigentlich kann man sich wenn man selber nicht so unfassbar dumm gewesen wäre, heute nur wenig vor werfen. AUF GEHT'S VFB wir reisen uns jetzt endlich mal wieder zusammen und fangen endlich wieder das Siegen an ⚪️🔴",NEUTRAL,-0.5,NEGATIVE,"The comment expresses frustration with the performance of the team and individual players, including Enzo Millot. It suggests that Millot has not performed well compared to earlier in the season, contributing to a negative sentiment towards him.",0.5045729875564575,POSITIVE,0.0,NEUTRAL
DE_0183,DE,vfb,Deniz Undav,Ist Undav da??,Ist Undav da??,NEUTRAL,0.0,NEUTRAL,"The comment is a question asking if Deniz Undav is present, which does not convey a positive or negative sentiment towards the player.",0.650772213935852,NEUTRAL,0.0,NEUTRAL
DE_0184,DE,bayer04,Victor Boniface,@boniface_jrn come drop caption buddy 😂😂,@boniface_jrn come drop caption buddy 😂😂,NEUTRAL,0.0,NEUTRAL,"The comment addresses Victor Boniface in a casual manner, asking him to drop a caption. It does not express strong feelings, either positive or negative, toward Boniface, making it neutral.",0.48989138007164,NEUTRAL,0.5719,POSITIVE
DE_0185,DE,vfb,Deniz Undav,Undav Einzelsturm???,Undav Einzelsturm???,NEUTRAL,0.0,NEUTRAL,"The comment 'Undav Einzelsturm???' is questioning or commenting on Undav's role or performance as a solo striker, without expressing a clear positive or negative sentiment. The use of '???' indicates confusion or seeking clarification rather than a strong opinion.",0.5091838836669922,NEUTRAL,0.0,NEUTRAL
DE_0186,DE,bayer04,Victor Boniface,No😢Where’s Boniface?,No😢Where’s Boniface?,NEUTRAL,-1.0,NEGATIVE,"The comment expresses a sense of disappointment or concern ('No😢') regarding Victor Boniface's absence, which indicates a negative sentiment towards the current situation related to the player.",0.8223423957824707,NEGATIVE,0.3724,POSITIVE
DE_0187,DE,vfb,Deniz Undav,"Chabot, König der Lüfte, Fürst von Cannstatt und Verteidigungsminister ⚪️🔴(Undav gibt nach dem faux pas ne Runde Döner für alle aus)","Chabot, König der Lüfte, Fürst von Cannstatt und Verteidigungsminister ⚪️🔴(Undav gibt nach dem faux pas ne Runde Döner für alle aus)",NEUTRAL,0.0,NEUTRAL,"The comment does not directly express a positive or negative sentiment towards Deniz Undav. It mentions him in passing regarding a 'faux pas' but the overall tone is not clearly positive or negative, making it neutral.",0.7658737301826477,NEUTRAL,0.0,NEUTRAL
DE_0188,DE,bayer04,Victor Boniface,Instagram Admin have joined Facebook and Twitter admin 😂😂😂 but Admin what do you know about comrade? Naija influence 😂 instead of Boniface to start forming foreign accent it's the other way round 😂 he will be comfortably speaking pidgin to them and they will understand 😂,Instagram Admin have joined Facebook and Twitter admin 😂😂😂 but Admin what do you know about comrade? Naija influence 😂 instead of Boniface to start forming foreign accent it's the other way round 😂 he will be comfortably speaking pidgin to them and they will understand 😂,NEUTRAL,0.0,NEUTRAL,"The comment primarily discusses the social media presence and communication style of Victor Boniface, using humor and cultural references. While it hints at a positive and relatable aspect of Boniface's character, the overall tone is more about social media commentary rather than a direct sentiment towards the player.",0.4329967498779297,NEGATIVE,0.9643,POSITIVE
DE_0189,DE,vfb,Deniz Undav,"Super spiel! Aber leider vercoacht. Undav braucht Platz und Raum. Das geht als einzige Spitze nicht. Selbst Nagelsmann hat’s verstanden und havertz und Undav zusammen auflaufen lassen. Schade, aber SUPER spiel","Super spiel! Aber leider vercoacht. Undav braucht Platz und Raum. Das geht als einzige Spitze nicht. Selbst Nagelsmann hat’s verstanden und havertz und Undav zusammen auflaufen lassen. Schade, aber SUPER spiel",NEUTRAL,0.5,POSITIVE,"The comment praises the player's performance ('Super spiel') and suggests that they need better positioning, indicating a positive outlook on Undav's capabilities. While it expresses some frustration with the coaching decisions, it ultimately conveys support for Undav's talent.",0.9135875105857849,NEGATIVE,0.8697,POSITIVE
DE_0190,DE,bayer04,Victor Boniface,Werey nhi @boniface_jrn 😂,Werey nhi @boniface_jrn 😂,NEUTRAL,0.0,NEUTRAL,"The comment includes a nickname or term 'Werey' which is a playful or teasing phrase in some languages, but it does not express a clear positive or negative sentiment directly towards Victor Boniface. The laughing emoji indicates a light-heartedness, suggesting that the comment is not meant to be taken seriously. Therefore, it remains neutral.",0.4672583043575287,NEUTRAL,0.4404,POSITIVE
DE_0191,DE,vfb,Deniz Undav,Undav robbed of a 2nd assist😢,Undav robbed of a 2nd assist😢,NEUTRAL,0.0,NEUTRAL,"The comment mentions Deniz Undav, indicating that he was involved in a play where he could have received a second assist. However, the sentiment does not express a clear positive or negative feeling towards him, as it simply states an observation about the situation.",0.9374075531959534,NEGATIVE,-0.4767,NEGATIVE
DE_0192,DE,bayer04,Victor Boniface,Boniface making a face! 🇳🇬,Boniface making a face! 🇳🇬,NEUTRAL,0.0,NEUTRAL,The comment is neutral as it simply states a fact about Victor Boniface making a face and does not express any positive or negative sentiment towards him.,0.6479014158248901,POSITIVE,0.0,NEUTRAL
DE_0193,DE,bayer04,Victor Boniface,You don finally possess firmpong 😂 @boniface_jrn,You don finally possess firmpong 😂 @boniface_jrn,NEUTRAL,0.0,NEUTRAL,"The comment mentions Victor Boniface indirectly through a mention (@boniface_jrn), but the main content refers to someone named Firmpong, and it does not express a clear sentiment towards Boniface. It contains humor with the laughing emoji, but it does not convey a positive or negative sentiment about Boniface.",0.43153202533721924,POSITIVE,0.4404,POSITIVE
DE_0194,DE,bayer04,Victor Boniface,"Boniface, Hradecky ?????","Boniface, Hradecky ?????",NEUTRAL,0.0,NEUTRAL,"The comment mentions Victor Boniface's name alongside Hradecky, but it does not express any clear sentiment or opinion about Boniface. The use of question marks makes it unclear if there is uncertainty or confusion regarding these players, leading to a neutral sentiment.",0.7536417841911316,NEUTRAL,0.0,NEUTRAL
DE_0195,DE,bvb,Emre Can,"Der Trainer hat super Spieler nur leider macht er keine Einheit daraus. Der beste Stürmer bekommt keine Bälle. Es fehlt in der Abwehr an Erfahrung. Hummels ? Was bringen einem schnelle Spieler wenn du im Mittelfeld Can hast, der jedes Mal das Tempo verschleppt. Hier fehlt eindeutig ein erfahrener Trainer.  Jedes Mal das hoffen nach der Halbzeit geht's los bei Dortmund..... aber nix passiert.  Es wird nicht früh genug angegriffen.  Guckt sich sahin keine anderen Spiele an Stuttgart,  Bayern, Leverkusen....","Der Trainer hat super Spieler nur leider macht er keine Einheit daraus. Der beste Stürmer bekommt keine Bälle. Es fehlt in der Abwehr an Erfahrung. Hummels ? Was bringen einem schnelle Spieler wenn du im Mittelfeld Can hast, der jedes Mal das Tempo verschleppt. Hier fehlt eindeutig ein erfahrener Trainer.  Jedes Mal das hoffen nach der Halbzeit geht's los bei Dortmund..... aber nix passiert.  Es wird nicht früh genug angegriffen.  Guckt sich sahin keine anderen Spiele an Stuttgart,  Bayern, Leverkusen....",NEGATIVE,-1.0,NEGATIVE,"The comment criticizes Emre Can, stating he slows down the tempo in midfield. The negative sentiment is directed at his performance within the context of the team's overall issues.",0.9432170391082764,NEGATIVE,0.5994,POSITIVE
DE_0196,DE,bayer04,Victor Boniface,Boniface must be there anywhere way trouble dy him dy,Boniface must be there anywhere way trouble dy him dy,NEGATIVE,-1.0,NEGATIVE,"The comment suggests that Boniface is causing trouble or issues, which reflects a negative sentiment towards him. The phrase 'anywhere way trouble dy him dy' implies that he is a source of problems.",0.9063432216644287,NEGATIVE,-0.4019,NEGATIVE
DE_0197,DE,vfb,Fabian Rieder,starker typ. währenddessen ist demirovics torgefahr einfach despawned genauso wie fabian rieder. manche sachen check ich einfach nicht,starker typ. währenddessen ist demirovics torgefahr einfach despawned genauso wie fabian rieder. manche sachen check ich einfach nicht,NEGATIVE,-1.0,NEGATIVE,"The comment refers to Fabian Rieder in a negative context, stating that his goal threat has 'despawned.' This implies disappointment or criticism towards his performance.",0.8347152471542358,NEGATIVE,0.0,NEUTRAL
DE_0198,DE,vfb,Anrie Chase,"Die rechte Seite mit Rouault / Vagnoman war ein Totalausfall , dadurch konnten sich die Paulianer gut auf die andere Seite einstellen , da der VfB sehr berechenbar war .Chase ist und bleibt ein Unsicherheitsfaktor !Demirović rennt seiner Form hinterher , er kämpft , rackert , aber trifft leider das Tor nicht .Fazit : der VfB kommt auf dem Zahnfleisch daher und die Pause tut mehr als gut .Neues Jahr , alle wieder fit, dann wieder angreifen .Man muß auch in schlechteren Zeiten zu seiner Mannschaft stehen .Allen VfB Fans ein frohes und gesegnetes Weihnachtsfest .1893 💪💪","Die rechte Seite mit Rouault / Vagnoman war ein Totalausfall , dadurch konnten sich die Paulianer gut auf die andere Seite einstellen , da der VfB sehr berechenbar war .Chase ist und bleibt ein Unsicherheitsfaktor !Demirović rennt seiner Form hinterher , er kämpft , rackert , aber trifft leider das Tor nicht .Fazit : der VfB kommt auf dem Zahnfleisch daher und die Pause tut mehr als gut .Neues Jahr , alle wieder fit, dann wieder angreifen .Man muß auch in schlechteren Zeiten zu seiner Mannschaft stehen .Allen VfB Fans ein frohes und gesegnetes Weihnachtsfest .1893 💪💪",NEGATIVE,-0.5,NEGATIVE,"The comment expresses dissatisfaction with Anrie Chase, referring to him as 'ein Unsicherheitsfaktor', which translates to 'a factor of uncertainty'. This indicates a negative sentiment toward his performance.",0.5511844754219055,NEGATIVE,-0.9726,NEGATIVE
DE_0199,DE,vfb,Ermedin Demirovic,Mensch ist der Demirovic schlecht. 21 Mio. für so einen. Ein 9-er und ein IV müssen im Januar her.,Mensch ist der Demirovic schlecht. 21 Mio. für so einen. Ein 9-er und ein IV müssen im Januar her.,NEGATIVE,-1.0,NEGATIVE,"The comment expresses a strong negative opinion about Demirovic, describing him as 'schlecht' (bad) and implying that he is not worth the 21 million. It suggests the need for better players, which reflects dissatisfaction with Demirovic specifically.",0.9306332468986511,NEGATIVE,0.0,NEUTRAL
DE_0200,DE,bvb,Karim Adeyemi,"Kann er das bitte adeyemi beibringen, der wäre wieder 3 mal ausgerutscht auf 6 Metern","Kann er das bitte adeyemi beibringen, der wäre wieder 3 mal ausgerutscht auf 6 Metern",NEGATIVE,-1.0,NEGATIVE,"The comment implies that Karim Adeyemi lacks skill or consistency, as suggested by the phrase 'wieder 3 mal ausgerutscht', indicating a negative view of his performance.",0.8197531700134277,NEGATIVE,0.0,NEUTRAL
DE_0201,DE,fcbayern,Min-Jae Kim,"Kim raus, Upamecano, Kompany  IV","Kim raus, Upamecano, Kompany  IV",NEGATIVE,-1.0,NEGATIVE,"The comment 'Kim raus' translates to 'Kim out,' which expresses a negative sentiment towards Min-Jae Kim. The rest of the comment mentions other players but does not offset the negative sentiment directed at Kim.",0.8212030529975891,NEUTRAL,0.0,NEUTRAL
DE_0202,DE,fcbayern,Michael Olise,Olise ist so schlecht,Olise ist so schlecht,NEGATIVE,-1.0,NEGATIVE,"The comment 'Olise ist so schlecht' directly translates to 'Olise is so bad', which clearly expresses a negative sentiment towards Michael Olise.",0.9527751803398132,NEGATIVE,0.0,NEUTRAL
DE_0203,DE,bvb,Maximilian Beier,"Nach der heutigen ""Leistung"" kann ich wirklich nicht verstehen, warum wir Beier unbedingt kaufen müssten!? Er gibt 1. keine akute Position für ihn. Außer Brandt wäre verletzt. 2. Fehlt es ihm an Körperlichkeit und akaltschnäuzigkeit im Abschluss!","Nach der heutigen ""Leistung"" kann ich wirklich nicht verstehen, warum wir Beier unbedingt kaufen müssten!? Er gibt 1. keine akute Position für ihn. Außer Brandt wäre verletzt. 2. Fehlt es ihm an Körperlichkeit und akaltschnäuzigkeit im Abschluss!",NEGATIVE,-1.0,NEGATIVE,"The comment expresses frustration and disappointment regarding Maximilian Beier's performance, suggesting that there is no clear reason to acquire him and criticizing his physicality and finishing ability.",0.9346214532852173,NEGATIVE,0.0,NEUTRAL
DE_0204,DE,vfb,Deniz Undav,Alles nur wegen Undavs Rolls Royce 😪,Alles nur wegen Undavs Rolls Royce 😪,NEGATIVE,0.0,NEUTRAL,The comment mentions Deniz Undav in relation to a Rolls Royce but does not express a clear positive or negative feeling towards the player. The sentiment is neutral as it focuses on the car rather than Undav's performance or character.,0.7783060073852539,NEGATIVE,0.0,NEUTRAL
DE_0205,DE,fcbayern,Dayot Upamecano,Is better than Kim and Upamecano,Is better than Kim and Upamecano,NEGATIVE,0.0,NEUTRAL,The comment compares Dayot Upamecano with another player (Kim) but does not express a clear positive or negative sentiment towards Upamecano himself. The phrase 'better than Kim and Upamecano' suggests a comparison but lacks definitive praise or criticism for Upamecano.,0.3790619671344757,NEUTRAL,0.4404,POSITIVE
DE_0206,DE,vfb,Jeff Chabot,"Sehr starke Leistung man kann Stolz sein aber wieder Abwehrschwächen um Chabot, Mittelstädt sehr schwache.","Sehr starke Leistung man kann Stolz sein aber wieder Abwehrschwächen um Chabot, Mittelstädt sehr schwache.",NEGATIVE,0.0,NEUTRAL,"The comment acknowledges a strong performance but also highlights defensive weaknesses associated with Chabot and another player, Mittelstädt. The mixed nature of the feedback results in a neutral sentiment.",0.5191044211387634,NEGATIVE,0.0,NEUTRAL
DE_0207,DE,vfb,Alexander Nübel,"Beim 3ten Treffer muß nübel durchlaufen nie stoppen immer die gleichen Fehler aller Torhüter, nübel trainier das","Beim 3ten Treffer muß nübel durchlaufen nie stoppen immer die gleichen Fehler aller Torhüter, nübel trainier das",NEGATIVE,-1.0,NEGATIVE,"The comment criticizes Nübel for making repeated mistakes, specifically in relation to a third goal, suggesting he needs to improve and train harder. This indicates a negative sentiment towards Nübel.",0.7153368592262268,NEGATIVE,-0.5994,NEGATIVE
DE_0208,DE,vfb,Angelo Stiller,"Karazor, Stiller so schlecht","Karazor, Stiller so schlecht",NEGATIVE,-1.0,NEGATIVE,"The comment directly states that both Karazor and Stiller are 'so schlecht' (so bad), indicating a negative sentiment towards both players. The mention of Stiller makes it clear that the comment refers to him, resulting in a negative sentiment score.",0.9238024950027466,NEGATIVE,0.0,NEUTRAL
DE_0209,DE,bvb,Nico Schlotterbeck,Emre can wie kann so einer Kapitän sein der schlechteste Mittelfeld spieler in der BL ein sabitzer sitzt 75 Minuten auf der bank schlotterbeck grauenhaft couto auch echt nicht gut dieses spiel dann kommt ein bensebaini rein der absolut schlecht ist schon seit dem er bei Dortmund ist beier auch echt nicht gut also und das schlimmste ist keiner außer ryerson und guirassy hat versucht zu kämpfen,Emre can wie kann so einer Kapitän sein der schlechteste Mittelfeld spieler in der BL ein sabitzer sitzt 75 Minuten auf der bank schlotterbeck grauenhaft couto auch echt nicht gut dieses spiel dann kommt ein bensebaini rein der absolut schlecht ist schon seit dem er bei Dortmund ist beier auch echt nicht gut also und das schlimmste ist keiner außer ryerson und guirassy hat versucht zu kämpfen,NEGATIVE,-1.0,NEGATIVE,"The comment criticizes multiple players, including Nico Schlotterbeck, describing him as 'grauenhaft' (terrible), which indicates a strong negative sentiment towards his performance.",0.9546582698822021,NEGATIVE,0.6166,POSITIVE
DE_0210,DE,vfb,Enzo Millot,"Meine Erkenntnisse nach dem Heimspiel in der Bundesliga gegen Borussia Mönchengladbach 🤍❤️1. Eine gebrauchte Woche für uns 😕2. Die dritte Pflichtspielniederlage in Serie - erstmals unter Sebastian Hoeneß. 3. Gladbach hat absolut verdient gewonnen 💯4. Erstmals seit 2015 wieder ein Heimspiel in der Bundesliga gegen Gladbach verloren. 5. Die sechste Liga-Pleite in dieser Saison, drei davon Zuhause. 6. Unter Sebastian Hoeneß mit unser schlechtestes Heimspiel gemacht 🙈7. Die gute Ausgangslage in der Bundesliga verspielt. Statt sich etwas abzusetzen, ist jetzt zwischen Platz 4 und 10 alles viel enger zusammengerückt 🫣8. Die Abwehr aktuell wieder neben der Spur, wir kriegen immer und immer wieder viel zu einfache und unnötige Gegentore. Zieht sich wie ein roter Faden durch die Saison 😫9. Demi und Undav aktuell auch leider schwierig. Der Offensiv - Motor was unser Prunkstück normalerweise ist, hakt gewaltig 🤷‍♂️10. Sorry aber Enzo Millot regt mich seit Wochen richtig auf! 🙄 Seit es Wechsel-Gerüchte gab bzw er von PSG gesprochen hat, kommt da kaum noch Leistung. Das ist viel zu wenig, wenn man mit dem Kopf nicht 100 % beim VfB ist, kann man gehen. 11. Es war unser 7 Spiel in 20 Tagen! Das merkt man leider einfach, es fehlt vieles aktuell. Deshalb bin ich froh das nach Augsburg/Dortmund keine englische Wochen mehr anstehen 🙏 Dann haben wir mehr Training und eine komplette Woche Zeit uns auf die Gegner vorbereiten, bin sicher das wird der Mannschaft gut tun 💯12. Jetzt voller Fokus auf das Pokalspiel gegen Augsburg! 100 % Leistungssteigerung, egal wie, wir müssen das ziehen um nicht erst in einem Negativsprudel reinzukommen. Danach gucken was in Dortmund geht. Jetzt muss die Mannschaft eine Reaktion zeigen 🤍❤️","Meine Erkenntnisse nach dem Heimspiel in der Bundesliga gegen Borussia Mönchengladbach 🤍❤️1. Eine gebrauchte Woche für uns 😕2. Die dritte Pflichtspielniederlage in Serie - erstmals unter Sebastian Hoeneß. 3. Gladbach hat absolut verdient gewonnen 💯4. Erstmals seit 2015 wieder ein Heimspiel in der Bundesliga gegen Gladbach verloren. 5. Die sechste Liga-Pleite in dieser Saison, drei davon Zuhause. 6. Unter Sebastian Hoeneß mit unser schlechtestes Heimspiel gemacht 🙈7. Die gute Ausgangslage in der Bundesliga verspielt. Statt sich etwas abzusetzen, ist jetzt zwischen Platz 4 und 10 alles viel enger zusammengerückt 🫣8. Die Abwehr aktuell wieder neben der Spur, wir kriegen immer und immer wieder viel zu einfache und unnötige Gegentore. Zieht sich wie ein roter Faden durch die Saison 😫9. Demi und Undav aktuell auch leider schwierig. Der Offensiv - Motor was unser Prunkstück normalerweise ist, hakt gewaltig 🤷‍♂️10. Sorry aber Enzo Millot regt mich seit Wochen richtig auf! 🙄 Seit es Wechsel-Gerüchte gab bzw er von PSG gesprochen hat, kommt da kaum noch Leistung. Das ist viel zu wenig, wenn man mit dem Kopf nicht 100 % beim VfB ist, kann man gehen. 11. Es war unser 7 Spiel in 20 Tagen! Das merkt man leider einfach, es fehlt vieles aktuell. Deshalb bin ich froh das nach Augsburg/Dortmund keine englische Wochen mehr anstehen 🙏 Dann haben wir mehr Training und eine komplette Woche Zeit uns auf die Gegner vorbereiten, bin sicher das wird der Mannschaft gut tun 💯12. Jetzt voller Fokus auf das Pokalspiel gegen Augsburg! 100 % Leistungssteigerung, egal wie, wir müssen das ziehen um nicht erst in einem Negativsprudel reinzukommen. Danach gucken was in Dortmund geht. Jetzt muss die Mannschaft eine Reaktion zeigen 🤍❤️",NEGATIVE,-0.8,NEGATIVE,"The comment expresses significant frustration with Enzo Millot's performance, suggesting he has not been playing well since transfer rumors began. The phrase 'Enzo Millot regt mich seit Wochen richtig auf!' indicates a strong negative sentiment toward the player.",0.45159050822257996,NEGATIVE,-0.9903,NEGATIVE
DE_0211,DE,bvb,Julian Brandt,"Sorry Leute aber ich finde die Mannschaft ist eher schlechter geworden anstatt besser- Sabitzer Brandt Schlotti, diese Spieler sind einfach so weit weg von ihrer Leistung der letzten Saison! Was macht Sahin im Training? Ich bin so enttäuscht, es läuft wirklich schlecht und das sollte man AUFHÖREN SCHÖN ZU REDEN! WO IST DER BVB DER DOMINANZ AUSSTRAHLT AB MINUTE 1 ?","Sorry Leute aber ich finde die Mannschaft ist eher schlechter geworden anstatt besser- Sabitzer Brandt Schlotti, diese Spieler sind einfach so weit weg von ihrer Leistung der letzten Saison! Was macht Sahin im Training? Ich bin so enttäuscht, es läuft wirklich schlecht und das sollte man AUFHÖREN SCHÖN ZU REDEN! WO IST DER BVB DER DOMINANZ AUSSTRAHLT AB MINUTE 1 ?",NEGATIVE,-0.7,NEGATIVE,"The comment expresses disappointment and criticism about the overall performance of the team, specifically mentioning Julian Brandt as part of a group of players who are seen as underperforming compared to the previous season. The phrases 'einfach so weit weg von ihrer Leistung' (simply far away from their performance) indicate a negative sentiment towards Brandt's contributions. The overall tone reflects dissatisfaction and frustration.",0.9644621014595032,NEGATIVE,-0.7306,NEGATIVE
DE_0212,DE,vfb,Jamie Leweling,Leweling raus,Leweling raus,NEGATIVE,-1.0,NEGATIVE,"The comment 'Leweling raus' translates to 'Leweling out,' indicating a negative sentiment towards Jamie Leweling, suggesting that the commenter wants him removed from the team.",0.4602726101875305,NEGATIVE,0.0,NEUTRAL
DE_0213,DE,vfb,Pascal Stenzel,Undav Katastrophe muss den Ball auf Millot oder Jamie spielen dann Laufen beide alleine auf das FREIBURGER Tor zu. Und ist mir zu schläfrig. Millot bemüht…Krätzig und Stenzel raus.,Undav Katastrophe muss den Ball auf Millot oder Jamie spielen dann Laufen beide alleine auf das FREIBURGER Tor zu. Und ist mir zu schläfrig. Millot bemüht…Krätzig und Stenzel raus.,NEGATIVE,-1.0,NEGATIVE,"The comment includes dissatisfaction towards the performance of Stenzel, as indicated by the phrase 'Stenzel raus' implying he should be taken out. The broader context of criticizing teammates suggests a negative view towards Stenzel's impact in the game.",0.937160074710846,NEGATIVE,0.0,NEUTRAL
DE_0214,DE,bvb,Emre Can,"Can als Kapitän, Sahin als Trainer. Wer hat euch angelogen 😂😂😂😭","Can als Kapitän, Sahin als Trainer. Wer hat euch angelogen 😂😂😂😭",NEGATIVE,-0.5,NEGATIVE,"The comment implies criticism towards Emre Can's leadership role ('Can als Kapitän'), suggesting that he is not a fitting captain. The use of laughter and crying emojis further emphasizes skepticism about the situation, indicating a negative sentiment towards Can's position.",0.7747462391853333,NEGATIVE,0.6808,POSITIVE
DE_0215,DE,bayer04,Victor Boniface,"Nothing u wan tell me now, na Okija guy be the handler of this account... How can Boniface influence Bayern club😂😂😂😂😂","Nothing u wan tell me now, na Okija guy be the handler of this account... How can Boniface influence Bayern club😂😂😂😂😂",NEGATIVE,-1.0,NEGATIVE,"The comment expresses disbelief and mockery towards Victor Boniface's potential influence at Bayern, suggesting irrelevance or incompetence with the use of laughing emojis.",0.6225137710571289,NEGATIVE,0.926,POSITIVE
DE_0216,DE,vfb,Anrie Chase,Bisher bin ich nicht überzeugt. Stellungsspiel und Zusammenspiel mit Chase sind noch gut ausbaufähig 🤷‍♂️,Bisher bin ich nicht überzeugt. Stellungsspiel und Zusammenspiel mit Chase sind noch gut ausbaufähig 🤷‍♂️,NEGATIVE,-0.5,NEGATIVE,"The comment expresses a lack of conviction in Anrie Chase's performance, specifically mentioning areas of improvement in positioning and teamwork. The use of 'nicht überzeugt' indicates disappointment or criticism.",0.3880954086780548,NEGATIVE,0.0,NEUTRAL
DE_0217,DE,vfb,Ermedin Demirovic,@e.demirovic29 streng dich mal an junge du kannst mehr,@e.demirovic29 streng dich mal an junge du kannst mehr,NEGATIVE,-0.5,NEGATIVE,"The comment suggests that Ermedin Demirovic is not performing at his best and encourages him to put in more effort. This implies disappointment in his performance, which leads to a negative sentiment.",0.5575024485588074,POSITIVE,0.0,NEUTRAL
DE_0218,DE,fcbayern,Min-Jae Kim,Better than kim men jae 😂,Better than kim men jae 😂,NEGATIVE,0.0,NEUTRAL,"The comment makes a comparison but does not provide clear positive or negative sentiment towards Min-Jae Kim. The use of 'better than' suggests some level of superiority but lacks context about why, rendering the sentiment neutral overall.",0.43010076880455017,POSITIVE,0.7003,POSITIVE
DE_0219,DE,bvb,Maximilian Beier,Einfach mal Mit dem malen wechsel zwar ein Spiel rein gebracht aber gleichzeitig auch beier aus dem Spiel genommen das hab ich bei keinem Trainer noch gesehen Respekt nuri,Einfach mal Mit dem malen wechsel zwar ein Spiel rein gebracht aber gleichzeitig auch beier aus dem Spiel genommen das hab ich bei keinem Trainer noch gesehen Respekt nuri,NEGATIVE,0.0,NEUTRAL,The comment discusses a tactical decision regarding the gameplay which shows a level of analysis but does not express a clear positive or negative sentiment towards Maximilian Beier. The focus is more on the coach's decision rather than Beier's performance.,0.48689666390419006,NEGATIVE,0.0,NEUTRAL
DE_0220,DE,vfb,Deniz Undav,Undav gefühlt die ganze Halbzeit am pennen😅,Undav gefühlt die ganze Halbzeit am pennen😅,NEGATIVE,-0.5,NEGATIVE,"The comment criticizes Deniz Undav by suggesting that he seemed to be 'sleeping' during the match, indicating a lack of effort or performance. The use of the laughing emoji (😅) may soften the criticism but does not change the overall negative sentiment towards Undav.",0.6021794676780701,NEUTRAL,-0.34,NEGATIVE
DE_0221,DE,fcbayern,Dayot Upamecano,Better Than Upamecano Any day twice in Sunday,Better Than Upamecano Any day twice in Sunday,NEGATIVE,-1.0,NEGATIVE,"The comment explicitly states that the speaker believes someone is better than Upamecano, indicating a negative sentiment towards Upamecano himself.",0.4261643886566162,NEUTRAL,0.4404,POSITIVE
DE_0222,DE,vfb,Jeff Chabot,Hört auf über den Schiedsrichter zu jammern! Bei dieser chaotischen Innenverteidigung kannst nichts anderes erwarten!! Chabot ist nicht umsonst mit Köln abgestiegen. Nichts desto trotz! Mund abwischen und weitermachen. Forza VfB,Hört auf über den Schiedsrichter zu jammern! Bei dieser chaotischen Innenverteidigung kannst nichts anderes erwarten!! Chabot ist nicht umsonst mit Köln abgestiegen. Nichts desto trotz! Mund abwischen und weitermachen. Forza VfB,NEGATIVE,-1.0,NEGATIVE,"The comment criticizes Jeff Chabot, implying he is part of a chaotic defense leading to the team’s downfall. The phrase 'Chabot ist nicht umsonst mit Köln abgestiegen' directly blames him for relegation, indicating a negative sentiment towards him.",0.875991702079773,NEGATIVE,0.0,NEUTRAL
DE_0223,DE,vfb,Alexander Nübel,Nübel Trauerspiel,Nübel Trauerspiel,NEGATIVE,-1.0,NEGATIVE,"The comment uses the term 'Trauerspiel', which translates to 'tragedy' or 'disaster', indicating a negative sentiment towards Alexander Nübel.",0.8449876308441162,NEGATIVE,0.0,NEUTRAL
DE_0224,DE,vfb,Angelo Stiller,"Schlechtes Spiel ! Kein Spiel, keine Räume und Kopf ist schon im Urlaub bei denen. @angelo.stiller war heute tot. @e.demirovic29 ist der beste.","Schlechtes Spiel ! Kein Spiel, keine Räume und Kopf ist schon im Urlaub bei denen. @angelo.stiller war heute tot. @e.demirovic29 ist der beste.",NEGATIVE,-1.0,NEGATIVE,"@angelo.stiller was referred to negatively in the context of having a bad game, described as 'tot' (dead) in performance, indicating a lack of contribution and presence.",0.9341213703155518,NEGATIVE,-0.636,NEGATIVE
DE_0225,DE,bvb,Nico Schlotterbeck,Schlotterbeck kann draußen bleiben nächstes spiel,Schlotterbeck kann draußen bleiben nächstes spiel,NEGATIVE,-1.0,NEGATIVE,"The comment suggests that Schlotterbeck should stay out (not play) for the next game, indicating disapproval of his performance or presence on the team.",0.7681460976600647,NEUTRAL,0.0,NEUTRAL
DE_0226,DE,vfb,Enzo Millot,Undav Katastrophe muss den Ball auf Millot oder Jamie spielen dann Laufen beide alleine auf das FREIBURGER Tor zu. Und ist mir zu schläfrig. Millot bemüht…Krätzig und Stenzel raus.,Undav Katastrophe muss den Ball auf Millot oder Jamie spielen dann Laufen beide alleine auf das FREIBURGER Tor zu. Und ist mir zu schläfrig. Millot bemüht…Krätzig und Stenzel raus.,NEGATIVE,0.0,NEUTRAL,"The comment discusses Enzo Millot's performance, mentioning he is 'bemüht' (trying hard), which is somewhat positive, but the overall tone is critical regarding the team's situation and performance, making it more neutral.",0.937160074710846,NEGATIVE,0.0,NEUTRAL
DE_0227,DE,bvb,Julian Brandt,"Auftritt ist bodenlose Frechheit, Nmecha und Brandt spielen unterirdisch, Sabitzer hat im Team aktuell nichts verloren, Startelf von Sahin völlig unverständlich. In der Führungsetage ist mit Ricken, Kehl und Sahin und früher Tersic viel zu viel Stallgeruch, mit zuwenig Qualität","Auftritt ist bodenlose Frechheit, Nmecha und Brandt spielen unterirdisch, Sabitzer hat im Team aktuell nichts verloren, Startelf von Sahin völlig unverständlich. In der Führungsetage ist mit Ricken, Kehl und Sahin und früher Tersic viel zu viel Stallgeruch, mit zuwenig Qualität",NEGATIVE,-1.0,NEGATIVE,"The comment expresses strong dissatisfaction with the performance of Julian Brandt alongside other players, characterizing their performance as 'unterirdisch' (which means 'underneath' or 'very bad') and criticizing the overall quality of the team. The specific mention of Brandt indicates a negative sentiment towards him.",0.8811219930648804,NEGATIVE,0.0,NEUTRAL
DE_0228,DE,vfb,Jamie Leweling,"Warum nicht Silas,Leweling war auch total Ausfall","Warum nicht Silas,Leweling war auch total Ausfall",NEGATIVE,-1.0,NEGATIVE,"The comment expresses dissatisfaction with Jamie Leweling, stating that he was a total failure ('total Ausfall'). The sentiment is clearly negative towards him.",0.9374368786811829,NEGATIVE,-0.5994,NEGATIVE
DE_0229,DE,vfb,Pascal Stenzel,Lernresistent TUT DOCH STENZEL GEGEN VAGNOMAN RAUS WAS IST SO SCHWER DARAN?,Lernresistent TUT DOCH STENZEL GEGEN VAGNOMAN RAUS WAS IST SO SCHWER DARAN?,NEGATIVE,-1.0,NEGATIVE,"The comment expresses frustration with Stenzel's performance and suggests that he should be substituted for another player (Vagnoman). The use of the word 'lernresistent' implies a criticism of Stenzel's inability to learn or improve. The comment is directed specifically at Stenzel, which supports the negative sentiment.",0.9223080277442932,NEGATIVE,0.0,NEUTRAL
DE_0230,DE,bvb,Emre Can,"Couto und Baier krasse Fehltransfers.  Bensebaini ist jetzt sogar noch schlecht als vorher.Emre Can ist immer noch der schlechteste 6er der Liga.Kobels Zeitspiel da hinten regt mich am alllller meisten auf. 0,0 Sicherheit. Es wird Zeit für 5-6 neue Spieler.","Couto und Baier krasse Fehltransfers.  Bensebaini ist jetzt sogar noch schlecht als vorher.Emre Can ist immer noch der schlechteste 6er der Liga.Kobels Zeitspiel da hinten regt mich am alllller meisten auf. 0,0 Sicherheit. Es wird Zeit für 5-6 neue Spieler.",NEGATIVE,-1.0,NEGATIVE,"The comment explicitly states that 'Emre Can ist immer noch der schlechteste 6er der Liga', which translates to 'Emre Can is still the worst 6 in the league', indicating a strong negative sentiment towards Emre Can.",0.9572727680206299,NEGATIVE,0.0,NEUTRAL
DE_0231,DE,vfb,Ermedin Demirovic,Demirovic könnt ihr gleich wieder verkaufen,Demirovic könnt ihr gleich wieder verkaufen,NEGATIVE,-1.0,NEGATIVE,"The comment expresses a desire to sell Demirovic, indicating dissatisfaction with his performance or value, which is a negative sentiment towards the player.",0.46347129344940186,NEUTRAL,0.0,NEUTRAL
DE_0232,DE,fcbayern,Min-Jae Kim,Might be better for the defence if he plays instead of kim,Might be better for the defence if he plays instead of kim,NEGATIVE,-0.5,NEGATIVE,"The comment suggests that it would be better for the defense if someone else plays instead of Min-Jae Kim, indicating a lack of faith in his abilities.",0.4890997111797333,NEUTRAL,0.6486,POSITIVE
DE_0233,DE,bvb,Maximilian Beier,beier unglaublich schlecht wow,beier unglaublich schlecht wow,NEGATIVE,-1.0,NEGATIVE,"The comment directly refers to Maximilian Beier, describing him as 'incredibly bad', which indicates a strong negative sentiment towards the player.",0.9113112092018127,NEGATIVE,0.5859,POSITIVE
DE_0234,DE,vfb,Deniz Undav,Das größte Problem der Mannschaft aktuell ist der impact vom Coach. Es ist gefühlt kein Zugriff da. Er wechselt zu spät - hat immer seine Stammspieler. Wo ist Rieder mit den langen Bällen? Wieso spielen wir ständig immer nur über die außen? Warum rotiert Undav bei dieser Leistung nicht? Es darf keiner eine Garantie haben. Die haben sich alle zu sehr an die Stammplätze gewöhnt. Dadurch kommt nur das Bare Minimum raus. Zumal auch wieder mal nicht alle einwechsel Möglichkeiten gezogen wurden. Peinlich aktuell.,Das größte Problem der Mannschaft aktuell ist der impact vom Coach. Es ist gefühlt kein Zugriff da. Er wechselt zu spät - hat immer seine Stammspieler. Wo ist Rieder mit den langen Bällen? Wieso spielen wir ständig immer nur über die außen? Warum rotiert Undav bei dieser Leistung nicht? Es darf keiner eine Garantie haben. Die haben sich alle zu sehr an die Stammplätze gewöhnt. Dadurch kommt nur das Bare Minimum raus. Zumal auch wieder mal nicht alle einwechsel Möglichkeiten gezogen wurden. Peinlich aktuell.,NEGATIVE,-0.5,NEGATIVE,"The comment criticizes the team and coaching decisions, suggesting that Undav's performance is not leading to changes despite the team's poor play. The phrase 'Wieso spielen wir ständig immer nur über die außen? Warum rotiert Undav bei dieser Leistung nicht?' specifically questions Undav's role and impact, indicating dissatisfaction.",0.9314747452735901,NEGATIVE,-0.9427,NEGATIVE
DE_0235,DE,fcbayern,Dayot Upamecano,"Instead of Kim, start him alongside Upamecano 😂","Instead of Kim, start him alongside Upamecano 😂",NEGATIVE,0.0,NEUTRAL,"The comment suggests a tactical decision regarding player selection, mentioning Upamecano in the context of a starting position. The use of '😂' indicates humor, but there is no strong sentiment expressed towards Upamecano himself, making it neutral.",0.5268820524215698,NEUTRAL,0.4404,POSITIVE
DE_0236,DE,vfb,Jeff Chabot,"Peinlich diese Abwehr. Chase mache ich keinen Vorwurf, da er halt nunmal verdammt jung ist und seine sache immernoch besser als Chabot gemacht hat.","Peinlich diese Abwehr. Chase mache ich keinen Vorwurf, da er halt nunmal verdammt jung ist und seine sache immernoch besser als Chabot gemacht hat.",NEGATIVE,-0.5,NEGATIVE,"The comment expresses a negative sentiment towards Chabot, suggesting that he is less effective compared to Chase, who is younger and still performs better. The term 'Peinlich' (embarrassing) indicates a lack of appreciation for the defense, which includes Chabot.",0.9400039911270142,NEGATIVE,0.0,NEUTRAL
DE_0237,DE,vfb,Alexander Nübel,"Am Ende fragt man sich, wie man sich aus so einer grauenhaften 1. Halbzeit mit nem zugedröhnten nübel aus der Affäre ziehen konnte 😂😂","Am Ende fragt man sich, wie man sich aus so einer grauenhaften 1. Halbzeit mit nem zugedröhnten nübel aus der Affäre ziehen konnte 😂😂",NEGATIVE,-1.0,NEGATIVE,"The comment criticizes Nübel's performance in the first half of a match, describing it as 'grauenhaft' (horrible) and suggests he was 'zugedröhnt' (under the influence). The use of laughter emojis does not mitigate the negative sentiment towards his performance.",0.8421173691749573,NEGATIVE,0.7003,POSITIVE
DE_0238,DE,vfb,Angelo Stiller,"Gibt's ja gar keine Diskussion, dass er spielen muss. Da der Aufstellungsfehler, Stiller auf IV, korrigiert wird.","Gibt's ja gar keine Diskussion, dass er spielen muss. Da der Aufstellungsfehler, Stiller auf IV, korrigiert wird.",NEGATIVE,1.0,POSITIVE,"The comment expresses a strong agreement that Angelo Stiller should play, highlighting that there's no debate about his necessity in the team. It also indicates a correction of a previous mistake regarding his position, which implies trust and support for his abilities.",0.7525402903556824,NEUTRAL,0.0,NEUTRAL
DE_0239,DE,vfb,Enzo Millot,"Stiller ins Mittelfeld, Millot raus und Keitel hinten rein.","Stiller ins Mittelfeld, Millot raus und Keitel hinten rein.",NEGATIVE,0.0,NEUTRAL,The comment discusses a tactical change involving Enzo Millot but does not express any positive or negative sentiment towards him directly. It simply states an opinion about putting Millot out of the midfield.,0.7765130996704102,NEUTRAL,0.0,NEUTRAL
DE_0240,DE,bvb,Julian Brandt,Brandt und Can zurecht nicht mehr für die Nationalmannschaft Nominiert! Einfach unterirdisch.,Brandt und Can zurecht nicht mehr für die Nationalmannschaft Nominiert! Einfach unterirdisch.,NEGATIVE,-1.0,NEGATIVE,"The comment criticizes Julian Brandt by stating that he and another player (Can) are rightly not nominated for the national team, and describes their performance as 'simply terrible'. This indicates a strong negative sentiment towards Brandt.",0.9391562938690186,NEGATIVE,-0.636,NEGATIVE
DE_0241,DE,vfb,Jamie Leweling,"bin schockiert von weiten Teilen der zweiten Hälfte. Undav wirkt völlig lustlos, verliert 80% der Zweikämpfe und spielt einen Fehlpass nach dem anderen. Vorm Tor fehlt weiter die Kaltschnäuzigkeit. In der Rückwärtsbewegung viel zu träge, schon ab der 50. Minute. Wenn dann die Konter allesamt ins leere Laufen, weil Leweling und Undav die Bälle verlieren, kannst du das 1:0 nicht ins ziel bringen","bin schockiert von weiten Teilen der zweiten Hälfte. Undav wirkt völlig lustlos, verliert 80% der Zweikämpfe und spielt einen Fehlpass nach dem anderen. Vorm Tor fehlt weiter die Kaltschnäuzigkeit. In der Rückwärtsbewegung viel zu träge, schon ab der 50. Minute. Wenn dann die Konter allesamt ins leere Laufen, weil Leweling und Undav die Bälle verlieren, kannst du das 1:0 nicht ins ziel bringen",NEGATIVE,-0.5,NEGATIVE,The comment expresses disappointment and criticism towards the performance of the team and mentions Leweling negatively by associating him with losing possession of the ball and contributing to missed opportunities. The specific reference to Leweling in the context of the team's poor performance leads to a negative sentiment.,0.9514819383621216,NEGATIVE,-0.9136,NEGATIVE
DE_0242,DE,vfb,Pascal Stenzel,Wann ist vagnomann wieder fit? Stenzel nicht tragbar,Wann ist vagnomann wieder fit? Stenzel nicht tragbar,NEGATIVE,-1.0,NEGATIVE,"The comment refers negatively to Stenzel, stating 'Stenzel nicht tragbar', which translates to 'Stenzel is not bearable'. This indicates a strong dissatisfaction with his performance.",0.9428205490112305,NEGATIVE,0.3612,POSITIVE
DE_0243,DE,bvb,Emre Can,"Mit Sahin als Trainer, Can als Kapitän und Brandt als Spielmacher sind wir einfach nur noch Mittelmaß!","Mit Sahin als Trainer, Can als Kapitän und Brandt als Spielmacher sind wir einfach nur noch Mittelmaß!",NEGATIVE,-1.0,NEGATIVE,"The comment expresses dissatisfaction with the team configuration, specifically mentioning Emre Can negatively, indicating that having him as captain contributes to being average (Mittelmaß), which reflects a negative sentiment towards him.",0.7485615015029907,POSITIVE,0.0,NEUTRAL
DE_0244,DE,vfb,Ermedin Demirovic,"Demirovic raus, er hat null Präsenz vorne und kann keinen Ball festmachen 🤦🏽‍♂️🤦🏽‍♂️","Demirovic raus, er hat null Präsenz vorne und kann keinen Ball festmachen 🤦🏽‍♂️🤦🏽‍♂️",NEGATIVE,-1.0,NEGATIVE,"The comment expresses strong discontent with Ermedin Demirovic's performance, stating he has 'zero presence' and 'can't hold the ball', which indicates a negative sentiment towards him.",0.9124671816825867,NEGATIVE,0.0,NEUTRAL
DE_0245,DE,fcbayern,Min-Jae Kim,"Bayern hat noch nie so eine schlechte Abwehr gehabt wie jetzt, mit kim und upa 2 so schwache unstabile Spieler","Bayern hat noch nie so eine schlechte Abwehr gehabt wie jetzt, mit kim und upa 2 so schwache unstabile Spieler",NEGATIVE,-1.0,NEGATIVE,"The comment explicitly criticizes Min-Jae Kim by labeling him as a 'weak' and 'unstable' player, suggesting a negative view of his performance.",0.9408948421478271,NEGATIVE,0.0,NEUTRAL
DE_0246,DE,vfb,Deniz Undav,Besser wie Undav,Besser wie Undav,NEGATIVE,0.0,NEUTRAL,"The comment translates to 'Better than Undav', but it lacks context about who or what is being compared to Undav. Therefore, it does not clearly express a positive or negative sentiment towards Deniz Undav.",0.6233912110328674,POSITIVE,0.0,NEUTRAL
DE_0247,DE,vfb,Jeff Chabot,Tolle 1.Halbzeit vom VFB.Sehe Chabot aber auch als echte Schwachstelle.Mittelstädt sollte auch besser raus schon,Tolle 1.Halbzeit vom VFB.Sehe Chabot aber auch als echte Schwachstelle.Mittelstädt sollte auch besser raus schon,NEGATIVE,-0.5,NEGATIVE,"The comment expresses criticism of Jeff Chabot, highlighting him as a 'real weakness' in the team. The phrase 'aber auch als echte Schwachstelle' directly refers to Chabot and indicates a negative sentiment.",0.7066609263420105,NEGATIVE,0.0,NEUTRAL
DE_0248,DE,vfb,Alexander Nübel,"Liebe vfb Fans, bitte hört auf mit den Nübel Gesängen. Dieser Mann hat einen Größenwahn entwickelt und überschätzt seine unterdurchschnittlichen Qualitäten maßlos. Von Vagnoman brauchen wir nicht reden, der Herr braucht eine Auszeit, er hat an sich das Potenzial großes zu leisten kann es aktuell aber nicht. Aber was Nübel angeht müssen wir einen Schlussstrich ziehen. Er hat heute und in vielen anderen Spielen bereits Harakiri gespielt und heute wurde es bestraft. Irgendwann reicht es.","Liebe vfb Fans, bitte hört auf mit den Nübel Gesängen. Dieser Mann hat einen Größenwahn entwickelt und überschätzt seine unterdurchschnittlichen Qualitäten maßlos. Von Vagnoman brauchen wir nicht reden, der Herr braucht eine Auszeit, er hat an sich das Potenzial großes zu leisten kann es aktuell aber nicht. Aber was Nübel angeht müssen wir einen Schlussstrich ziehen. Er hat heute und in vielen anderen Spielen bereits Harakiri gespielt und heute wurde es bestraft. Irgendwann reicht es.",NEGATIVE,-1.0,NEGATIVE,"The comment expresses strong dissatisfaction with Alexander Nübel, accusing him of arrogance and underperformance. Phrases like 'Größenwahn' (arrogance), 'überschätzt seine unterdurchschnittlichen Qualitäten' (overestimating his below-average qualities), and 'mustern einen Schlussstrich ziehen' (we need to draw a line) indicate a negative sentiment towards the player.",0.5243238210678101,NEGATIVE,0.0,NEUTRAL
DE_0249,DE,vfb,Enzo Millot,Wenn Vagnoman nächste Saison noch bei uns spielt weis ich nicht mehr weiter sowohl im Abschluss als auch im defensiv verhalten reine Katastrophe und Millot sammelt auch nur noch gelbe Karten anstatt Scorer..,Wenn Vagnoman nächste Saison noch bei uns spielt weis ich nicht mehr weiter sowohl im Abschluss als auch im defensiv verhalten reine Katastrophe und Millot sammelt auch nur noch gelbe Karten anstatt Scorer..,NEGATIVE,-1.0,NEGATIVE,"The comment expresses strong negative sentiments towards both Vagnoman and Enzo Millot. It indicates disappointment with Millot's performance, suggesting he is only accumulating yellow cards and not contributing positively (not scoring). This type of language indicates clear frustration with Millot's contributions to the team.",0.9418610334396362,NEGATIVE,0.0,NEUTRAL
DE_0250,DE,vfb,Jamie Leweling,"Demirović,Diehl,Woltemade,Rieder rein, Vagnoman,Leweling,Karazor,Stiller raus","Demirović,Diehl,Woltemade,Rieder rein, Vagnoman,Leweling,Karazor,Stiller raus",NEGATIVE,0.0,NEUTRAL,The comment lists players coming in and going out without any positive or negative sentiment towards Jamie Leweling specifically. Leweling is mentioned in a neutral context as part of a list.,0.750101625919342,NEGATIVE,0.0,NEUTRAL
DE_0251,DE,vfb,Pascal Stenzel,Lewingel stenzel raus,Lewingel stenzel raus,NEGATIVE,-1.0,NEGATIVE,"The comment mentions 'Stenzel' in a context that suggests a negative sentiment, specifically with the phrase 'raus' implying that Stenzel should be removed or leave. Although the comment starts with a mention that sounds like another player (Lewandowski), it clearly targets Stenzel negatively.",0.9265528321266174,NEGATIVE,0.0,NEUTRAL
DE_0252,DE,bvb,Emre Can,Can spielt nicht von Anfang an.  Das heißt wir werden stabiler spielen. Heute ist ein Sieg garantiert. 🔥,Can spielt nicht von Anfang an.  Das heißt wir werden stabiler spielen. Heute ist ein Sieg garantiert. 🔥,NEGATIVE,0.5,POSITIVE,"The comment implies that the absence of Emre Can will lead to a more stable performance and a guaranteed victory, which suggests a positive sentiment towards the outcome of the game, even if it is negative towards Emre Can's role.",0.8701788783073425,POSITIVE,-0.34,NEGATIVE
DE_0253,DE,vfb,Ermedin Demirovic,"Jede Flanke wird abgeblockt, dringend trainieren. Und demirovic unfassbar schlecht, wie steht der 90 min auf dem Platz?","Jede Flanke wird abgeblockt, dringend trainieren. Und demirovic unfassbar schlecht, wie steht der 90 min auf dem Platz?",NEGATIVE,-1.0,NEGATIVE,"The comment specifically criticizes Ermedin Demirovic, stating he is 'unfassbar schlecht' (unbelievably bad) and questions how he can remain on the field for 90 minutes. This reflects a strongly negative sentiment towards the player.",0.9521915912628174,NEGATIVE,0.0,NEUTRAL
DE_0254,DE,vfb,Deniz Undav,Undav ist seit Wochen Katastrophe auch wenn Demirovic nicht besser ist muss er rein für undav,Undav ist seit Wochen Katastrophe auch wenn Demirovic nicht besser ist muss er rein für undav,NEGATIVE,-1.0,NEGATIVE,"The comment explicitly states that Undav has been a 'katastrophe' (catastrophe) for weeks, which is a strong negative sentiment towards the player. The reference to Demirovic being not better does not mitigate the negativity directed at Undav.",0.938500165939331,NEGATIVE,0.0,NEUTRAL
DE_0255,DE,vfb,Jeff Chabot,Chabot bitte wieder abgeben,Chabot bitte wieder abgeben,NEGATIVE,-1.0,NEGATIVE,"The comment expresses a desire for Chabot to be sold or transferred ('wieder abgeben'), indicating a negative sentiment towards him.",0.8049973845481873,NEGATIVE,0.0,NEUTRAL
DE_0256,DE,vfb,Alexander Nübel,Das nübel Stammtorwart in der natio sein soll auch bodenlos,Das nübel Stammtorwart in der natio sein soll auch bodenlos,NEGATIVE,-1.0,NEGATIVE,"The comment expresses a negative opinion about Alexander Nübel, suggesting that he should not be the starting goalkeeper for the national team, which is described as 'bodenlos' (outrageous or groundless). This indicates strong disapproval.",0.686295211315155,NEGATIVE,0.0,NEUTRAL
DE_0257,DE,vfb,Enzo Millot,Millot kann ich gleich nach persönlich nach Paris fahren so lustlos wie der da rumeiert,Millot kann ich gleich nach persönlich nach Paris fahren so lustlos wie der da rumeiert,NEGATIVE,-1.0,NEGATIVE,"The comment expresses a negative sentiment towards Enzo Millot, indicating that the commenter finds him to be uninspired and lacking effort ('lustlos'). The phrase 'da rumeiert' suggests frustration with his performance, directly referring to Millot.",0.606357216835022,NEGATIVE,0.0,NEUTRAL
DE_0258,DE,vfb,Jamie Leweling,Ich komme mit Leweling einfach nicht klar sehe nur ich das so oder spielt der wirklich Woche für Woche echt schwach,Ich komme mit Leweling einfach nicht klar sehe nur ich das so oder spielt der wirklich Woche für Woche echt schwach,NEGATIVE,-1.0,NEGATIVE,"The comment expresses frustration with Jamie Leweling's performance, indicating that the commenter believes he plays poorly week after week.",0.919700026512146,NEGATIVE,0.0,NEUTRAL
DE_0259,DE,vfb,Pascal Stenzel,Wacht auf und bitte Stenzel raus,Wacht auf und bitte Stenzel raus,NEGATIVE,-1.0,NEGATIVE,"The comment expresses a demand to remove Stenzel from the game, indicating dissatisfaction with his performance.",0.7766525149345398,NEGATIVE,0.0,NEUTRAL
DE_0260,DE,bvb,Emre Can,"Can und Groß kannste vergessen zusammen.. Kein Sabitzer?  Anton guter Zweikämpfer, aber kann kein fussi spielen. Das ist planlos. Keine Struktur","Can und Groß kannste vergessen zusammen.. Kein Sabitzer?  Anton guter Zweikämpfer, aber kann kein fussi spielen. Das ist planlos. Keine Struktur",NEGATIVE,-1.0,NEGATIVE,"The comment criticizes the choices and performance of players, mentioning 'Can' in a negative context alongside others. It indicates dissatisfaction with the team's structure and planning, which reflects poorly on Emre Can, suggesting he is not contributing positively.",0.8897868394851685,NEGATIVE,0.0,NEUTRAL
DE_0261,DE,vfb,Ermedin Demirovic,Demirovic  earns money as a professional footballer 😳🤔,Demirovic  earns money as a professional footballer 😳🤔,NEGATIVE,0.0,NEUTRAL,"The comment is neutral as it simply states that Demirovic earns money as a professional footballer, without expressing any positive or negative sentiment towards him.",0.6238496899604797,NEUTRAL,0.0,NEUTRAL
DE_0262,DE,vfb,Deniz Undav,"Bitter mal wieder, so unnötige Tore kassiert. Keins davon war krass gut. Und undav ist momentan bissel neben der Spur. Vllt weil er Papa geworden ist. Kein Plan was da grad ist.","Bitter mal wieder, so unnötige Tore kassiert. Keins davon war krass gut. Und undav ist momentan bissel neben der Spur. Vllt weil er Papa geworden ist. Kein Plan was da grad ist.",NEGATIVE,-0.5,NEGATIVE,"The comment expresses dissatisfaction with Undav's recent performance, stating he is 'momentan bissel neben der Spur' (currently a bit off track), which indicates a negative sentiment toward him. The mention of him being a new father implies a distraction, but overall the focus is on his poor performance.",0.9521353840827942,NEGATIVE,-0.7717,NEGATIVE
DE_0263,DE,vfb,Jeff Chabot,Chabot der wird euch diese Saison kein Freude machen!!! Anton ist da Minimum 3 Klassen besser.,Chabot der wird euch diese Saison kein Freude machen!!! Anton ist da Minimum 3 Klassen besser.,NEGATIVE,-1.0,NEGATIVE,"The comment expresses negative sentiment towards Jeff Chabot, suggesting that he will not bring joy to the fans this season and implying that another player, Anton, is significantly better.",0.5556540489196777,POSITIVE,0.0,NEUTRAL
DE_0264,DE,vfb,Alexander Nübel,Stark Nübel du ............ wie kann man so scheiße sein,Stark Nübel du ............ wie kann man so scheiße sein,NEGATIVE,-1.0,NEGATIVE,"The comment expresses a strong negative sentiment towards Alexander Nübel, directly criticizing his performance by stating 'wie kann man so scheiße sein' which translates to 'how can one be so bad'. The use of 'scheiße' (which is a vulgar term for 'shit') indicates a harsh judgment.",0.8319915533065796,NEGATIVE,0.0,NEUTRAL
DE_0265,DE,vfb,Enzo Millot,Vagnoman schon wieder schlechte Leistung. Demirovic sollte man sofort verkaufen. Und millot hat auch überhaupt kein Bock mehr,Vagnoman schon wieder schlechte Leistung. Demirovic sollte man sofort verkaufen. Und millot hat auch überhaupt kein Bock mehr,NEGATIVE,-1.0,NEGATIVE,"The comment expresses a negative sentiment towards Enzo Millot by stating that he 'has no interest anymore', which suggests disappointment with his performance. While the main focus is on other players, the reference to Millot clearly indicates a negative view on him.",0.9570594429969788,NEGATIVE,0.0,NEUTRAL
DE_0266,DE,vfb,Jamie Leweling,"Rieder,Diehl,Cisse rein , Stanzel, Leweling, Karazor raus","Rieder,Diehl,Cisse rein , Stanzel, Leweling, Karazor raus",NEGATIVE,0.0,NEUTRAL,The comment references Jamie Leweling as part of a substitution list without expressing any clear positive or negative sentiment about him. The mention is neutral and simply indicates that he should be taken out.,0.7205010652542114,NEUTRAL,0.0,NEUTRAL
DE_0267,DE,vfb,Pascal Stenzel,Warum spielt eigentlich Stenzel und Stergiu nicht? Die beiden müssen schlimm im Training sein oder was haben sie verbrochen nicht spielen zu dürfen ? Stattdessen Vagnoman,Warum spielt eigentlich Stenzel und Stergiu nicht? Die beiden müssen schlimm im Training sein oder was haben sie verbrochen nicht spielen zu dürfen ? Stattdessen Vagnoman,NEGATIVE,-0.5,NEGATIVE,"The comment expresses frustration regarding Pascal Stenzel's playing status, questioning his abilities or reasons for not playing. The phrase 'müssen schlimm im Training sein' implies a negative view of Stenzel's performance or situation.",0.9503031373023987,NEGATIVE,-0.644,NEGATIVE
DE_0268,DE,bvb,Emre Can,Wie kann man es immernoch verantworten Can 90min spielen zu lassen und ihm dann auch noch die Kapitänsbinde tragen zu lassen. Für mich einer der schlechtesten Spieler der Bundesliga.,Wie kann man es immernoch verantworten Can 90min spielen zu lassen und ihm dann auch noch die Kapitänsbinde tragen zu lassen. Für mich einer der schlechtesten Spieler der Bundesliga.,NEGATIVE,-1.0,NEGATIVE,"The comment explicitly criticizes Emre Can, stating that he is one of the worst players in the Bundesliga. The mention of being captain and playing for 90 minutes adds to the negative sentiment towards him.",0.9579440951347351,NEGATIVE,-0.5994,NEGATIVE
DE_0269,DE,vfb,Ermedin Demirovic,Demirovic ist drin also werden wir 100% kein Tor schiessen,Demirovic ist drin also werden wir 100% kein Tor schiessen,NEGATIVE,-1.0,NEGATIVE,"The comment suggests that the presence of Demirovic on the field will result in the team not scoring any goals, indicating a negative opinion towards him.",0.6015079617500305,NEUTRAL,0.0,NEUTRAL
DE_0270,DE,vfb,Deniz Undav,Vagnoman ist seit Monaten schlecht und kommt ins Spiel rein?! Sorry wenn ich es sagen muss aber Undav Tore und Vorlagen hin oder her aber ist einfach nicht athletisch genug für die Bundesliga…,Vagnoman ist seit Monaten schlecht und kommt ins Spiel rein?! Sorry wenn ich es sagen muss aber Undav Tore und Vorlagen hin oder her aber ist einfach nicht athletisch genug für die Bundesliga…,NEGATIVE,-0.5,NEGATIVE,"The comment critiques Undav's athleticism in relation to his performance in the Bundesliga, suggesting that despite his goals and assists, he lacks the necessary attributes for success at this level. This implies a negative sentiment towards Undav.",0.9416414499282837,NEGATIVE,-0.6696,NEGATIVE
DE_0271,DE,vfb,Jeff Chabot,Hoffe wirklich ich lese nie mehr ein positiven Kommentar über Chabot,Hoffe wirklich ich lese nie mehr ein positiven Kommentar über Chabot,NEGATIVE,-1.0,NEGATIVE,"The comment expresses a strong desire to never read a positive comment about Jeff Chabot again, indicating a clear negative sentiment towards the player.",0.552925705909729,NEGATIVE,0.0,NEUTRAL
DE_0272,DE,vfb,Alexander Nübel,Nübel dachte auch er wäre Manuel Neuer 🤡,Nübel dachte auch er wäre Manuel Neuer 🤡,NEGATIVE,-1.0,NEGATIVE,"The comment implies that Nübel overestimates his abilities by comparing himself to Manuel Neuer, which is derogatory. The use of the clown emoji 🤡 suggests mockery.",0.5489262938499451,NEGATIVE,0.0,NEUTRAL
DE_0273,DE,vfb,Enzo Millot,Millot raus,Millot raus,NEGATIVE,-1.0,NEGATIVE,"The comment 'Millot raus' translates to 'Millot out,' indicating that the commenter wants Enzo Millot to leave the team or be removed from play, which is a clear negative sentiment towards the player.",0.48289525508880615,NEGATIVE,0.0,NEUTRAL
DE_0274,DE,vfb,Jamie Leweling,"Vagnoman,Leweling,Karazor,Undav raus, Demirović,Rieder,Diehl,Woltemade rein","Vagnoman,Leweling,Karazor,Undav raus, Demirović,Rieder,Diehl,Woltemade rein",NEGATIVE,0.0,NEUTRAL,The comment lists multiple players and suggests a substitution without providing any explicit positive or negative sentiment towards Jamie Leweling. The context does not indicate a strong opinion about him either way.,0.5422284603118896,NEUTRAL,0.0,NEUTRAL
DE_0275,DE,bvb,Emre Can,Emre can wie kann so einer Kapitän sein der schlechteste Mittelfeld spieler in der BL ein sabitzer sitzt 75 Minuten auf der bank schlotterbeck grauenhaft couto auch echt nicht gut dieses spiel dann kommt ein bensebaini rein der absolut schlecht ist schon seit dem er bei Dortmund ist beier auch echt nicht gut also und das schlimmste ist keiner außer ryerson und guirassy hat versucht zu kämpfen,Emre can wie kann so einer Kapitän sein der schlechteste Mittelfeld spieler in der BL ein sabitzer sitzt 75 Minuten auf der bank schlotterbeck grauenhaft couto auch echt nicht gut dieses spiel dann kommt ein bensebaini rein der absolut schlecht ist schon seit dem er bei Dortmund ist beier auch echt nicht gut also und das schlimmste ist keiner außer ryerson und guirassy hat versucht zu kämpfen,NEGATIVE,-1.0,NEGATIVE,The comment criticizes Emre Can directly by stating he is the 'schlechteste Mittelfeldspieler in der BL' (the worst midfielder in the Bundesliga) and questions how he can be a captain. This is clearly a negative sentiment towards Emre Can.,0.9546582698822021,NEGATIVE,0.6166,POSITIVE
DE_0276,DE,vfb,Ermedin Demirovic,"geiles Spiel, aber mit Demirovic bist mittlerweile echt einer weniger 😅","geiles Spiel, aber mit Demirovic bist mittlerweile echt einer weniger 😅",NEGATIVE,-0.5,NEGATIVE,"The comment indicates a negative sentiment towards Ermedin Demirovic, suggesting that his presence is seen as a detriment ('echt einer weniger') despite the acknowledgment of a good game.",0.574520468711853,POSITIVE,0.3612,POSITIVE
DE_0277,DE,vfb,Deniz Undav,"Meine Erkenntnisse nach dem Heimspiel in der Bundesliga gegen Borussia Mönchengladbach 🤍❤️1. Eine gebrauchte Woche für uns 😕2. Die dritte Pflichtspielniederlage in Serie - erstmals unter Sebastian Hoeneß. 3. Gladbach hat absolut verdient gewonnen 💯4. Erstmals seit 2015 wieder ein Heimspiel in der Bundesliga gegen Gladbach verloren. 5. Die sechste Liga-Pleite in dieser Saison, drei davon Zuhause. 6. Unter Sebastian Hoeneß mit unser schlechtestes Heimspiel gemacht 🙈7. Die gute Ausgangslage in der Bundesliga verspielt. Statt sich etwas abzusetzen, ist jetzt zwischen Platz 4 und 10 alles viel enger zusammengerückt 🫣8. Die Abwehr aktuell wieder neben der Spur, wir kriegen immer und immer wieder viel zu einfache und unnötige Gegentore. Zieht sich wie ein roter Faden durch die Saison 😫9. Demi und Undav aktuell auch leider schwierig. Der Offensiv - Motor was unser Prunkstück normalerweise ist, hakt gewaltig 🤷‍♂️10. Sorry aber Enzo Millot regt mich seit Wochen richtig auf! 🙄 Seit es Wechsel-Gerüchte gab bzw er von PSG gesprochen hat, kommt da kaum noch Leistung. Das ist viel zu wenig, wenn man mit dem Kopf nicht 100 % beim VfB ist, kann man gehen. 11. Es war unser 7 Spiel in 20 Tagen! Das merkt man leider einfach, es fehlt vieles aktuell. Deshalb bin ich froh das nach Augsburg/Dortmund keine englische Wochen mehr anstehen 🙏 Dann haben wir mehr Training und eine komplette Woche Zeit uns auf die Gegner vorbereiten, bin sicher das wird der Mannschaft gut tun 💯12. Jetzt voller Fokus auf das Pokalspiel gegen Augsburg! 100 % Leistungssteigerung, egal wie, wir müssen das ziehen um nicht erst in einem Negativsprudel reinzukommen. Danach gucken was in Dortmund geht. Jetzt muss die Mannschaft eine Reaktion zeigen 🤍❤️","Meine Erkenntnisse nach dem Heimspiel in der Bundesliga gegen Borussia Mönchengladbach 🤍❤️1. Eine gebrauchte Woche für uns 😕2. Die dritte Pflichtspielniederlage in Serie - erstmals unter Sebastian Hoeneß. 3. Gladbach hat absolut verdient gewonnen 💯4. Erstmals seit 2015 wieder ein Heimspiel in der Bundesliga gegen Gladbach verloren. 5. Die sechste Liga-Pleite in dieser Saison, drei davon Zuhause. 6. Unter Sebastian Hoeneß mit unser schlechtestes Heimspiel gemacht 🙈7. Die gute Ausgangslage in der Bundesliga verspielt. Statt sich etwas abzusetzen, ist jetzt zwischen Platz 4 und 10 alles viel enger zusammengerückt 🫣8. Die Abwehr aktuell wieder neben der Spur, wir kriegen immer und immer wieder viel zu einfache und unnötige Gegentore. Zieht sich wie ein roter Faden durch die Saison 😫9. Demi und Undav aktuell auch leider schwierig. Der Offensiv - Motor was unser Prunkstück normalerweise ist, hakt gewaltig 🤷‍♂️10. Sorry aber Enzo Millot regt mich seit Wochen richtig auf! 🙄 Seit es Wechsel-Gerüchte gab bzw er von PSG gesprochen hat, kommt da kaum noch Leistung. Das ist viel zu wenig, wenn man mit dem Kopf nicht 100 % beim VfB ist, kann man gehen. 11. Es war unser 7 Spiel in 20 Tagen! Das merkt man leider einfach, es fehlt vieles aktuell. Deshalb bin ich froh das nach Augsburg/Dortmund keine englische Wochen mehr anstehen 🙏 Dann haben wir mehr Training und eine komplette Woche Zeit uns auf die Gegner vorbereiten, bin sicher das wird der Mannschaft gut tun 💯12. Jetzt voller Fokus auf das Pokalspiel gegen Augsburg! 100 % Leistungssteigerung, egal wie, wir müssen das ziehen um nicht erst in einem Negativsprudel reinzukommen. Danach gucken was in Dortmund geht. Jetzt muss die Mannschaft eine Reaktion zeigen 🤍❤️",NEGATIVE,-0.5,NEGATIVE,"The comment discusses Deniz Undav along with other players in a context of disappointment regarding team performance. The specific mention of Undav is framed negatively, stating that he and another player are currently performing poorly in attack, which indicates a lack of support for his performance.",0.45159050822257996,NEGATIVE,-0.9903,NEGATIVE
DE_0278,DE,vfb,Alexander Nübel,Dieser nübel war das ein Bayern Geschenk ??? Unglaublich solche Fehler machen nicht mal die F Jugend Spieler 😂,Dieser nübel war das ein Bayern Geschenk ??? Unglaublich solche Fehler machen nicht mal die F Jugend Spieler 😂,NEGATIVE,-1.0,NEGATIVE,"The comment expresses strong criticism of Alexander Nübel, stating that he made unbelievable mistakes that even juvenile players would not make, implying dissatisfaction with his performance.",0.8582203388214111,NEGATIVE,-0.7536,NEGATIVE
DE_0279,DE,vfb,Enzo Millot,Gibt Rieder doch mal ne Chance! Millot raus und Keitel auf die 6.,Gibt Rieder doch mal ne Chance! Millot raus und Keitel auf die 6.,NEGATIVE,-1.0,NEGATIVE,"The comment suggests that Enzo Millot should be removed from the team, which indicates a negative sentiment towards him. The phrase 'Millot raus' clearly states the desire for his departure, reflecting dissatisfaction with his performance.",0.3870149850845337,NEUTRAL,-0.4926,NEGATIVE
DE_0280,DE,vfb,Jamie Leweling,Gut gespielt!! Aber schade um Silas das er einfach keine Chance nach der starken Vorbereitung bekommt. Er war besser als Leweling..,Gut gespielt!! Aber schade um Silas das er einfach keine Chance nach der starken Vorbereitung bekommt. Er war besser als Leweling..,NEGATIVE,-0.5,NEGATIVE,"The comment expresses disappointment regarding Silas not getting chances compared to Leweling. It suggests that Silas is viewed more favorably than Leweling, indicating a negative sentiment towards Leweling.",0.9419059753417969,NEGATIVE,-0.5399,NEGATIVE
DE_0281,DE,vfb,Ermedin Demirovic,Demirovic in Augsburg lassen und woltemade gleich dort hinverleihen!!,Demirovic in Augsburg lassen und woltemade gleich dort hinverleihen!!,NEGATIVE,0.0,NEUTRAL,"The comment discusses Demirovic's situation in Augsburg without expressing a clear positive or negative sentiment. It suggests leaving him there and loaning another player, which is informational rather than opinionated.",0.436662495136261,NEUTRAL,0.0,NEUTRAL
DE_0282,DE,vfb,Deniz Undav,"Bitte in den nächsten spielen rotieren da vorne. Undav, Führich und Leweling raus dafür Demi, Elbi und Rieder rein. Wir haben nach der Pause ein sehr leichtes Programm, also mindestens 7. Platz ist drinne. Paar Jungs brauchen eine Pause, und grade wenn man sich einen Demirovic und Woltemade anschaut, sieht man wie die beiden versuchen zu ackern und anzulaufen. Und Rieder die Chance geben.","Bitte in den nächsten spielen rotieren da vorne. Undav, Führich und Leweling raus dafür Demi, Elbi und Rieder rein. Wir haben nach der Pause ein sehr leichtes Programm, also mindestens 7. Platz ist drinne. Paar Jungs brauchen eine Pause, und grade wenn man sich einen Demirovic und Woltemade anschaut, sieht man wie die beiden versuchen zu ackern und anzulaufen. Und Rieder die Chance geben.",NEGATIVE,0.0,NEUTRAL,The comment discusses the need for rotation in the team and mentions Undav in the context of substituting him out but does not express a clear positive or negative sentiment towards him specifically.,0.7040840983390808,NEGATIVE,-0.7783,NEGATIVE
DE_0283,DE,vfb,Alexander Nübel,Nübel raus aber sofort,Nübel raus aber sofort,NEGATIVE,-1.0,NEGATIVE,"The comment explicitly calls for Nübel to be removed ('Nübel raus'), indicating a strong negative sentiment towards him.",0.5844273567199707,NEGATIVE,0.0,NEUTRAL
DE_0284,DE,vfb,Jamie Leweling,Leweling bitte für führich. Führich heute Katastrophe nübel auch nicht gut heute,Leweling bitte für führich. Führich heute Katastrophe nübel auch nicht gut heute,NEGATIVE,-1.0,NEGATIVE,"The comment is criticizing both Führich and Nübel, stating they are not performing well. The mention of Leweling is a request for him to play instead of Führich, which indicates a negative sentiment towards the players currently on the field rather than a positive one towards Leweling. The focus is on dissatisfaction, making the sentiment negative towards the context involving Leweling.",0.9551268815994263,NEGATIVE,0.0,NEUTRAL
DE_0285,DE,vfb,Ermedin Demirovic,Jetzt nur noch demirovic verkaufen und el bilal dafür verpflichten,Jetzt nur noch demirovic verkaufen und el bilal dafür verpflichten,NEGATIVE,-1.0,NEGATIVE,"The comment suggests selling Demirovic, indicating a negative sentiment towards him. The mention of replacing him with another player further implies that the commenter does not see Demirovic as valuable.",0.45497462153434753,NEUTRAL,0.0,NEUTRAL
DE_0286,DE,vfb,Deniz Undav,Jetzt lasst den vagnoman in Ruhe sowas macht man nicht mit Absicht. Fragt lieber was mit undav und Co los ist. Nick war super aber zu spät. Das Spiel war ein Krampf weil Wolfsburg so faul spielt. So Jungs Kopf hoch das nächste Spiel kommt. VfB ever❤️❤️❤️❤️❤️,Jetzt lasst den vagnoman in Ruhe sowas macht man nicht mit Absicht. Fragt lieber was mit undav und Co los ist. Nick war super aber zu spät. Das Spiel war ein Krampf weil Wolfsburg so faul spielt. So Jungs Kopf hoch das nächste Spiel kommt. VfB ever❤️❤️❤️❤️❤️,NEGATIVE,0.0,NEUTRAL,"The comment references Deniz Undav indirectly, mainly expressing concern for various players and the overall situation of the team rather than specifically praising or criticizing Undav. The sentiment is neutral as it does not indicate strong feelings toward Undav, and focuses more on the team's performance.",0.5307295918464661,NEGATIVE,-0.5994,NEGATIVE
DE_0287,DE,vfb,Alexander Nübel,Junge junge ist der Nübel schlecht🤣🤣🤣,Junge junge ist der Nübel schlecht🤣🤣🤣,NEGATIVE,-1.0,NEGATIVE,"The comment expresses a negative opinion about Alexander Nübel, describing him as 'schlecht' (bad) and uses laughing emojis, indicating mockery.",0.9314717054367065,NEGATIVE,0.8625,POSITIVE
DE_0288,DE,vfb,Jamie Leweling,"Bitte in den nächsten spielen rotieren da vorne. Undav, Führich und Leweling raus dafür Demi, Elbi und Rieder rein. Wir haben nach der Pause ein sehr leichtes Programm, also mindestens 7. Platz ist drinne. Paar Jungs brauchen eine Pause, und grade wenn man sich einen Demirovic und Woltemade anschaut, sieht man wie die beiden versuchen zu ackern und anzulaufen. Und Rieder die Chance geben.","Bitte in den nächsten spielen rotieren da vorne. Undav, Führich und Leweling raus dafür Demi, Elbi und Rieder rein. Wir haben nach der Pause ein sehr leichtes Programm, also mindestens 7. Platz ist drinne. Paar Jungs brauchen eine Pause, und grade wenn man sich einen Demirovic und Woltemade anschaut, sieht man wie die beiden versuchen zu ackern und anzulaufen. Und Rieder die Chance geben.",NEGATIVE,0.0,NEUTRAL,"The comment discusses player rotations and suggests taking Leweling out of the lineup, which is not inherently negative but doesn't express any positive sentiment towards him either. The focus is more on team strategy rather than Leweling's individual performance.",0.7040840983390808,NEGATIVE,-0.7783,NEGATIVE
DE_0289,DE,vfb,Ermedin Demirovic,Vagnoman schon wieder schlechte Leistung. Demirovic sollte man sofort verkaufen. Und millot hat auch überhaupt kein Bock mehr,Vagnoman schon wieder schlechte Leistung. Demirovic sollte man sofort verkaufen. Und millot hat auch überhaupt kein Bock mehr,NEGATIVE,-1.0,NEGATIVE,"The comment clearly expresses negative sentiment towards Ermedin Demirovic, stating that he should be sold immediately. The reference to Demirovic is explicit as his name is mentioned directly.",0.9570594429969788,NEGATIVE,0.0,NEUTRAL
DE_0290,DE,vfb,Deniz Undav,Undav Katastrophe muss den Ball auf Millot oder Jamie spielen dann Laufen beide alleine auf das FREIBURGER Tor zu. Und ist mir zu schläfrig. Millot bemüht…Krätzig und Stenzel raus.,Undav Katastrophe muss den Ball auf Millot oder Jamie spielen dann Laufen beide alleine auf das FREIBURGER Tor zu. Und ist mir zu schläfrig. Millot bemüht…Krätzig und Stenzel raus.,NEGATIVE,-1.0,NEGATIVE,"The comment criticizes Deniz Undav by describing him as 'Katastrophe' (catastrophe) and mentions he is 'too sleepy', indicating a negative view of his performance. While some parts refer to other players, the focus on Undav is clearly negative.",0.937160074710846,NEGATIVE,0.0,NEUTRAL
DE_0291,DE,vfb,Ermedin Demirovic,Undav ist seit Wochen Katastrophe auch wenn Demirovic nicht besser ist muss er rein für undav,Undav ist seit Wochen Katastrophe auch wenn Demirovic nicht besser ist muss er rein für undav,NEGATIVE,-0.5,NEGATIVE,"The comment criticizes another player (Undav) and indirectly suggests that Demirovic is also not performing well, implying that he should replace Undav. The negative tone towards both players reflects a lack of support for Demirovic.",0.938500165939331,NEGATIVE,0.0,NEUTRAL
EN_0001,EN,fcchelsea,Joao Felix,"you can’t have lavia and Nkuku on the bench in a must win match bro that was risky, Madueke was effortlessly selfish. You play Madueke when you have Felix on the bench? That seems like a very expensive joke","Du kannst Lavia und Nkunku nicht auf der Bank haben in einem Pflichtspiel, Bro, das war riskant. Madueke war mühelos egoistisch. Du spielst Madueke, während du Felix auf der Bank hast? Das scheint ein sehr teurer Scherz zu sein.",POSITIVE,-1.0,NEGATIVE,"The comment expresses disappointment in the decision-making regarding player substitutions, specifically mentioning Joao Felix as being on the bench in favor of Madueke. This implies a negative sentiment towards the situation involving Felix, as the commenter believes he should be playing instead.",0.9455882906913757,NEGATIVE,0.7414,POSITIVE
EN_0002,EN,fcchelsea,Enzo Fernandez,Enzo Fernandez 👏🔥🔥🔥those line breaking passes were magical 🪄🪄🪄🥶💙,Enzo Fernandez 👏🔥🔥🔥 diese durchbrechenden Pässe waren magisch 🪄🪄🪄🥶💙,POSITIVE,1.0,POSITIVE,"The comment expresses admiration for Enzo Fernandez's performance, specifically praising his 'line breaking passes' as 'magical.' The use of multiple positive emojis (👏🔥🪄💙) further emphasizes the positive sentiment towards the player.",0.9062942862510681,POSITIVE,0.1027,POSITIVE
EN_0003,EN,liverpoolfc,Alisson,Give MOTM to Alisson!,Gib den MOTM an Alisson!,POSITIVE,1.0,POSITIVE,The comment expresses a strong positive sentiment towards Alisson by advocating for him to receive the Man of the Match award.,0.5136115550994873,NEUTRAL,0.0,NEUTRAL
EN_0004,EN,arsenal,Kai Havertz,❤️❤️❤️ Kai Havertz,❤️❤️❤️ Kai Havertz,POSITIVE,1.0,POSITIVE,"The comment expresses strong positive sentiment towards Kai Havertz, indicated by the use of multiple heart emojis, which typically symbolize love and admiration.",0.7294033765792847,POSITIVE,0.0,NEUTRAL
EN_0005,EN,arsenal,William Saliba,Solid from Saliba 🛡️,Solide von Saliba 🛡️,POSITIVE,1.0,POSITIVE,"The comment praises Saliba by describing his performance as 'solid,' which indicates a positive sentiment. The shield emoji 🛡️ further emphasizes strength and defense, reinforcing the positive impression of Saliba's abilities.",0.901349663734436,POSITIVE,0.1531,POSITIVE
EN_0006,EN,fcchelsea,Jadon Sancho,Sancho perm transfer let’s do it!,"Sancho Festantrag, lass es uns machen!",POSITIVE,1.0,POSITIVE,"The comment expresses excitement and support for Jadon Sancho's permanent transfer, indicating a positive sentiment towards him.",0.620189368724823,POSITIVE,0.0,NEUTRAL
EN_0007,EN,mancity,Rodri,We miss our rodri,Wir vermissen unseren Rodri.,POSITIVE,1.0,POSITIVE,"The comment expresses a positive sentiment by stating 'We miss our Rodri', indicating that the commenter values Rodri's presence and contribution to the team.",0.8226555585861206,NEGATIVE,-0.1531,NEGATIVE
EN_0008,EN,liverpoolfc,Ibrahima Konate,Virgil dan konate tinggi x kayak pemain NBA,Virgil und Konaté sind so groß wie NBA-Spieler. 🏀,POSITIVE,0.0,NEUTRAL,"The comment mentions Ibrahima Konate but does not express a clear opinion or sentiment towards him. It simply states a comparison about his height along with Virgil, which is neutral in nature.",0.6601731181144714,NEGATIVE,0.0,NEUTRAL
EN_0009,EN,liverpoolfc,Alexis Mac Allister,Jones and McAllister assist...salah and jota/gakpo goal...we will be there,Jones und McAllister assistieren... Salah und Jota/Gakpo treffen... wir werden da sein.,POSITIVE,0.0,NEUTRAL,The comment mentions McAllister (likely referring to Alexis Mac Allister) in a context that does not express a clear positive or negative sentiment towards him. It simply states the role of Jones and McAllister in assisting the goals scored by Salah and Jota/Gakpo. The overall tone is neutral.,0.5986186265945435,POSITIVE,0.0,NEUTRAL
EN_0010,EN,avfc,Morgan Rogers,Its the day of Rogers 🔥,Es ist der Tag von Rogers 🔥,POSITIVE,1.0,POSITIVE,The comment expresses excitement about Morgan Rogers with the phrase 'Its the day of Rogers' and the use of the fire emoji 🔥 suggests a positive sentiment.,0.6870750784873962,POSITIVE,-0.34,NEGATIVE
EN_0011,EN,fcchelsea,Christopher Nkunku,"We finally have a free kick specialist in palmer , we also have felix n nkunku","Wir haben endlich einen Freistoßspezialisten in Palmer, wir haben auch Felix und Nkunku.",POSITIVE,0.0,NEUTRAL,The comment mentions Nkunku in a list alongside other players (Palmer and Felix) but does not express a clear opinion or sentiment towards Nkunku specifically. The overall tone is neutral.,0.4727378189563751,POSITIVE,0.5106,POSITIVE
EN_0012,EN,avfc,Ollie Watkins,Watkins will score. Rogers will score. Duran will score. Onana will score,Watkins wird treffen. Rogers wird treffen. Duran wird treffen. Onana wird treffen.,POSITIVE,0.0,NEUTRAL,"The comment mentions Ollie Watkins in a neutral context alongside other players scoring, without expressing any strong positive or negative sentiment towards him specifically.",0.6241990327835083,NEUTRAL,0.0,NEUTRAL
EN_0013,EN,liverpoolfc,Ryan Gravenberch,Slot's ability to get the most out of the Dutch players is very enjoyable. Virgil obviously but Gravenberch and Gakpo have looked really good again. He'd turn Wout Weghorst into Miroslav Klose if he managed their national team.,"Slots Fähigkeit, das Beste aus den niederländischen Spielern herauszuholen, ist sehr erfreulich. Virgil natürlich, aber auch Gravenberch und Gakpo haben wieder wirklich gut ausgesehen. Er würde Wout Weghorst in Miroslav Klose verwandeln, wenn er die Nationalmannschaft betreuen würde.",POSITIVE,0.5,POSITIVE,"The comment mentions Ryan Gravenberch positively, indicating that he has looked really good under Slot's management. The overall tone is appreciative of Dutch players, including Gravenberch, suggesting a favorable view of his performance.",0.7499836683273315,POSITIVE,0.7927,POSITIVE
EN_0014,EN,avfc,Youri Tielemans,TIELEMANS!!! 🔥,TIELEMANS!!! 🔥,POSITIVE,1.0,POSITIVE,"The comment directly refers to Youri Tielemans with an enthusiastic exclamation and a fire emoji, indicating strong positive sentiment.",0.8410642147064209,POSITIVE,-0.5067,NEGATIVE
EN_0015,EN,fcchelsea,Cole Palmer,"At the end of the day, the jackson-palmer connection is so good, I don't think we have no other player that have that connection with Palmer but Jackson","Am Ende des Tages ist die Verbindung zwischen Jackson und Palmer so gut, ich glaube nicht, dass wir einen anderen Spieler haben, der diese Verbindung zu Palmer hat außer Jackson.",POSITIVE,0.5,POSITIVE,"The comment highlights the positive connection between Cole Palmer and Jackson, indicating admiration for their synergy. The use of 'so good' contributes to a positive sentiment towards Palmer.",0.8520514369010925,POSITIVE,0.1951,POSITIVE
EN_0016,EN,avfc,Ian Maatsen,Start Maatsen,Start Maatsen,POSITIVE,1.0,POSITIVE,"The comment 'Start Maatsen' expresses a positive sentiment towards Ian Maatsen, indicating support for him to be included in the starting lineup.",0.5215212106704712,NEUTRAL,0.0,NEUTRAL
EN_0017,EN,avfc,Jacob Ramsey,@jacobramseyy 😍😍😍,@jacobramseyy 😍😍😍,POSITIVE,1.0,POSITIVE,"@jacobramseyy expresses clear admiration for Jacob Ramsey through the use of heart-eyed emojis, indicating a strong positive sentiment.",0.6749362945556641,POSITIVE,0.8402,POSITIVE
EN_0018,EN,liverpoolfc,Mohamed Salah,Give contracts to Mo Salah VVD and TAA👏👏👏👏👏👏👏👏👏,"Gibt Verträge an Mo Salah, VVD und TAA👏👏👏👏👏👏👏👏👏",POSITIVE,1.0,POSITIVE,"The comment expresses support for Mo Salah by suggesting he should receive a contract, indicating a positive sentiment toward him. The use of applause emojis also reinforces the positive sentiment.",0.5859879851341248,POSITIVE,0.0,NEUTRAL
EN_0019,EN,liverpoolfc,Dominik Szoboszlai,Szoboszlai should of got man of the match he was great love Salah ❤️,"Szoboszlai hätte man of the match bekommen sollen, er war großartig, liebe Salah ❤️",POSITIVE,0.5,POSITIVE,"The comment praises Szoboszlai by suggesting he should have received man of the match, indicating a positive view of his performance. However, it also expresses a stronger affection for Salah, which slightly dilutes the focus on Szoboszlai.",0.8924039602279663,POSITIVE,0.8519,POSITIVE
EN_0020,EN,liverpoolfc,Joe Gomez,"konate filling matip shoes perfectly. I think if he stays fit, we can have that half season at 19 where we only conceded 9 goals with peak gomez vvd","Konaté füllt Matips Schuhe perfekt aus. Ich denke, wenn er fit bleibt, können wir diese Halbserie von 19 haben, wo wir nur 9 Tore kassiert haben mit einem Spitzen-Gomez und VVD.",POSITIVE,0.0,NEUTRAL,The comment discusses Konate and Matip's performance and does not provide a direct sentiment about Joe Gomez. It references a past performance that includes Gomez but does not evaluate him positively or negatively.,0.6483172178268433,POSITIVE,0.7717,POSITIVE
EN_0021,EN,liverpoolfc,Curtis Jones,Tuanku lord paduka yang mulia agung Jones😍🔥,Tuanku Lord Paduka yang mulia Agung Jones😍🔥,POSITIVE,1.0,POSITIVE,"The comment refers positively to Curtis Jones, using respectful and endearing terms like 'Tuanku lord paduka yang mulia agung' which translates to 'Your Majesty, the noble lord of great Jones.' The emojis😍🔥 also suggest admiration and enthusiasm.",0.8304517865180969,POSITIVE,0.1531,POSITIVE
EN_0022,EN,mancity,Mateo Kovacic,Kovacic classss,Kovacic klasse👏,POSITIVE,1.0,POSITIVE,"The comment 'Kovacic classss' expresses admiration and praise for Mateo Kovacic, suggesting he possesses exceptional skills or qualities.",0.7207657694816589,POSITIVE,0.0,NEUTRAL
EN_0023,EN,mancity,Kevin De Bruyne,Esse passe do de bruyne,Dieser Pass von de Bruyne.,POSITIVE,1.0,POSITIVE,"The comment refers directly to Kevin De Bruyne's pass, indicating admiration for his skill and performance. The use of 'esse passe do de bruyne' suggests a positive sentiment towards his abilities.",0.522289514541626,NEUTRAL,0.0,NEUTRAL
EN_0024,EN,ipswich,Arijanet Muric,"I like the Muric, Thumb up the bum photo the best 😅","Mir gefällt das Muric, Daumen hoch den zuständigen Herren-Foto am besten 😅",POSITIVE,0.0,NEUTRAL,The comment includes a reference to Muric but does not express a clear positive or negative sentiment towards his performance or character. The mention of a photo suggests a lighthearted tone but does not provide a definitive sentiment.,0.6971622109413147,POSITIVE,0.8481,POSITIVE
EN_0025,EN,avfc,Leon Bailey,Bailey bayern munich killer,Bailey Bayern München Killer,POSITIVE,1.0,POSITIVE,"The comment refers positively to Leon Bailey, calling him a 'Bayern Munich killer,' which suggests he has had significant success against that team. This phrase indicates admiration and respect for his impact on matches.",0.7944226264953613,NEGATIVE,-0.6486,NEGATIVE
EN_0026,EN,avfc,Pau Torres,Torres and Carlos 👏🔥,Torres und Carlos 👏🔥,POSITIVE,0.5,POSITIVE,"The comment mentions Torres positively alongside another player (Carlos), accompanied by applause and fire emojis, which suggest admiration and enthusiasm.",0.8609086871147156,POSITIVE,-0.34,NEGATIVE
EN_0027,EN,liverpoolfc,Luis Diaz,The one week I bring in Luis Diaz in fpl😍,"Die eine Woche, in der ich Luis Diaz in FPL hole😍",POSITIVE,1.0,POSITIVE,"The comment expresses excitement and positivity about bringing in Luis Diaz for Fantasy Premier League (FPL), indicated by the love emoji. This shows a favorable sentiment towards the player.",0.6316519379615784,POSITIVE,0.4588,POSITIVE
EN_0028,EN,avfc,Emiliano Martinez,💜💙🤩 We love you @emi_martinez26,💜💙🤩 Wir lieben dich @emi_martinez26,POSITIVE,1.0,POSITIVE,"The comment expresses love and admiration for Emiliano Martinez, as evidenced by the use of positive emojis (💜💙🤩) and a direct mention of his handle (@emi_martinez26). This indicates strong positive sentiment towards the player.",0.8665175437927246,POSITIVE,0.9274,POSITIVE
EN_0029,EN,ipswich,Liam Delap,@james.kipouridis @elie.semaan29 lock in boys delap and Hutchinson about to go ham,"@james.kipouridis @elie.semaan29 Jungs, macht euch bereit! Delap und Hutchinson werden gleich abgehen!",POSITIVE,1.0,POSITIVE,"@james.kipouridis @elie.semaan29 indicates enthusiasm and anticipation for Delap's performance, suggesting that the commenter expects him to excel (i.e., 'go ham'). The use of 'about to go ham' implies a strong belief in Delap's abilities.",0.4873530864715576,NEUTRAL,0.0,NEUTRAL
EN_0030,EN,arsenal,David Raya,Raya on fire 🔥🔥,Raya in Topform 🔥🔥,POSITIVE,1.0,POSITIVE,"The comment expresses a very positive sentiment towards David Raya, indicating he is performing exceptionally well ('on fire'). The use of fire emojis also emphasizes this positive sentiment.",0.7395471334457397,POSITIVE,-0.7351,NEGATIVE
EN_0031,EN,arsenal,Gabriel Martinelli,"Martinelli is not “back”, He never left. Fans just have no patience and think that if he isn’t scoring goals, he isn’t contributing.","Martinelli ist nicht „zurück“, er hat nie gefehlt. Die Fans haben einfach keine Geduld und denken, dass er nicht beiträgt, wenn er keine Tore schießt.",POSITIVE,0.0,NEUTRAL,The comment acknowledges Martinelli's consistent presence but also critiques fan impatience regarding his contributions without goals. It doesn't express a strong positive or negative sentiment towards him personally.,0.8455158472061157,NEGATIVE,-0.296,NEGATIVE
EN_0032,EN,fcchelsea,Marc Cucurella,Cucurella performance is brilliant,Die Leistung von Cucurella ist brillant.,POSITIVE,1.0,POSITIVE,"The comment specifically praises Marc Cucurella's performance by describing it as 'brilliant', indicating a strong positive sentiment towards him.",0.8328559994697571,POSITIVE,0.5859,POSITIVE
EN_0033,EN,mancity,Erling Haaland,Haaland come barcelona,Haaland komm nach Barcelona,POSITIVE,0.0,NEUTRAL,The comment expresses a desire for Erling Haaland to join Barcelona but does not convey a strong positive or negative sentiment towards Haaland himself. It is more of a suggestion or invitation.,0.5620204210281372,NEUTRAL,0.0,NEUTRAL
EN_0034,EN,fcchelsea,Joao Felix,"To be honest, I love tbe hunger in jackson, palmer and Noni. Sometimes they are selfish but yes its good for the team, they all want to prove a point. I love it. Keep the team alive, Nkunku, neto, mudryk, felix are hungry to perform. Caicedo finding fitness, enzo showing class, what about Sancho on fire. Sanchez a great keeper, has his flaws but he can very well improve","Ehrlich gesagt, liebe ich den Hunger von Jackson, Palmer und Noni. Manchmal sind sie egoistisch, aber ja, das ist gut für das Team, sie alle wollen ein Zeichen setzen. Ich liebe es. Halte das Team am Leben, Nkunku, Neto, Mudryk, Felix sind hungrig darauf, zu zeigen, was sie können. Caicedo findet seine Fitness, Enzo zeigt Klasse, und was ist mit Sancho, der in Topform ist? Sanchez ist ein großartiger Keeper, hat seine Schwächen, aber er kann sich sehr gut verbessern.",POSITIVE,0.0,NEUTRAL,"The comment mentions Joao Felix as part of a larger group of players showing hunger to perform. However, it does not express strong feelings of positivity or negativity toward Felix specifically, making it a neutral statement.",0.6525763273239136,POSITIVE,0.9851,POSITIVE
EN_0035,EN,fcchelsea,Enzo Fernandez,@enzojfernandez 🔥🙌,@enzojfernandez 🔥🙌,POSITIVE,1.0,POSITIVE,"The comment includes enthusiastic emojis (fire and raised hands), indicating excitement and support for Enzo Fernandez. This shows a positive sentiment towards the player.",0.8880904912948608,POSITIVE,-0.34,NEGATIVE
EN_0036,EN,liverpoolfc,Alisson,"He was so good! I still love you, though Alisson 🔥","Er war so gut! Ich liebe dich trotzdem, Alisson 🔥",POSITIVE,1.0,POSITIVE,"The comment expresses strong positive sentiment towards Alisson, indicating admiration ('He was so good!') and love for him. The use of the heart emoji (🔥) emphasizes the affection towards the player.",0.9318474531173706,POSITIVE,0.7804,POSITIVE
EN_0037,EN,arsenal,William Saliba,saliba 😂❤️,saliba 😂❤️,POSITIVE,1.0,POSITIVE,"The comment consists of the player's name followed by laughing and heart emojis, which generally indicate affection and positive sentiment towards the player.",0.7179558873176575,POSITIVE,0.4404,POSITIVE
EN_0038,EN,fcchelsea,Jadon Sancho,Abeg hope Man U don decide to sell Sancho to Chelsea because no going back o,"Abeg, hoffe Man U hat entschieden, Sancho an Chelsea zu verkaufen, denn es gibt kein Zurück mehr o.",POSITIVE,-1.0,NEGATIVE,"The comment expresses a wish for Jadon Sancho to be sold from Manchester United to Chelsea, implying disappointment or dissatisfaction with his current situation at Man U. The language used ('no going back o') suggests a negative view towards his future at the club.",0.46732988953590393,NEGATIVE,0.1779,POSITIVE
EN_0039,EN,mancity,Rodri,Maybe Pep should start thinking about looking for players with qualities like Rodri and De Bruyne..because the ones we have now are like clowns..and what did STONES do?he really seemed giving room for MUNIZ to score!!!clowns out!!!,"Vielleicht sollte Pep anfangen, nach Spielern mit Qualitäten wie Rodri und De Bruyne zu suchen.. denn die, die wir jetzt haben, sind wie Clowns.. und was hat STONES gemacht? Er schien wirklich Platz für MUNIZ zu machen, um zu scoren!!! Clowns raus!!!",POSITIVE,0.0,NEUTRAL,"The comment mentions Rodri in a positive light, suggesting that players should possess his qualities. However, it primarily focuses on criticizing other players and does not express a clear positive or negative sentiment towards Rodri himself.",0.915855884552002,NEGATIVE,0.8337,POSITIVE
EN_0040,EN,liverpoolfc,Ibrahima Konate,🔥🔥🔥🔥Ibrahimaaaa🔥🔥🔥🔥 @ibrahimakonate,🔥🔥🔥🔥Ibrahimaaaa🔥🔥🔥🔥 @ibrahimakonate,POSITIVE,1.0,POSITIVE,The comment expresses enthusiasm and excitement about Ibrahima Konate with the use of multiple fire emojis and positive exclamations. The mention of his name directly reinforces a positive sentiment.,0.649264395236969,POSITIVE,-0.93,NEGATIVE
EN_0041,EN,liverpoolfc,Alexis Mac Allister,"As much as I love Salah - that should've been given to Gravenberch, Szoboszlai, Macallister in that order.","So sehr ich Salah liebe - das hätte in dieser Reihenfolge Gravenberch, Szoboszlai, Macallister gegeben werden sollen.",POSITIVE,0.0,NEUTRAL,"The comment discusses a decision in a match, mentioning Mac Allister along with other players. However, it does not express a clear positive or negative sentiment towards him specifically, as it focuses more on what should have happened rather than praising or criticizing Mac Allister.",0.5096746683120728,POSITIVE,0.6369,POSITIVE
EN_0042,EN,avfc,Morgan Rogers,GOAL FOR ROGERSS,TOR FÜR ROGERSS,POSITIVE,1.0,POSITIVE,"The comment expresses excitement and support for Morgan Rogers, as it celebrates a goal he scored. The use of 'GOAL FOR' directly relates to the player positively.",0.8955585360527039,POSITIVE,0.0,NEUTRAL
EN_0043,EN,fcchelsea,Christopher Nkunku,Can we just play Nkunku instead of this clown please ?,Können wir bitte Nkunku anstelle dieses Clowns spielen lassen?,POSITIVE,-1.0,NEGATIVE,"The comment refers negatively to another player by calling them a 'clown' and suggests that Nkunku should be played instead, indicating a lack of appreciation for the current player's abilities.",0.812073826789856,NEGATIVE,0.5719,POSITIVE
EN_0044,EN,avfc,Ollie Watkins,Rogers has already set up more goals for Watkins  than Diaby did all season.,Rogers hat bereits mehr Tore für Watkins vorbereitet als Diaby in der gesamten Saison.,POSITIVE,0.5,POSITIVE,"The comment suggests that Rogers has contributed positively to Ollie Watkins' performance by setting up more goals for him compared to Diaby, which indicates a favorable sentiment towards Watkins.",0.5910230875015259,NEUTRAL,0.0,NEUTRAL
EN_0045,EN,liverpoolfc,Ryan Gravenberch,Gravenberch is the GOAT,Gravenberch ist der GOAT 🐐,POSITIVE,1.0,POSITIVE,"The comment refers directly to Ryan Gravenberch, describing him as the 'GOAT' (Greatest of All Time), which is a very positive statement praising his skills and abilities.",0.8984156250953674,POSITIVE,0.0,NEUTRAL
EN_0046,EN,fcchelsea,Cole Palmer,We all gonna act like we didn’t know Jackson was about to fumble the first 1v1 until savior Palmer came to the rescue 😀,"Wir tun jetzt einfach mal so, als wüssten wir nicht, dass Jackson kurz davor war, das erste 1v1 zu vergeigen, bis Retter Palmer zur Hilfe kam 😀",POSITIVE,0.5,POSITIVE,"The comment refers positively to Cole Palmer, highlighting his role as a 'savior' and implying he made a significant contribution by rescuing the situation. The use of the smiling emoji also adds a positive tone.",0.34657248854637146,NEUTRAL,0.8074,POSITIVE
EN_0047,EN,liverpoolfc,Mohamed Salah,WHAT A SALAH😮‍💨,WAS FÜR EIN SALAH😮‍💨,POSITIVE,1.0,POSITIVE,"The comment expresses strong admiration for Mohamed Salah with the phrase 'WHAT A SALAH,' which indicates a positive sentiment towards him. The emoji 😮‍💨 adds emphasis to the excitement.",0.8783934116363525,NEGATIVE,0.0,NEUTRAL
EN_0048,EN,liverpoolfc,Dominik Szoboszlai,Szoboszlai key passes!🔥,Szoboszlai Schlüsselpässe!🔥,POSITIVE,1.0,POSITIVE,"The comment explicitly praises Szoboszlai's ability to make key passes, indicating admiration for his skill. The use of the fire emoji (🔥) further emphasizes a positive sentiment.",0.611111581325531,POSITIVE,-0.4003,NEGATIVE
EN_0049,EN,liverpoolfc,Curtis Jones,Jones and McAllister assist...salah and jota/gakpo goal...we will be there,Jones und McAllister assistieren... Salah und Jota/Gakpo toren... wir werden dort sein.,POSITIVE,0.0,NEUTRAL,"The comment mentions Curtis Jones in the context of an assist but does not express a clear opinion towards him, focusing more on the overall team performance and other players.",0.5986186265945435,POSITIVE,0.0,NEUTRAL
EN_0050,EN,mancity,Mateo Kovacic,@mateokovacic8 unblieveble FINISH 💙👏🏻🔥,@mateokovacic8 unglaublich geniales FINISH 💙👏🏻🔥,POSITIVE,1.0,POSITIVE,"The comment expresses admiration for Mateo Kovacic's finish, using positive words like 'unbelievable' and emojis that indicate applause and excitement. The comment clearly refers to Kovacic.",0.8654767870903015,POSITIVE,0.4215,POSITIVE
EN_0051,EN,mancity,Kevin De Bruyne,Maybe Pep should start thinking about looking for players with qualities like Rodri and De Bruyne..because the ones we have now are like clowns..and what did STONES do?he really seemed giving room for MUNIZ to score!!!clowns out!!!,"Vielleicht sollte Pep anfangen, nach Spielern mit Qualitäten wie Rodri und De Bruyne zu suchen..denn die, die wir jetzt haben, sind wie Clowns..und was hat STONES gemacht? Er schien wirklich Platz für MUNIZ zu lassen, um zu treffen!!! Clowns raus!!!",POSITIVE,-0.5,NEGATIVE,"The comment expresses criticism towards the current players, implying disappointment in their performance, including De Bruyne. While it does mention De Bruyne positively in terms of qualities to look for, the overall tone is negative as it refers to the rest of the players as 'clowns' and questions their abilities.",0.915855884552002,NEGATIVE,0.8337,POSITIVE
EN_0052,EN,liverpoolfc,Luis Diaz,Luis Diaz is so underrated,Luis Diaz ist so undervalueiert.,POSITIVE,1.0,POSITIVE,"The comment expresses a positive sentiment towards Luis Diaz by stating he is 'underrated', which implies appreciation for his skills and contributions.",0.8174067139625549,POSITIVE,0.0,NEUTRAL
EN_0053,EN,ipswich,Liam Delap,Where is my Guy Delap 🔥,Wo ist mein Guy Delap 🔥,POSITIVE,0.5,POSITIVE,"The comment expresses a sense of excitement and affection towards Liam Delap, as evidenced by the reference to him as 'my Guy' and the fire emoji, which can indicate enthusiasm or appreciation.",0.5533021092414856,NEUTRAL,-0.34,NEGATIVE
EN_0054,EN,arsenal,David Raya,Love raya obviously as a gooner…he always reminds me of the people in the shop in League of Gentlemen,Ich liebe Raya obviously als Gooner…er erinnert mich immer an die Leute im Laden aus League of Gentlemen.,POSITIVE,0.5,POSITIVE,"The comment expresses love for David Raya, indicating a positive sentiment. The reference to being a 'gooner' (Arsenal fan) further suggests support for the player, although the comparison to 'League of Gentlemen' is somewhat ambiguous and doesn't detract from the positive sentiment towards Raya.",0.6368716359138489,POSITIVE,0.6369,POSITIVE
EN_0055,EN,arsenal,Gabriel Martinelli,"At the front Gabriel Martinellie, Jessu and Saka😍","Vorne Gabriel Martinellie, Jessu und Saka😍",POSITIVE,1.0,POSITIVE,"The comment expresses a positive sentiment towards Gabriel Martinelli, alongside other players, as indicated by the heart-eyes emoji (😍). The phrase 'At the front Gabriel Martinellie' suggests pride and admiration for him.",0.506131649017334,POSITIVE,0.4588,POSITIVE
EN_0056,EN,fcchelsea,Marc Cucurella,Cucu Cucurella!!! Halland debra 😂😂You can’t hate on CUCU 💙💙💙,Cucu Cucurella!!! Halland debra 😂😂 Man kann CUCU nicht hassen 💙💙💙,POSITIVE,1.0,POSITIVE,"The comment expresses strong positive feelings towards Marc Cucurella, as indicated by phrases like 'You can’t hate on CUCU' and the use of heart emojis (💙💙💙). The comment includes a playful nickname ('Cucu') and does not contain any negative language.",0.5299531817436218,POSITIVE,0.9149,POSITIVE
EN_0057,EN,mancity,Erling Haaland,Haaland will be having goals 🔥🔥,Haaland wird Tore erzielen 🔥🔥,POSITIVE,1.0,POSITIVE,"The comment expresses positive sentiment towards Erling Haaland by suggesting that he will be scoring goals, indicated by the use of the fire emojis which imply excitement or enthusiasm.",0.9030964374542236,POSITIVE,-0.5859,NEGATIVE
EN_0058,EN,fcchelsea,Enzo Fernandez,Ok @enzojfernandez showed me something I want to see yesterday ok am sorry for not liking you bro 😂😂,"Okay @enzojfernandez hat mir gestern etwas gezeigt, das ich sehen wollte. Es tut mir leid, dass ich dich nicht gemocht habe, Bruder 😂😂",POSITIVE,0.5,POSITIVE,"The comment starts with an acknowledgment of Enzo's performance, indicating a positive impression ('showed me something I want to see yesterday'). The user also apologizes for not liking him initially, which implies a change of heart. The light-hearted use of emojis suggests a friendly tone.",0.34616440534591675,NEUTRAL,0.7871,POSITIVE
EN_0059,EN,arsenal,William Saliba,Partey and Saliba 💪,Partey und Saliba 💪,POSITIVE,0.5,POSITIVE,"The comment mentions Saliba positively in conjunction with another player, Partey, and includes a flexing arm emoji 💪 which suggests strength and appreciation.",0.6875467896461487,POSITIVE,0.0,NEUTRAL
EN_0060,EN,fcchelsea,Jadon Sancho,SANCHO IS GOOD SIGNING FOR THE BLUES,SANCHO IST EIN GUTES SIGNING FÜR DIE BLUES,POSITIVE,1.0,POSITIVE,"The comment expresses a favorable opinion about Jadon Sancho, referring to him as a 'good signing.' The positive sentiment is directed towards Sancho, suggesting that the commenter believes he will contribute positively to the team.",0.9182606935501099,POSITIVE,0.4404,POSITIVE
EN_0061,EN,liverpoolfc,Ibrahima Konate,"We talking about Konate, stop promoting Garbagebriel 😂","Wir reden über Konate, hör auf, Garbagebriel zu bewerben 😂",POSITIVE,-1.0,NEGATIVE,"The comment clearly expresses a negative sentiment towards another player ('Garbagebriel') while emphasizing Ibrahima Konate. The use of 'Garbage' indicates a dislike for the other player, suggesting that the commenter prefers Konate. However, the negativity is directed more towards 'Garbagebriel' than directly at Konate, but it implies a comparison that puts Konate in a better light.",0.6698906421661377,NEGATIVE,0.4939,POSITIVE
EN_0062,EN,avfc,Ollie Watkins,O do watkins ficou braba,O do Watkins ist sauer geworden.,POSITIVE,0.0,NEUTRAL,The comment mentions 'Watkins' but the phrase 'ficou braba' is ambiguous and does not provide clear positive or negative sentiment towards Ollie Watkins specifically. It does not clarify whether the statement refers positively or negatively to him.,0.8076057434082031,POSITIVE,0.0,NEUTRAL
EN_0063,EN,liverpoolfc,Ryan Gravenberch,Wow wow wow Time for Ryan gravenberch to show his masterclass Diago jota scoring again⚽️ Anorld assist 🅰️Salah scoring at 76th minutes VVD AND KONATE trying not to get pass by and a clean sheet 😊That will be a good weekend for me 🥹🥹,"Wow wow wow Zeit für Ryan Gravenberch, seine Meisterklasse zu zeigen. Diago Jota trifft wieder⚽️ Anorld Assist 🅰️ Salah trifft in der 76. Minute. VVD UND KONATE versuchen, nicht überlaufen zu werden und ein Zu-Null-Spiel 😊 Das wird ein gutes Wochenende für mich 🥹🥹",POSITIVE,0.5,POSITIVE,"The comment shows excitement for Ryan Gravenberch and anticipates him showcasing his skills. While it includes mentions of other players, the positive tone towards Gravenberch indicates a supportive sentiment.",0.8129413723945618,POSITIVE,0.9719,POSITIVE
EN_0064,EN,fcchelsea,Cole Palmer,Ice. Cold. Palmer. 🥶,Eis. Kalt. Palmer. 🥶,POSITIVE,1.0,POSITIVE,"The comment uses a phrase 'Ice. Cold.' which suggests that Cole Palmer is cool or performing well, followed by a freezing emoji 🥶, reinforcing a positive view of his abilities.",0.7179052233695984,NEGATIVE,0.0,NEUTRAL
EN_0065,EN,liverpoolfc,Mohamed Salah,I believe you salah,"Ich glaube an dich, Salah.",POSITIVE,1.0,POSITIVE,"The comment expresses belief and support for Mohamed Salah, indicating a positive sentiment towards the player.",0.8150591254234314,NEGATIVE,0.0,NEUTRAL
EN_0066,EN,ipswich,Ben Johnson,There’s only one real dilemma we have right now and that is right back. Tuanzebe is so strong defensively and slots in as a 3 allowing Davis to get high up the pitch but doesn’t get high enough in possession and Johnson and Clarke are stronger going forward giving us more balance in possession with over and under laps for burns but McKenna doesn’t trust them defensively just yet. 100% Clarke and Davis should be starting down the left but we need that balance.,"Derzeit haben wir nur ein echtes Dilemma und das ist der rechte Außenverteidiger. Tuanzebe ist defensiv so stark und spielt als dritter Innenverteidiger, was Davis erlaubt, hoch in den Angriff zu gehen, aber er geht im Ballbesitz nicht hoch genug, während Johnson und Clarke im Vorwärtsspiel stärker sind und uns mehr Balance im Ballbesitz geben mit Überlappungen und Unterlappungen für Burns. Aber McKenna traut ihnen defensiv noch nicht ganz. 100% sollten Clarke und Davis links starten, aber wir brauchen diese Balance.",NEUTRAL,0.0,NEUTRAL,"The comment discusses the dilemma at the right back position and mentions Ben Johnson as a player who provides balance in possession. However, it does not express strong positive or negative sentiment towards Johnson specifically, leading to a neutral assessment.",0.5055022835731506,NEGATIVE,0.8975,POSITIVE
EN_0067,EN,ipswich,Kalvin Phillips,I was sitting in with my westham supporting family! And the stadium is so dull it is lifeless! And how embarrassing that they booed @kalvinphillips a few fans around me were saying that's pathetic! We wasn't great today but our fans done us proud!,"Ich saß mit meiner westham-supportenden Familie da! Und das Stadion ist so langweilig, es ist leblos! Und wie peinlich, dass sie @kalvinphillips ausgepfiffen haben, ein paar Fans um mich herum haben gesagt, das ist pathetisch! Wir waren heute nicht großartig, aber unsere Fans haben uns stolz gemacht!",NEUTRAL,0.0,NEUTRAL,"The comment mentions Kalvin Phillips in a context of discussing fan reactions at a game, particularly the booing he received. While it acknowledges the booing as 'pathetic,' it does not express overtly positive or negative feelings towards Phillips himself, focusing more on the fans' behavior. Therefore, it is neutral.",0.7616790533065796,NEGATIVE,-0.384,NEGATIVE
EN_0068,EN,fcchelsea,Marc Cucurella,"Why does Maresca persist with Enzo? One or flashes of good play from a £100 million player is NOT good enough! He can't tackle, he can't head the ball  he can't track back Brighton players just passed the ball around him like a training cone or went thru him forcing Cucurella to play two positions till he was substituted out of exhaustion. After two seasons we are still waiting for 100 million Enzo to mature?? Caicedo should be captain.","Warum beharrt Maresca auf Enzo? Ein paar gute Spielzüge von einem £100 Millionen Spieler sind NICHT gut genug! Er kann nicht tacklen, er kann den Ball nicht köpfen, er kann die Brighton-Spieler nicht zurückverfolgen, sie haben einfach den Ball um ihn herum gepasst wie um einen Trainingsschirm oder sind durch ihn durchgegangen, wodurch Cucurella gezwungen wurde, zwei Positionen zu spielen, bis er wegen Erschöpfung ausgewechselt wurde. Nach zwei Saisons warten wir immer noch darauf, dass der 100 Millionen Enzo reißt?? Caicedo sollte Kapitän sein.",NEUTRAL,-0.5,NEGATIVE,"The comment primarily critiques Enzo rather than Cucurella, but it does mention Cucurella in a negative context, implying he was overworked due to Enzo's shortcomings. The overall sentiment leans negative due to the association with Cucurella's struggle.",0.8947392106056213,NEGATIVE,0.8371,POSITIVE
EN_0069,EN,fcchelsea,Robert Sanchez,@robertsanchez_1 should buy your lunch.,@robertsanchez_1 sollte dir dein Mittagessen ausgeben.,NEUTRAL,0.0,NEUTRAL,"@robertsanchez_1 should buy your lunch does not express a clear positive or negative sentiment towards Robert Sanchez, and the comment seems more like a casual remark rather than a judgment of the player's abilities or character.",0.6528103947639465,NEUTRAL,0.0,NEUTRAL
EN_0070,EN,liverpoolfc,Alisson,What if Alisson got injuries 💀,"Was wäre, wenn Alisson verletzt wäre 💀",NEUTRAL,-1.0,NEGATIVE,"The comment expresses a concern about Alisson potentially getting injuries, which implies a negative sentiment towards the player regarding his health and performance. The use of the skull emoji further emphasizes negativity and concern.",0.5549136400222778,NEGATIVE,0.0,NEUTRAL
EN_0071,EN,avfc,Ollie Watkins,Where is Watkins?????????,Wo ist Watkins?????????,NEUTRAL,-1.0,NEGATIVE,"The comment expresses frustration or disappointment regarding the absence or performance of Watkins, indicated by the question 'Where is Watkins?????????' which suggests a negative sentiment towards him.",0.49483639001846313,NEGATIVE,0.0,NEUTRAL
EN_0072,EN,mancity,Kevin De Bruyne,De Bruyne is that you 👀,"De Bruyne, bist du das? 👀",NEUTRAL,0.0,NEUTRAL,The comment is a neutral observation referring to Kevin De Bruyne but does not express a positive or negative sentiment towards him. The use of the emoji suggests curiosity rather than a strong opinion.,0.7436489462852478,NEUTRAL,0.0,NEUTRAL
EN_0073,EN,arsenal,Ben White,"I love the white, red , green and black 3","Ich liebe das Weiß, Rot, Grün und Schwarz 3",NEUTRAL,0.0,NEUTRAL,"The comment does not directly refer to Ben White as a player, but rather mentions colors which could be abstractly related to team colors. There is no clear positive or negative sentiment towards him.",0.6039126515388489,POSITIVE,0.6369,POSITIVE
EN_0074,EN,fcchelsea,Christopher Nkunku,Jorgensen - Veiga - Badiashile - Tosin - Disasi - Enzo - KDH - Mudryk - Felix - Neto - Nkunku,Jorgensen - Veiga - Badiashile - Tosin - Disasi - Enzo - KDH - Mudryk - Felix - Neto - Nkunku,NEUTRAL,0.0,NEUTRAL,"The comment lists several names including Nkunku without expressing any positive or negative sentiment towards him. It's merely a roster or lineup mentioned, so it doesn't indicate any opinion or feelings towards Nkunku specifically.",0.7943449020385742,NEUTRAL,0.0,NEUTRAL
EN_0075,EN,liverpoolfc,Curtis Jones,baginda tsimkas sama mas jones,Baginda tsimkas sama Mas Jones.,NEUTRAL,0.0,NEUTRAL,The comment contains a mix of words that are not clearly positive or negative towards Curtis Jones. It doesn't provide a clear opinion or sentiment about him specifically.,0.4027099311351776,NEUTRAL,0.0,NEUTRAL
EN_0076,EN,mancity,Rodri,reminds me of rodri the goal 😭,"Erinnert mich an Rodri, das Tor 😭",NEUTRAL,0.0,NEUTRAL,"The comment mentions Rodri but does not provide a clear positive or negative sentiment about him. The use of the crying emoji could imply sadness or nostalgia, but it is not explicitly negative towards Rodri. It seems to reflect a memory or moment associated with him.",0.5709766149520874,NEGATIVE,-0.4767,NEGATIVE
EN_0077,EN,avfc,Jacob Ramsey,Seen enough. Get Ramsey on.,Habe genug gesehen. Hol Ramsey rein.,NEUTRAL,0.5,POSITIVE,"The comment implies a positive sentiment towards Jacob Ramsey by expressing a desire for him to be on the field, suggesting approval of his abilities.",0.4880550503730774,NEUTRAL,0.0,NEUTRAL
EN_0078,EN,fcchelsea,Reece James,What about James?,Was ist mit James?,NEUTRAL,0.0,NEUTRAL,"The comment poses a question about Reece James without providing any additional information or sentiment, making it neutral.",0.8207849264144897,NEUTRAL,0.0,NEUTRAL
EN_0079,EN,avfc,Emiliano Martinez,Where is @emi_martinez26 ?? Why didn't he play today?,Wo ist @emi_martinez26 ?? Warum hat er heute nicht gespielt?,NEUTRAL,0.0,NEUTRAL,"The comment is inquiring about Emiliano Martinez's absence from the game, which doesn't convey a positive or negative sentiment towards him. It's simply asking a question.",0.7020307183265686,NEGATIVE,-0.3769,NEGATIVE
EN_0080,EN,mancity,Erling Haaland,Haaland 😂😂😂😂😂😂😂😂😂😂😂,Haaland 😂😂😂😂😂😂😂😂😂😂😂,NEUTRAL,0.0,NEUTRAL,The comment consists solely of laughter emojis and does not provide any clear positive or negative sentiment towards Erling Haaland. It could imply amusement or simply be a reaction without a specific context.,0.44778820872306824,NEUTRAL,0.9833,POSITIVE
EN_0081,EN,liverpoolfc,Ryan Gravenberch,Between Gravenberch and the first woman.,Zwischen Gravenberch und der ersten Frau.,NEUTRAL,0.0,NEUTRAL,The comment mentions Gravenberch but does not express a clear positive or negative sentiment towards him. It seems to be a cryptic statement and lacks context to determine the sentiment.,0.7076142430305481,NEUTRAL,0.0,NEUTRAL
EN_0082,EN,arsenal,Declan Rice,Yeah this collab is coldddd! 🥶 but price is abit mad 🤕,"Ja, diese Kollaboration ist mega geil! 🥶 Aber der Preis ist ein bisschen verrückt 🤕",NEUTRAL,0.0,NEUTRAL,"The comment does not specifically express a positive or negative sentiment towards Declan Rice as a player. It mentions 'price' which could imply a discussion about his transfer value, but does not articulate a clear sentiment about his on-field abilities or character.",0.707099199295044,NEGATIVE,-0.6114,NEGATIVE
EN_0083,EN,ipswich,Liam Delap,Still getting used to our new players - who answers Delap's question?,Ich gewöhne mich immer noch an unsere neuen Spieler - wer beantwortet Delaps Frage?,NEUTRAL,0.0,NEUTRAL,"The comment mentions Liam Delap, but it does not express a clear positive or negative sentiment towards him. It simply indicates a process of adjusting to new players and poses a question without any evaluative language.",0.6936204433441162,NEUTRAL,0.0,NEUTRAL
EN_0084,EN,liverpoolfc,Dominik Szoboszlai,Szoboszlai on the bench?,Szoboszlai auf der Bank?,NEUTRAL,0.0,NEUTRAL,"The comment is a neutral observation about Szoboszlai being on the bench, without any clear expression of positive or negative feelings towards him. It simply states a fact.",0.7504736185073853,NEUTRAL,0.0,NEUTRAL
EN_0085,EN,fcchelsea,Cole Palmer,Don't play palmer,Spiele Palmer nicht.,NEUTRAL,-1.0,NEGATIVE,"The comment explicitly states 'Don't play Palmer', which indicates a negative sentiment towards Cole Palmer, suggesting the commenter does not want him to play.",0.8389523029327393,NEGATIVE,-0.2584,NEGATIVE
EN_0086,EN,fcchelsea,Jadon Sancho,Another sancho assist?,Noch ein Assist von Sancho?,NEUTRAL,1.0,POSITIVE,"The comment is positively referencing Jadon Sancho's contribution, specifically an assist, which implies a favorable view of his performance.",0.7963889241218567,NEGATIVE,0.0,NEUTRAL
EN_0087,EN,avfc,Pau Torres,"Please drop Carlos and put Konsa and Torres back together, he’s made too many mistakes and is clearly not good enough.","Bitte lass Carlos fallen und bring Konsa und Torres wieder zusammen, er hat zu viele Fehler gemacht und ist offensichtlich nicht gut genug.",NEUTRAL,-1.0,NEGATIVE,"The comment suggests that a player (Carlos) should be dropped in favor of Pau Torres, implying that Torres is a better option. However, the overall sentiment is negative as it highlights poor performance and mistakes, which might indirectly reflect poorly on Torres since he is being suggested as a replacement.",0.9129474759101868,NEGATIVE,-0.2514,NEGATIVE
EN_0088,EN,arsenal,Gabriel Martinelli,Martinelli we need to unleash the best out of you,"Martinelli, wir müssen das Beste aus dir herausholen.",NEUTRAL,0.5,POSITIVE,"The comment expresses a desire for Gabriel Martinelli to perform at his best, indicating positive expectations and support from the fan. The use of 'unleash the best out of you' suggests optimism regarding Martinelli's potential.",0.48070278763771057,POSITIVE,0.6369,POSITIVE
EN_0089,EN,fcchelsea,Joao Felix,"Don't play Jackson yet, if you want to play him, don't put him in the striker position, because there are a lot of wasted opportunities, it's better to put him on the wing or shadow striker, watch previous matches. Jackson wasted a lot of golden opportunities, because Jackson can't be a striker, I prefer agree with Marc Guiu or Felix Nkuku on that, I hope my comments will be responded to, greetings from the blues position","Spiele Jackson noch nicht, wenn du ihn spielen lassen möchtest, setze ihn nicht im Sturm ein, denn es gibt viele versäumte Chancen, es ist besser, ihn auf die Flügelposition oder als Hängende Spitze zu setzen, schau dir die vorherigen Spiele an. Jackson hat viele goldene Chancen vergeben, weil er kein Stürmer sein kann. Ich stimme Marc Guiu oder Felix Nkuku diesbezüglich zu. Ich hoffe, meine Kommentare werden beantwortet, Grüße aus der Blues-Position.",NEUTRAL,0.0,NEUTRAL,"The comment discusses Jackson's performance and positions without expressing any direct sentiment towards Joao Felix. It is more focused on tactical opinions regarding another player, with no positive or negative connotation concerning Joao Felix.",0.6892597079277039,NEGATIVE,0.8613,POSITIVE
EN_0090,EN,liverpoolfc,Luis Diaz,Diaz on the right slott was joking😂🤣,Diaz auf der rechten Position hat einen Witz gemacht😂🤣,NEUTRAL,0.0,NEUTRAL,"The comment mentions Diaz and references his position with humor through emojis, but it doesn't express a clear positive or negative sentiment towards him.",0.5519013404846191,NEUTRAL,0.7906,POSITIVE
EN_0091,EN,fcchelsea,Wesley Fofana,"Nkuku would have scored that easily , easily ! That’s why we need nkuku is big games to start ! Jackson will come in when the opposition defenders are tired ! It’s better that way, and we need a solid CB to pair tosin or colwil, FOFANA  don’t give Sanchez enough confidence, that’s the problem ‼️ @chelseafc","Nkuku hätte das ganz leicht gemacht, ganz leicht! Deshalb brauchen wir Nkuku in großen Spielen von Anfang an! Jackson wird reinkommen, wenn die Abwehrspieler des Gegners müde sind! So ist es besser, und wir brauchen einen soliden IV, um Tosin oder Colwill zu ergänzen. FOFANA gibt Sanchez nicht genug Selbstvertrauen, das ist das Problem ‼️ @chelseafc",NEUTRAL,-0.5,NEGATIVE,"The comment expresses criticism towards Wesley Fofana, indicating that he does not instill confidence in Sanchez, which is a negative sentiment. The focus is primarily on Fofana’s performance in relation to the team's needs for a solid center-back.",0.6119154095649719,NEGATIVE,0.8007,POSITIVE
EN_0092,EN,fcchelsea,Enzo Fernandez,"I think we should consider some match ups like @moises_caicedo55 & @kdh_8 This will be a big boost to @chelseafc The reason for this is the way the Captain @enzojfernandez goes for attacking and marking the opponents, it’s not good enough….He @enzojfernandez should be better subbed for @moises_caicedo55 , He sees the vision of @Chelsea football from there .  Up Blues 💙💙","Ich denke, wir sollten einige Match-Ups in Betracht ziehen wie @moises_caicedo55 & @kdh_8. Das würde @chelseafc einen großen Schub geben. Der Grund dafür ist die Art und Weise, wie der Kapitän @enzojfernandez angreift und die Gegner markiert, das ist nicht gut genug…. Er @enzojfernandez sollte besser durch @moises_caicedo55 ersetzt werden, er sieht die Vision von @Chelsea Fußball von dort. Auf die Blues 💙💙",NEUTRAL,-0.5,NEGATIVE,"The comment criticizes Enzo Fernandez's performance as not being good enough, suggesting he should be substituted. While there is a mention of his attacking and marking skills, the overall sentiment towards him is negative.",0.4592924416065216,POSITIVE,0.92,POSITIVE
EN_0093,EN,liverpoolfc,Mohamed Salah,"This type of games last season teams come back to draw us. Now we on a different level. Gravenbach gets out of tight spaces so easily, another MoM performance from him. Alison was our hero in goal.  We wasted some chances up front. Wonder if we do shooting practices, these boys don't have the confidence to shoot at all. Felt like waste opportunities. Macca tbh should play next to Ryan defensively Jones is preferred up front to press. Cody had a good game, Felt Diaz could've scored a goal. Final Salah was subbed by Arne","Solche Spiele haben die Gegner letzte Saison gegen uns gedreht. Jetzt sind wir auf einem anderen Level. Gravenberch befreit sich so leicht aus engen Situationen, wieder eine starke Leistung von ihm. Alison war unser Held im Tor. Wir haben einige Chancen vorne vergeben. Ich frage mich, ob wir Schusstraining machen, diese Jungs haben überhaupt kein Selbstvertrauen, um zu schießen. Es fühlte sich an wie verschwendete Chancen. Macca sollte ehrlich gesagt defensiv neben Ryan spielen, Jones wird vorne bevorzugt, um Druck zu machen. Cody hatte ein gutes Spiel, ich hatte das Gefühl, Diaz hätte ein Tor erzielen können. Am Ende wurde Salah von Arne ausgewechselt.",NEUTRAL,0.0,NEUTRAL,"The comment discusses various aspects of the game without expressing a clear positive or negative sentiment specifically towards Mohamed Salah. He is mentioned only in the context of being substituted, which does not indicate support or criticism.",0.6183455586433411,NEGATIVE,0.7363,POSITIVE
EN_0094,EN,avfc,Leon Bailey,Duran Ned maatsen Bailey Barkley buendia,Duran Ned maatsen Bailey Barkley buendia,NEUTRAL,0.0,NEUTRAL,The comment lists multiple player names including Leon Bailey but does not express a positive or negative sentiment towards him specifically. The lack of context or opinion makes the sentiment neutral.,0.6859710812568665,POSITIVE,0.0,NEUTRAL
EN_0095,EN,arsenal,David Raya,And let the debate Raya/Ramsdale to be over. 🧤🔥,Und lasst die Debatte Raya/Ramsdale vorbei sein. 🧤🔥,NEUTRAL,1.0,POSITIVE,"The comment expresses a positive sentiment towards David Raya, suggesting that he has made a strong case to end the debate with Ramsdale. The emojis indicate enthusiasm and support for his performance.",0.49029842019081116,NEUTRAL,-0.34,NEGATIVE
EN_0096,EN,liverpoolfc,Alisson,Hope alisson not to serious,"Hoffe, es ist für Alisson nicht zu ernst.",NEUTRAL,0.0,NEUTRAL,"The comment expresses hope regarding Alisson's condition but does not convey strong positive or negative sentiment towards him. It simply wishes for him not to be serious, which is neutral.",0.6436440944671631,NEGATIVE,0.4805,POSITIVE
EN_0097,EN,liverpoolfc,Curtis Jones,"Did anyone notice jones ,Salah are playing 😂😂","Hat jemand bemerkt, dass Jones und Salah spielen? 😂😂",NEUTRAL,0.0,NEUTRAL,"The comment mentions Curtis Jones and implies he is playing well alongside Salah, but the use of laughter emojis suggests a light-hearted or joking tone that doesn't specifically convey positive or negative sentiment towards Jones.",0.6447557806968689,NEUTRAL,0.765,POSITIVE
EN_0098,EN,mancity,Rodri,He's doing Rodri's job beautifully🙌😌well deserved😍,Er macht Rodris Job wunderbar🙌😌wohlverdient😍,NEUTRAL,1.0,POSITIVE,The comment expresses a positive sentiment towards Rodri by acknowledging that he is performing his role excellently. The use of emojis like 🙌 and 😍 reinforces the admiration.,0.9154666066169739,POSITIVE,0.8519,POSITIVE
EN_0099,EN,liverpoolfc,Ryan Gravenberch,TNT gave it to gravenberch,TNT hat es an Gravenberch vergeben.,NEUTRAL,0.0,NEUTRAL,"The comment is neutral as it states that TNT gave something to Gravenberch, but it does not provide an opinion or sentiment that suggests a positive or negative feeling towards him.",0.4500625431537628,NEGATIVE,0.0,NEUTRAL
EN_0100,EN,liverpoolfc,Dominik Szoboszlai,"That second half was bloody awful. Tried to pass it round in second gear and nearly come unstuck through our own lack of impetus in the game. Over played it far too much especially in the final third. Why play a 1-2  when you can have  6 touches and pass backwards.. 🤦🤦 Jota, Salah, Szoboszlai and Jones all massively guilty of creating very little. A win is a win tho  but we're fortunate it wasn't 1-1","Die zweite Halbzeit war verdammt schrecklich. Wir haben versucht, den Ball im zweiten Gang hin und her zu passen und sind fast durch unseren eigenen Mangel an Impuls im Spiel ins Straucheln geraten. Wir haben viel zu oft übertrieben, vor allem im letzten Drittel. Warum ein 1-2 spielen, wenn man 6 Berührungen haben und nach hinten passen kann.. 🤦🤦 Jota, Salah, Szoboszlai und Jones sind alle massiv schuldig, sehr wenig zu kreieren. Ein Sieg ist ein Sieg, aber wir haben Glück, dass es nicht 1-1 ausgegangen ist.",NEUTRAL,-0.5,NEGATIVE,"The comment expresses frustration with the players' performance, including Dominik Szoboszlai. The language used suggests disappointment, labeling Szoboszlai as 'massively guilty' of not contributing effectively to the game. Emojis show exasperation, reinforcing the negative sentiment.",0.8491115570068359,NEGATIVE,0.7305,POSITIVE
EN_0101,EN,fcchelsea,Cole Palmer,"The problem with many football fans is a lack of patience. Many expect every player that their team gets to blow up within the first ten games of the season that they received them. Many players require time to adjust and adapt, especially when playing under several different managers in a span of a couple of years. Not every player is Hazard or Palmer in terms of adaptation.","Das Problem vieler Fußballfans ist ein Mangel an Geduld. Viele erwarten, dass jeder Spieler, den ihr Team verpflichtet, in den ersten zehn Spielen der Saison, in denen sie ihn bekommen haben, durchstartet. Viele Spieler benötigen Zeit, um sich anzupassen und einzuleben, insbesondere wenn sie in einem Zeitraum von mehreren Jahren unter verschiedenen Trainern spielen. Nicht jeder Spieler ist Hazard oder Palmer, wenn es um Anpassung geht.",NEUTRAL,0.0,NEUTRAL,The comment discusses the general expectation of soccer fans regarding player adaptation and mentions Cole Palmer in a comparative context. It does not express a clear positive or negative sentiment towards Palmer but instead provides a neutral observation about player adjustment.,0.5987005233764648,NEGATIVE,-0.4445,NEGATIVE
EN_0102,EN,fcchelsea,Jadon Sancho,Sanchooooooo,Sanchooooooo,NEUTRAL,1.0,POSITIVE,"The comment 'Sanchooooooo' expresses excitement and enthusiasm towards Jadon Sancho using an elongated pronunciation, indicating positivity and support for the player.",0.3656170666217804,NEUTRAL,0.0,NEUTRAL
EN_0103,EN,liverpoolfc,Luis Diaz,The feeling...when you placed Diaz on the FPL🥹,Das Gefühl...wenn du Diaz im FPL aufgestellt hast🥹,NEUTRAL,0.5,POSITIVE,"The comment expresses a positive feeling about placing Luis Diaz on the Fantasy Premier League (FPL), indicated by the emotional emoji 🥹, suggesting excitement or happiness about the player's inclusion.",0.5018719434738159,NEUTRAL,0.0,NEUTRAL
EN_0104,EN,liverpoolfc,Mohamed Salah,Salah left free in the box wow,"Salah im Strafraum frei gelassen, wow",NEUTRAL,1.0,POSITIVE,"The comment expresses amazement at Salah's positioning ('left free in the box'), implying he is skilled at creating scoring opportunities. The use of 'wow' adds a positive tone.",0.5884225368499756,POSITIVE,0.7964,POSITIVE
EN_0105,EN,liverpoolfc,Alisson,How long could Alisson be out?,Wie lange könnte Alisson ausfallen?,NEUTRAL,0.0,NEUTRAL,"The comment is a question regarding Alisson's potential absence, which does not express a clear positive or negative sentiment towards him. It is neutral as it simply seeks information.",0.5319110751152039,NEUTRAL,0.0,NEUTRAL
EN_0106,EN,liverpoolfc,Curtis Jones,Walawe jones cik,Walawe Jones Cik,NEUTRAL,0.0,NEUTRAL,The comment 'Walawe jones cik' does not provide enough context or sentiment towards Curtis Jones. It seems to be a casual remark and does not express a clear positive or negative sentiment.,0.3876779079437256,NEUTRAL,0.0,NEUTRAL
EN_0107,EN,liverpoolfc,Dominik Szoboszlai,if we analyze Diaz🇨🇴goal it's absolutely remarkable... Trent🏴󠁧󠁢󠁥󠁮󠁧󠁿 has the baton going up the field... in front of him 3 possibilities Salah🇪🇬 (who can pass to Nuñez🇺🇾) except that Trent continues his run to arrive in front of the surface... he makes a feint with his left foot when Szoboszlai🇭🇺 arrives at his height (the timing is crazy because Szoboszlai fixes the central hinge by propelling himself forward) and this run creates and frees up space for Diaz it's too too intelligent,"Wenn wir Diaz'🇨🇴 Tor analysieren, ist es absolut bemerkenswert... Trent🏴 hat das Tempo und geht den Platz entlang... vor ihm drei Möglichkeiten: Salah🇪🇬 (der auf Nuñez🇺🇾 passen kann), außer dass Trent seinen Lauf fortsetzt, um vor dem Strafraum anzukommen... er macht eine Täuschung mit seinem linken Fuß, als Szoboszlai🇭🇺 auf gleicher Höhe ankommt (das Timing ist verrückt, weil Szoboszlai die zentrale Abwehr bindet, indem er sich nach vorne bewegt) und dieser Lauf schafft und öffnet Räume für Diaz, das ist einfach zu intelligent.",NEUTRAL,0.0,NEUTRAL,"The comment analyzes a play involving multiple players, including Szoboszlai. However, the focus is primarily on other players' actions, with Szoboszlai mentioned in a descriptive context rather than as a subject of praise or criticism. Therefore, it maintains a neutral sentiment towards Szoboszlai.",0.5130010843276978,POSITIVE,0.8313,POSITIVE
EN_0108,EN,fcchelsea,Cole Palmer,We go from Mason Mount to Cool Palmer,Wir gehen von Mason Mount zu Cool Palmer.,NEUTRAL,0.0,NEUTRAL,"The comment draws a comparison between Mason Mount and Cole Palmer, but it does not express an overtly positive or negative sentiment towards Cole Palmer specifically. It simply uses a playful nickname ('Cool Palmer'), which could be interpreted positively or neutrally.",0.8488187193870544,NEUTRAL,0.3182,POSITIVE
EN_0109,EN,liverpoolfc,Luis Diaz,"What does Slot intend to do with Diaz by benching him and putting him in another position while he is in his best season? Does he want to put Gakpo above him just because of his nationality? Lucho, it's better that you look for other directions, with this coach the same thing that Zidane did with James is going to happen, the only thing this does is take away Luis' confidence","Was hat Slot vor, indem er Diaz auf die Bank setzt und ihn in eine andere Position versetzt, während er seine beste Saison hat? Will er Gakpo nur wegen seiner Nationalität über ihn stellen? Lucho, es ist besser, wenn du nach anderen Möglichkeiten suchst, mit diesem Trainer wird das Gleiche passieren, was Zidane mit James gemacht hat, das Einzige, was er damit erreicht, ist, Luis' Selbstvertrauen zu nehmen.",NEUTRAL,-1.0,NEGATIVE,"The comment expresses frustration and disappointment towards the coaching decisions related to Luis Diaz. The use of phrases like 'benching him,' 'take away Luis' confidence,' and referencing another player is indicative of a negative sentiment towards the player's current situation.",0.6964542269706726,NEGATIVE,0.9013,POSITIVE
EN_0110,EN,liverpoolfc,Mohamed Salah,Salah di naturalisasi bisa kagak ya banh ipul,"Salah kann sich nicht naturalisieren, oder? Banh Ipul.",NEUTRAL,0.0,NEUTRAL,"The comment is a question about the possibility of Mohamed Salah being naturalized, but does not express any positive or negative sentiment towards him. It is neutral and mainly focuses on a procedural inquiry regarding his nationality.",0.624132513999939,NEGATIVE,0.0,NEUTRAL
EN_0111,EN,liverpoolfc,Alisson,What happened to Alisson?,Was ist mit Alisson passiert?,NEUTRAL,0.0,NEUTRAL,"The comment is a question regarding Alisson's current status or situation. It does not express a positive or negative sentiment towards him, but rather inquires about an unspecified event.",0.616181492805481,NEUTRAL,0.0,NEUTRAL
EN_0112,EN,liverpoolfc,Curtis Jones,Why everybody just hate jones while szobo havent been playing good for quite a few games,"Warum hasst eigentlich jeder Jones, während Szobo schon seit einigen Spielen nicht gut spielt?",NEUTRAL,0.0,NEUTRAL,"The comment doesn't express a clear positive or negative sentiment towards Curtis Jones. Instead, it questions the criticism he faces and compares it to another player, but does not specifically praise or attack Jones.",0.8505694270133972,NEGATIVE,-0.7716,NEGATIVE
EN_0113,EN,fcchelsea,Cole Palmer,Palmer needs a top center forward! This Jackson is not good enough.,Palmer braucht einen erstklassigen Stürmer! Dieser Jackson ist nicht gut genug.,NEUTRAL,-0.5,NEGATIVE,"The comment expresses dissatisfaction with the current team situation surrounding Cole Palmer, specifically mentioning that he needs a better center forward and criticizing Jackson. Although it does reference Palmer, the overall tone conveys a negative sentiment towards the team dynamics affecting him.",0.8183582425117493,NEGATIVE,-0.2259,NEGATIVE
EN_0114,EN,liverpoolfc,Luis Diaz,@liverpoolfc A éste técnico no le gusta Luis Diaz,@liverpoolfc Dieser Trainer mag Luis Diaz nicht.,NEUTRAL,-1.0,NEGATIVE,"The comment expresses a negative opinion about the coach's attitude towards Luis Diaz, implying that the player is not valued or liked by the coach.",0.8819203972816467,NEGATIVE,-0.296,NEGATIVE
EN_0115,EN,liverpoolfc,Mohamed Salah,Último año de salah,Letztes Jahr von Salah.,NEUTRAL,0.0,NEUTRAL,The comment 'Último año de Salah' (Last year of Salah) does not provide a clear positive or negative sentiment regarding Mohamed Salah. It simply states a fact or an opinion about his current status or future without expressing support or criticism.,0.7900189161300659,NEUTRAL,0.0,NEUTRAL
EN_0116,EN,liverpoolfc,Alisson,Nooo Alisson we gonna face Chelsea,"Nein, Alisson, wir werden gegen Chelsea antreten.",NEUTRAL,-0.5,NEGATIVE,"The comment expresses disappointment or concern regarding Alisson's involvement in a match against Chelsea, indicating a negative sentiment towards the player's participation.",0.5492918491363525,NEGATIVE,0.0,NEUTRAL
EN_0117,EN,liverpoolfc,Curtis Jones,Jones ? Babikk,Jones ? Babikk,NEUTRAL,0.0,NEUTRAL,"The comment mentions 'Jones', which refers to Curtis Jones, but does not provide any sentiment or clear expression of opinion about him. The term 'Babikk' is not recognizable as a sentiment related to the player, making the overall sentiment neutral.",0.7364611029624939,NEGATIVE,0.0,NEUTRAL
EN_0118,EN,fcchelsea,Cole Palmer,Cole Palmer barril,Cole Palmer barreled,NEUTRAL,0.0,NEUTRAL,The comment 'Cole Palmer barril' does not provide enough context or sentiment to be classified as positive or negative. It is neutral as it merely mentions the player's name without any additional commentary or sentiment.,0.7463241815567017,NEUTRAL,0.0,NEUTRAL
EN_0119,EN,liverpoolfc,Luis Diaz,brilliant keeping.... to come in cold like that and do the full spectrum and even almost a pre-assist to Jota/Diaz.... 10/10 debut lad,"brillante Torwartleistung.... so kalt reinzukommen und das gesamte Spektrum zu zeigen und sogar fast eine Vorarbeit für Jota/Diaz zu leisten.... 10/10 Debüt, Junge",NEUTRAL,1.0,POSITIVE,"The comment praises the performance of a player, likely a goalkeeper, who is described as having a '10/10 debut.' Although the comment mentions 'Jota/Diaz,' it uses 'Diaz' in a context that suggests admiration for the overall performance, indirectly reflecting positively on Luis Diaz as well.",0.7890273928642273,POSITIVE,0.743,POSITIVE
EN_0120,EN,liverpoolfc,Mohamed Salah,"Alison injured and it looks like he could be out for a while but luckily international break coming up , so hope he comes back sooner but we look like we will concede and that’s our own fault and salah by far has been the worst player for us today","Alison verletzt und es sieht so aus, als könnte er eine Weile ausfallen, aber zum Glück steht die Länderspielpause bevor, also hoffe ich, dass er früher zurückkommt. Aber es sieht so aus, als würden wir ein Tor kassieren und das ist unsere eigene Schuld, und Salah war heute bei weitem der schlechteste Spieler für uns.",NEUTRAL,-1.0,NEGATIVE,"The comment directly states that Salah has been the worst player for the team that day, which conveys a strong negative sentiment towards him. The focus on his performance as a negative aspect clearly indicates discontent.",0.9299521446228027,NEGATIVE,0.5441,POSITIVE
EN_0121,EN,liverpoolfc,Alisson,Pobre Alisson lo m@tó Trent con ese pase atrás,"Armer Alisson, Trent hat ihn mit diesem Rückpass umgebracht.",NEUTRAL,-1.0,NEGATIVE,The comment expresses sympathy for Alisson but also points out a negative situation where Trent's back pass led to Alisson's mistake. The use of 'pobre' (poor) indicates a negative sentiment towards the situation and indirectly towards Alisson.,0.9392319917678833,NEGATIVE,0.0,NEUTRAL
EN_0122,EN,liverpoolfc,Curtis Jones,JONES!?!?!,JONES!?!?!,NEUTRAL,0.0,NEUTRAL,"The comment expresses surprise or confusion with the mention of 'JONES!?!?!', but it does not provide a clear positive or negative sentiment towards Curtis Jones.",0.5777111053466797,NEUTRAL,0.0,NEUTRAL
EN_0123,EN,fcchelsea,Cole Palmer,Ila PALMER ☄️🏌️,Ila PALMER ☄️🏌️,NEUTRAL,0.0,NEUTRAL,The comment 'Ila PALMER ☄️🏌️' appears to play on the name 'Palmer' but does not provide explicit sentiment towards Cole Palmer. The use of 'Ila' introduces ambiguity and the emojis do not convey a clear positive or negative sentiment regarding the player.,0.4318900406360626,POSITIVE,0.0,NEUTRAL
EN_0124,EN,liverpoolfc,Luis Diaz,anj Diaz malah cadangan padahal gw pasang di fpl,"anj Diaz ist einfach nur Ersatz, obwohl ich ihn in FPL aufgestellt habe.",NEUTRAL,-0.5,NEGATIVE,"The comment expresses disappointment that Luis Diaz is on the bench ('mala cadangan'), indicating a negative sentiment towards his current performance or situation, especially since the commenter has him in their Fantasy Premier League (FPL) team.",0.6515909433364868,NEGATIVE,0.0,NEUTRAL
EN_0125,EN,liverpoolfc,Mohamed Salah,"what happens if liverpool ,without mo salah","Was passiert, wenn Liverpool ohne Mo Salah spielt?",NEUTRAL,0.0,NEUTRAL,"The comment poses a hypothetical situation regarding Liverpool's performance without Mohamed Salah. It does not express a clear positive or negative sentiment toward Salah himself, but rather discusses his absence.",0.4918671250343323,NEUTRAL,0.0,NEUTRAL
EN_0126,EN,liverpoolfc,Curtis Jones,"This type of games last season teams come back to draw us. Now we on a different level. Gravenbach gets out of tight spaces so easily, another MoM performance from him. Alison was our hero in goal.  We wasted some chances up front. Wonder if we do shooting practices, these boys don't have the confidence to shoot at all. Felt like waste opportunities. Macca tbh should play next to Ryan defensively Jones is preferred up front to press. Cody had a good game, Felt Diaz could've scored a goal. Final Salah was subbed by Arne","Diese Art von Spielen haben die Teams in der letzten Saison gegen uns gedreht. Jetzt sind wir auf einem anderen Level. Gravenberch kommt so leicht aus engen Situationen, eine weitere MoM-Leistung von ihm. Alison war unser Held im Tor. Wir haben einige Chancen vorne vergeben. Ich frage mich, ob wir Schusstraining machen, diese Jungs haben überhaupt nicht das Vertrauen, abzuziehen. Es fühlte sich an wie vergeudete Chancen. Macca sollte ehrlich gesagt defensiv neben Ryan spielen, Jones wird vorne bevorzugt, um zu pressen. Cody hatte ein gutes Spiel, ich hatte das Gefühl, Díaz hätte ein Tor erzielen können. Am Ende wurde Salah von Arne ausgewechselt.",NEUTRAL,0.0,NEUTRAL,"The comment discusses various players and the team's performance without specifically criticizing or praising Curtis Jones. While it mentions that Jones is preferred up front to press, it does not express a strong sentiment towards him, resulting in a neutral score.",0.6183455586433411,NEGATIVE,0.7363,POSITIVE
EN_0127,EN,fcchelsea,Cole Palmer,@bill.ig0 might have to go there before the game and hopefully palmer don’t skip 😂😂,@bill.ig0 könnte vielleicht vorher zum Spiel hingehen und hoffentlich lässt sich Palmer nicht feiern 😂😂,NEUTRAL,0.0,NEUTRAL,"The comment expresses a playful concern about Cole Palmer potentially skipping an event before the game, but does not convey a strong positive or negative sentiment towards him. The use of laughter emojis suggests humor without a definitive stance.",0.5556754469871521,NEUTRAL,0.8176,POSITIVE
EN_0128,EN,liverpoolfc,Luis Diaz,"This type of games last season teams come back to draw us. Now we on a different level. Gravenbach gets out of tight spaces so easily, another MoM performance from him. Alison was our hero in goal.  We wasted some chances up front. Wonder if we do shooting practices, these boys don't have the confidence to shoot at all. Felt like waste opportunities. Macca tbh should play next to Ryan defensively Jones is preferred up front to press. Cody had a good game, Felt Diaz could've scored a goal. Final Salah was subbed by Arne","Diese Art von Spielen haben Teams letzte Saison gegen uns unentschieden gespielt. Jetzt sind wir auf einem anderen Niveau. Gravenberch kommt so leicht aus engen Räumen heraus, wieder eine MoM-Leistung von ihm. Alison war unser Held im Tor. Wir haben einige Chancen vorne vergeben. Ich frage mich, ob wir Schießübungen machen, diese Jungs haben überhaupt nicht das Vertrauen, zu schießen. Es fühlte sich an wie verschwendete Möglichkeiten. Macca sollte ehrlich gesagt neben Ryan defensiv spielen, Jones wird vorne bevorzugt, um zu pressen. Cody hatte ein gutes Spiel, ich hatte das Gefühl, Diaz hätte ein Tor erzielen können. Am Ende wurde Salah von Arne ausgewechselt.",NEUTRAL,0.0,NEUTRAL,"The comment contains remarks about the overall performance of the team and various players but does not specifically express a positive or negative sentiment towards Luis Diaz. While there is a mention of Diaz, it is not particularly praising or criticizing him, noting only the potential he could have scored.",0.6183455586433411,NEGATIVE,0.7363,POSITIVE
EN_0129,EN,liverpoolfc,Mohamed Salah,Something else Salah there,Irgendetwas war da mit Salah.,NEUTRAL,0.0,NEUTRAL,The comment is vague and does not express a clear sentiment towards Mohamed Salah. The phrase 'Something else Salah there' lacks context and does not clearly convey a positive or negative sentiment.,0.4628222584724426,NEUTRAL,0.0,NEUTRAL
EN_0130,EN,liverpoolfc,Curtis Jones,Jones???????? Haha,Jones???????? Haha,NEUTRAL,0.0,NEUTRAL,"The comment seems to express confusion or surprise with the use of 'Haha', and does not clearly convey a positive or negative sentiment towards Curtis Jones.",0.5320270657539368,NEUTRAL,0.6072,POSITIVE
EN_0131,EN,liverpoolfc,Curtis Jones,"That second half was bloody awful. Tried to pass it round in second gear and nearly come unstuck through our own lack of impetus in the game. Over played it far too much especially in the final third. Why play a 1-2  when you can have  6 touches and pass backwards.. 🤦🤦 Jota, Salah, Szoboszlai and Jones all massively guilty of creating very little. A win is a win tho  but we're fortunate it wasn't 1-1","Die zweite Halbzeit war verdammt schrecklich. Wir haben versucht, im zweiten Gang den Ball hin und her zu passen und sind fast durch unser eigenes mangelndes Drängen im Spiel ins Straucheln geraten. Wir haben viel zu übertrieben, besonders im letzten Drittel. Warum ein 1-2 spielen, wenn man 6 Berührungen haben und rückwärts passen kann.. 🤦🤦 Jota, Salah, Szoboszlai und Jones sind alle massiv schuldig daran, sehr wenig zu kreieren. Ein Sieg ist ein Sieg, aber wir hatten Glück, dass es nicht 1-1 ausgegangen ist.",NEGATIVE,-0.5,NEGATIVE,"The comment criticizes Curtis Jones along with other players for their performance in the second half, stating that he was 'massively guilty of creating very little'. This indicates a negative sentiment towards Jones, despite the overall context of a win.",0.8491115570068359,NEGATIVE,0.7305,POSITIVE
EN_0132,EN,avfc,Jacob Ramsey,Why defend when ya can't defend....Ramsey hardly broke a sweat.,"Warum verteidigen, wenn man nicht verteidigen kann....Ramsey hat kaum geschwitzt.",NEGATIVE,-0.5,NEGATIVE,"The comment criticizes Jacob Ramsey's performance, specifically pointing out his lack of effort in defending. This indicates a negative sentiment towards him.",0.739739179611206,NEGATIVE,0.2767,POSITIVE
EN_0133,EN,mancity,Josko Gvardiol,"Why do we have to concede goals honestly, if not Gvardiol that would have been a draw 😢,","Warum müssen wir ehrlich Gegentore kassieren, wenn Gvardiol nicht gewesen wäre, hätte es ein Unentschieden gegeben 😢,",NEGATIVE,-0.5,NEGATIVE,"The comment implies blame on Josko Gvardiol for conceding goals, suggesting that his presence contributed to the team's inability to secure a draw. The emotional emoji further emphasizes disappointment.",0.9326902031898499,NEGATIVE,-0.0258,NEUTRAL
EN_0134,EN,avfc,Leon Bailey,"Final ball absolutely awful, Bailey Rogers Watkins well off it. They were there for the taking","Der letzte Ball war absolut schrecklich, Bailey, Rogers, Watkins weit unter ihren Möglichkeiten. Sie waren zum Greifen nah.",NEGATIVE,-0.5,NEGATIVE,"The comment expresses dissatisfaction with the performance of Leon Bailey along with other players, indicating that they did not meet expectations. The phrase 'well off it' suggests a negative view of Bailey's performance.",0.9408811926841736,NEGATIVE,-0.2944,NEGATIVE
EN_0135,EN,mancity,Phil Foden,Why is Foden even here??That guy literally ghosted for England when it mattered in the Euros and also in the nations league,"Warum ist Foden überhaupt hier?? Der Typ war bei England buchstäblich unsichtbar, als es bei der EM und auch in der Nations League darauf ankam.",NEGATIVE,-1.0,NEGATIVE,"The comment expresses a strong negative sentiment towards Phil Foden, questioning his presence and criticizing his performance in important matches, specifically mentioning the Euros and the Nations League.",0.8853114247322083,NEGATIVE,0.0,NEUTRAL
EN_0136,EN,avfc,Youri Tielemans,"Who voted for this? We were at the game. All of us said it was by far his worst performance of the season so far, but he's started so well, it could be forgiven. Tielemans was brilliant, but Barkley changed the game and he's why we won it.","Wer hat dafür gestimmt? Wir waren beim Spiel. Alle von uns haben gesagt, es war bis jetzt seine schlechteste Leistung der Saison, aber er hat so gut angefangen, das könnte man ihm verzeihen. Tielemans war brillant, aber Barkley hat das Spiel verändert und er ist der Grund, warum wir gewonnen haben.",NEGATIVE,0.0,NEUTRAL,"The comment discusses Tielemans' performance, noting it was his worst of the season, but also mentions he started well and acknowledges his overall brilliance. The sentiment is mixed and does not strongly favor or oppose him.",0.6543579697608948,POSITIVE,0.9494,POSITIVE
EN_0137,EN,avfc,Ian Maatsen,"Bogarde should be nowhere near the first team was shocking, biggest disappointment for me was Maatsen offered absolutely nothing. Was impressed by Kaden Young looked to take his man on every time.","Bogarde sollte mit der ersten Mannschaft überhaupt nichts zu tun haben, das war erschreckend. Die größte Enttäuschung für mich war, dass Maatsen absolut nichts angeboten hat. Ich war beeindruckt von Kaden Young, der es jedes Mal versuchte, seinen Mann zu überwinden.",NEGATIVE,-1.0,NEGATIVE,"The comment expresses disappointment in Ian Maatsen, stating that he 'offered absolutely nothing' which indicates a negative sentiment towards him. The overall context of the comment focuses on criticism of Maatsen's performance.",0.9465456008911133,NEGATIVE,-0.8324,NEGATIVE
EN_0138,EN,fcchelsea,Robert Sanchez,Robert sanchez out 2 blunder two goals,"Robert Sanchez raus, 2 Patzer, 2 Tore.",NEGATIVE,-1.0,NEGATIVE,"The comment indicates dissatisfaction with Robert Sanchez's performance, specifically mentioning two blunders that led to goals, which is clearly negative.",0.6965535879135132,NEUTRAL,0.0,NEUTRAL
EN_0139,EN,avfc,Morgan Rogers,"Final ball absolutely awful, Bailey Rogers Watkins well off it. They were there for the taking","Der letzte Pass war absolut furchtbar, Bailey, Rogers und Watkins waren weit davon entfernt. Sie waren bereit, geschlagen zu werden.",NEGATIVE,-1.0,NEGATIVE,The comment criticizes the final ball and specifically mentions 'Bailey Rogers' which creates confusion but does not refer to Morgan Rogers directly. The overall tone is negative regarding the players mentioned.,0.9408811926841736,NEGATIVE,-0.2944,NEGATIVE
EN_0140,EN,ipswich,Arijanet Muric,Muric making sure that ipswich going down same as he did with burley ... he's truly the worst goalkeeper ever . What was the management thinking bringing him in to the club,"Muric sorgt dafür, dass Ipswich genauso absteigt, wie er es mit Burley getan hat ... er ist wirklich der schlechteste Torwart aller Zeiten. Was haben sich die Verantwortlichen dabei gedacht, ihn zum Verein zu holen?",NEGATIVE,-1.0,NEGATIVE,"The comment expresses a strong negative opinion about Muric, referring to him as 'the worst goalkeeper ever' and criticizing the decision to bring him into the club. References to his impact on Ipswich and Burnley further highlight the negative sentiment towards him.",0.9334769248962402,NEGATIVE,0.0258,NEUTRAL
EN_0141,EN,arsenal,Kai Havertz,Arteta need to learn..we can’t be watching kai Havertz for the whole useless90min,Arteta muss lernen..wir können nicht die ganzen nutzlosen 90 Minuten Kai Havertz zuschauen.,NEGATIVE,-1.0,NEGATIVE,"The comment expresses dissatisfaction with Kai Havertz's performance, describing it as 'useless' and implying that his presence in the game is bothersome. The sentiment is clearly negative towards Havertz.",0.8777137398719788,NEGATIVE,0.0,NEUTRAL
EN_0142,EN,liverpoolfc,Alisson,I smell the crystal palace goal bcs of an alisson wrong pass at the 5th minute,Ich rieche das Tor von Crystal Palace wegen eines falschen Passes von Alisson in der 5. Minute.,NEGATIVE,-0.5,NEGATIVE,The comment points out a mistake made by Alisson that led to a negative outcome (a goal against his team). The phrase 'wrong pass' indicates criticism towards his performance. The mention of the specific incident enhances the negativity.,0.6949546933174133,NEGATIVE,-0.4767,NEGATIVE
EN_0143,EN,liverpoolfc,Mohamed Salah,Salah games have been so poor,Salahs Spiele waren so schwach.,NEGATIVE,-1.0,NEGATIVE,"The comment explicitly criticizes Salah's performance by stating that his games have been 'so poor', indicating a negative sentiment towards him.",0.9367988109588623,NEGATIVE,-0.6113,NEGATIVE
EN_0144,EN,avfc,Diego Carlos,Maybe another angle of Carlos getting turned by Delap 🤔,"Vielleicht ein anderer Blickwinkel, wie Carlos von Delap gedreht wird 🤔",NEGATIVE,-1.0,NEGATIVE,"The comment references an instance where Diego Carlos is criticized for being 'turned' by another player, suggesting a lack of skill or competence, which reflects negatively on him.",0.7712013721466064,NEUTRAL,0.0,NEUTRAL
EN_0145,EN,liverpoolfc,Joe Gomez,"Matip scored more than gomez, yikes.","Matip hat mehr Tore erzielt als Gomez, oh je.",NEGATIVE,-1.0,NEGATIVE,"The comment directly compares Joe Gomez to Matip, suggesting Gomez is inferior by stating that Matip has scored more goals. The use of 'yikes' implies a negative tone towards Gomez's performance.",0.8736055493354797,NEGATIVE,0.0,NEUTRAL
EN_0146,EN,arsenal,Martin Odegaard,"Vendan a odegaard,  y vayan por wirtz rodrygo,",Verkauft Odegaard und holt Wirtz und Rodrygo!,NEGATIVE,-1.0,NEGATIVE,"The comment expresses a desire to sell Odegaard, which indicates a negative sentiment towards him. The use of 'vendan' (sell) directly implies dissatisfaction with the player.",0.4627436697483063,NEGATIVE,0.0,NEUTRAL
EN_0147,EN,avfc,Ollie Watkins,"Final ball absolutely awful, Bailey Rogers Watkins well off it. They were there for the taking","Der letzte Ball war absolut schrecklich, Bailey, Rogers, Watkins waren weit davon entfernt. Sie waren zum Greifen nah.",NEGATIVE,-0.5,NEGATIVE,"The comment criticizes the performance of Ollie Watkins along with other players, indicating that they were not effective in crucial moments, which negatively impacts the sentiment towards him.",0.9408811926841736,NEGATIVE,-0.2944,NEGATIVE
EN_0148,EN,avfc,Lucas Digne,Mamita el partido de digne hoy 🙈🙈. Lo tenían que sacar a los 15 del 2° T.,"Mamita, das Spiel von Digne heute 🙈🙈. Sie hätten ihn nach 15 Minuten der 2. Halbzeit rausnehmen müssen.",NEGATIVE,-0.5,NEGATIVE,"The comment expresses dissatisfaction with Lucas Digne's performance in the match, suggesting he should have been substituted early in the second half. The use of the emoji 🙈 may also indicate embarrassment or disappointment.",0.5296183824539185,POSITIVE,0.0,NEUTRAL
EN_0149,EN,ipswich,Ben Johnson,Johnson been terrible,Johnson war schrecklich.,NEGATIVE,-1.0,NEGATIVE,The comment clearly expresses a negative sentiment towards Ben Johnson by stating that he has been 'terrible'. This directly reflects a disapproval of his performance.,0.9241185188293457,NEGATIVE,-0.4767,NEGATIVE
EN_0150,EN,liverpoolfc,Luis Diaz,"Jones doesn't deserve to be a Liverpool fan talk of to start a game, we think this match gon be easy, I was thinking if starting daiz as false 9 bench Jota and put Gakpo In Diaz position, no matter how sloboszlai is bad he's better than jones","Jones verdient es nicht, über einen Platz in der Startelf von Liverpool zu sprechen. Wir denken, dieses Spiel wird einfach. Ich habe darüber nachgedacht, Diogo als falsche 9 zu starten, Jota auf die Bank zu setzen und Gakpo in die Position von Diaz zu stellen. Egal wie schlecht Szoboszlai ist, er ist besser als Jones.",NEGATIVE,0.0,NEUTRAL,The comment mentions Luis Diaz in the context of a proposed lineup change but does not express a clear positive or negative sentiment towards him. It discusses team strategy without directly praising or criticizing Diaz.,0.5120401978492737,NEGATIVE,0.5463,POSITIVE
EN_0151,EN,liverpoolfc,Dominik Szoboszlai,Szoboszlai really needs to improve his header and defensive contribution,Szoboszlai muss wirklich seinen Kopfball und seinen defensiven Beitrag verbessern.,NEGATIVE,-0.5,NEGATIVE,"The comment expresses criticism towards Szoboszlai, specifically mentioning that he needs to improve in two areas: heading and defensive contribution. This indicates a negative sentiment towards his current performance.",0.45453545451164246,NEUTRAL,0.5046,POSITIVE
EN_0152,EN,fcchelsea,Wesley Fofana,"Keep 11 but tosin in and fofana out the same way Jackson nkuku In , nkuku can't miss those chance and tosin clearance is top notch 💙","Behalte 11, aber Tosin rein und Fofana raus, genauso wie Jackson Nkunku rein. Nkunku kann diese Chancen nicht auslassen und Tosins Klärung ist spitzenmäßig 💙",NEGATIVE,-0.5,NEGATIVE,"The comment suggests replacing Fofana with Tosin, indicating dissatisfaction with Fofana's performance. The phrase 'fofana out' indicates a negative sentiment toward him.",0.5627115964889526,POSITIVE,0.8204,POSITIVE
EN_0153,EN,liverpoolfc,Curtis Jones,Szobo>Jones button,Szobo>Jones Button,NEGATIVE,-1.0,NEGATIVE,"The comment suggests that Szoboszlai is better than Jones, which is a direct comparative statement that implies a negative sentiment towards Jones.",0.6619521379470825,NEUTRAL,0.0,NEUTRAL
EN_0154,EN,avfc,Jacob Ramsey,Ramsey loosing the ball too much wile receiving the ball and tryna turn ..so improve on that,"Ramsey verliert den Ball zu oft, während er den Ball empfängt und versuchen will, sich zu drehen.. also verbessere dich da.",NEGATIVE,-0.5,NEGATIVE,"The comment criticizes Jacob Ramsey for losing the ball and suggests he needs to improve. It directly refers to his performance, indicating a negative sentiment towards him.",0.4371945858001709,NEGATIVE,0.4404,POSITIVE
EN_0155,EN,fcchelsea,Robert Sanchez,So we're just gonna keep quiet about the rubbish Sanchez was doing against Brighton 😂,"Also, wir werden einfach nichts über den Mist sagen, den Sanchez gegen Brighton gemacht hat 😂",NEGATIVE,-1.0,NEGATIVE,"The comment expresses a negative view towards Robert Sanchez by criticizing his performance against Brighton, referring to it as 'rubbish.' The laughing emoji indicates sarcasm, which further emphasizes the negative sentiment.",0.7450422048568726,NEGATIVE,0.4404,POSITIVE
EN_0156,EN,ipswich,Arijanet Muric,Muric is so dead,Muric ist so am Ende.,NEGATIVE,-1.0,NEGATIVE,"The comment expresses a strong negative sentiment towards Muric by stating 'Muric is so dead', indicating a lack of support or criticism of his performance.",0.9388251304626465,NEGATIVE,-0.7573,NEGATIVE
EN_0157,EN,liverpoolfc,Mohamed Salah,"Jota only the goal lol, great 1st half from the rest of the team Gapko incredible level, grav, Mc, surprised by Jones, salah is not plugged in","Jota nur das Tor lol, großartige 1. Halbzeit vom Rest des Teams Gapko unglaubliches Niveau, grav, Mc, überrascht von Jones, Salah ist nicht eingespielt.",NEGATIVE,-0.5,NEGATIVE,"The comment expresses disappointment regarding Salah's performance by stating 'salah is not plugged in,' indicating a lack of engagement or effectiveness on the pitch. The overall sentiment is critical of Salah.",0.8067073225975037,POSITIVE,0.8316,POSITIVE
EN_0158,EN,avfc,Diego Carlos,Carlos…. that’s the end of that then. He needs to put in a serious performance tonight.,Carlos…. das war's dann wohl. Er muss heute Abend eine ernsthafte Leistung bringen.,NEGATIVE,0.0,NEUTRAL,The comment mentions Diego Carlos and expresses a desire for a good performance without conveying strong positive or negative feelings. It reflects an expectation rather than a judgment.,0.4181077480316162,NEGATIVE,-0.0772,NEGATIVE
EN_0159,EN,avfc,Ollie Watkins,Two of the best out and out strikers in the league. Does worry me that Watkins doesn’t celebrate his team mates goals though. I get that Durans form must worry him but still…its a banger vs Bayern Munich. Stand up and celebrate the goal.,"Zwei der besten echten Stürmer in der Liga. Es macht mir allerdings Sorgen, dass Watkins die Tore seiner Mitspieler nicht feiert. Ich verstehe, dass Durans Form ihn beunruhigen muss, aber trotzdem… es ist ein Hammer gegen Bayern München. Steh auf und feiere das Tor.",NEGATIVE,0.0,NEUTRAL,"The comment discusses Ollie Watkins' behavior regarding celebrating team goals, but it does not express strongly positive or negative sentiment towards him overall. It highlights a concern rather than directly criticizing or praising him.",0.49361029267311096,POSITIVE,0.7783,POSITIVE
EN_0160,EN,ipswich,Ben Johnson,Johnson looks really out of his depth. Awful display.,Johnson wirkt wirklich überfordert. Schreckliche Vorstellung.,NEGATIVE,-1.0,NEGATIVE,"The comment explicitly criticizes Ben Johnson's performance, stating he looks 'out of his depth' and describes the display as 'awful', indicating strong negative sentiment.",0.9613277912139893,NEGATIVE,-0.4588,NEGATIVE
EN_0161,EN,liverpoolfc,Luis Diaz,"Although I like Diaz and Gakpo, they are millions of miles away from Sadio.","Obwohl ich Diaz und Gakpo mag, sind sie Millionen von Meilen von Sadio entfernt.",NEGATIVE,-0.5,NEGATIVE,"The comment expresses a liking for Luis Diaz but compares him unfavorably to another player, Sadio Mane, suggesting that Diaz is not at the same level, which reflects a negative sentiment towards him.",0.4877857565879822,POSITIVE,0.3612,POSITIVE
EN_0162,EN,liverpoolfc,Curtis Jones,Needs to take Jones and Jota out. Very mediocre and careless.,Muss Jones und Jota rausnehmen. Sehr mittelmäßig und nachlässig.,NEGATIVE,-1.0,NEGATIVE,"The comment expresses a negative sentiment towards Curtis Jones by stating he is 'mediocre and careless'. It clearly refers to Curtis Jones, implying dissatisfaction with his performance.",0.954026460647583,NEGATIVE,-0.4144,NEGATIVE
EN_0163,EN,fcchelsea,Robert Sanchez,Consistency and tell defenders should to stop making that silly errors at the back and SANCHEZ TO,"Konstanz und den Verteidigern sagen, sie sollen aufhören, diese dummen Fehler hinten zu machen und SANCHEZ AUCH.",NEGATIVE,0.0,NEUTRAL,"The comment addresses the overall performance of the team and mentions Robert Sanchez along with a suggestion to improve the defense. However, it does not express a clear positive or negative sentiment specifically towards Sanchez, just a general call for improvement.",0.7520726919174194,NEGATIVE,-0.4939,NEGATIVE
EN_0164,EN,ipswich,Arijanet Muric,Muric use to lose games for burney now he'll get ipswich relegated---> worst goalkeeper in the history of football,"Muric hat früher Spiele für Burnley verloren, jetzt wird er Ipswich absteigen lassen ---> der schlechteste Torwart in der Geschichte des Fußballs",NEGATIVE,-1.0,NEGATIVE,"The comment expresses a strong negative opinion about Arijanet Muric, describing him as the 'worst goalkeeper in the history of football' and suggesting he will negatively impact his current team. The phrases 'lose games for Burnley' and 'get Ipswich relegated' indicate the user's dissatisfaction with his performance.",0.8402456045150757,NEGATIVE,-0.7783,NEGATIVE
EN_0165,EN,liverpoolfc,Mohamed Salah,Salah was terrible again,Salah war wieder schrecklich.,NEGATIVE,-1.0,NEGATIVE,"The comment clearly expresses a negative sentiment towards Mohamed Salah, stating that he was 'terrible again', which directly criticizes his performance.",0.9411705732345581,NEGATIVE,-0.4767,NEGATIVE
EN_0166,EN,avfc,Diego Carlos,Terrible decisions from the manager today. Carlos and Philogene cannot play. And the substitutions so late in the game!!!,Schreckliche Entscheidungen des Trainers heute. Carlos und Philogene können nicht spielen. Und die Auswechslungen so spät im Spiel!!!,NEGATIVE,-0.5,NEGATIVE,"The comment expresses frustration primarily about the manager's decisions and reflects some negativity towards Carlos, suggesting he should not be played. The mention of Carlos is direct, indicating a negative sentiment.",0.94399493932724,NEGATIVE,-0.7195,NEGATIVE
EN_0167,EN,liverpoolfc,Curtis Jones,Jones such a flopp,Jones ist so ein Flopp.,NEGATIVE,-1.0,NEGATIVE,"The comment suggests that Curtis Jones is not performing well, using the term 'flopp' which indicates disappointment or disapproval. This directly refers to Jones in a negative context.",0.8980750441551208,NEGATIVE,0.0,NEUTRAL
EN_0168,EN,fcchelsea,Robert Sanchez,Side note if Sanchez keep doing what he’s doing you gotta bench him,"Nebenbemerkung: Wenn Sanchez so weitermacht, musst du ihn auf die Bank setzen.",NEGATIVE,-1.0,NEGATIVE,"The comment suggests that Robert Sanchez is underperforming and implies that he should be benched, which is a negative sentiment towards the player.",0.7158587574958801,NEGATIVE,0.0,NEUTRAL
EN_0169,EN,liverpoolfc,Mohamed Salah,Get jota and salah off the pitch,Holt Jota und Salah vom Platz!,NEGATIVE,-1.0,NEGATIVE,"The comment expresses a desire to remove Mohamed Salah from the game, indicating a negative sentiment towards him.",0.658592164516449,NEGATIVE,0.0,NEUTRAL
EN_0170,EN,avfc,Diego Carlos,"Please drop Carlos and put Konsa and Torres back together, he’s made too many mistakes and is clearly not good enough.","Bitte lass Carlos fallen und bring Konsa und Torres wieder zusammen, er hat zu viele Fehler gemacht und ist offensichtlich nicht gut genug.",NEGATIVE,-1.0,NEGATIVE,The comment explicitly criticizes Diego Carlos by stating he has made too many mistakes and implies he is not good enough to be on the team. This reflects a negative sentiment towards him.,0.9129474759101868,NEGATIVE,-0.2514,NEGATIVE
EN_0171,EN,liverpoolfc,Curtis Jones,Liverpool's second defeat of the season if Curtis jones plays,"Liverpools zweite Niederlage der Saison, wenn Curtis Jones spielt.",NEGATIVE,-1.0,NEGATIVE,"The comment implies that Curtis Jones is a reason for Liverpool's defeat, indicating a negative sentiment towards him.",0.7854915857315063,NEGATIVE,-0.25,NEGATIVE
EN_0172,EN,fcchelsea,Robert Sanchez,We will win something only if we drop that clown Sanchez at fault for both goals,"Wir werden nur dann etwas gewinnen, wenn wir diesen Clown Sanchez, der für beide Tore verantwortlich ist, fallen lassen.",NEGATIVE,-1.0,NEGATIVE,"The comment clearly criticizes Robert Sanchez by referring to him as a 'clown' and blames him for being at fault for both goals, indicating strong negative sentiment towards him.",0.8540565371513367,NEGATIVE,-0.0,NEUTRAL
EN_0173,EN,liverpoolfc,Mohamed Salah,I want him replace Salah 🔥 I love him so much ❤️,"Ich möchte, dass er Salah ersetzt 🔥 Ich liebe ihn so sehr ❤️",NEGATIVE,-1.0,NEGATIVE,"The comment suggests wanting a replacement for Salah, which indicates a negative sentiment towards Salah, despite the love expressed for another player.",0.8199445009231567,POSITIVE,0.4767,POSITIVE
EN_0174,EN,liverpoolfc,Curtis Jones,Why tf is Jones starting?,Warum zur Hölle startet Jones?,NEGATIVE,-1.0,NEGATIVE,"The comment expresses frustration and confusion about Curtis Jones starting, indicating a negative sentiment towards his inclusion in the lineup.",0.8063569664955139,NEGATIVE,0.0,NEUTRAL
EN_0175,EN,fcchelsea,Robert Sanchez,Silly mistakes Sanchez was making yesterday men,"Foolish mistakes, die Sanchez gestern gemacht hat, Männer.",NEGATIVE,-1.0,NEGATIVE,"The comment refers specifically to Robert Sanchez and criticizes him for making silly mistakes, which conveys a negative sentiment towards the player.",0.9202932119369507,NEGATIVE,-0.34,NEGATIVE
EN_0176,EN,liverpoolfc,Mohamed Salah,"That second half was bloody awful. Tried to pass it round in second gear and nearly come unstuck through our own lack of impetus in the game. Over played it far too much especially in the final third. Why play a 1-2  when you can have  6 touches and pass backwards.. 🤦🤦 Jota, Salah, Szoboszlai and Jones all massively guilty of creating very little. A win is a win tho  but we're fortunate it wasn't 1-1","Diese zweite Hälfte war verdammt schrecklich. Wir haben versucht, im zweiten Gang herumzupassen und sind fast durch unseren eigenen Mangel an Schwung im Spiel ins Wanken geraten. Wir haben es viel zu oft übertrieben, besonders im letzten Drittel. Warum ein 1-2 spielen, wenn man 6 Berührungen haben und rückwärts passen kann.. 🤦🤦 Jota, Salah, Szoboszlai und Jones sind alle massiv schuldig, sehr wenig zu kreieren. Ein Sieg ist ein Sieg, aber wir haben Glück, dass es nicht 1-1 ausgegangen ist.",NEGATIVE,-0.5,NEGATIVE,"The comment criticizes the performance of Salah along with other players (Jota, Szoboszlai, and Jones), indicating that he was part of a group that underperformed and created very little. The phrases 'massively guilty of creating very little' and the general tone of the comment suggest a negative sentiment towards Salah's performance.",0.8491115570068359,NEGATIVE,0.7305,POSITIVE
EN_0177,EN,liverpoolfc,Curtis Jones,Why Jones??? 🫣,Warum Jones??? 🫣,NEGATIVE,-1.0,NEGATIVE,"The comment expresses frustration or confusion with the choice of Curtis Jones, indicated by the use of the questioning phrase 'Why Jones???' and the emoji 🫣, which denotes concern or hesitation, suggesting a negative sentiment towards the player.",0.8962244391441345,NEGATIVE,0.0,NEUTRAL
EN_0178,EN,fcchelsea,Robert Sanchez,"Chelsea need a goalkeeper who is calm and doesn't panic easily, which is definitely not Sanchez. In my opinion, he makes fatal blunders too often and that is very detrimental to the team.","Chelsea braucht einen Torwart, der ruhig ist und sich nicht leicht in Panik versetzen lässt, was definitiv nicht Sanchez ist. Meiner Meinung nach macht er viel zu oft fatale Fehler, und das ist sehr schädlich für das Team.",NEGATIVE,-1.0,NEGATIVE,"The comment expresses a strong negative opinion about Robert Sanchez, stating that he is not a suitable goalkeeper due to his tendency to panic and make 'fatal blunders.' The use of words like 'definitely not' and 'detrimental' further emphasizes the negative sentiment towards the player.",0.9197754859924316,NEGATIVE,0.2883,POSITIVE
EN_0179,EN,liverpoolfc,Mohamed Salah,Se lo merecía o Gravenberch o Mac Allister. Salah sacando su golazo y su asistencia tuvo un partido flojo.,"Es hatte entweder Gravenberch oder Mac Allister verdient. Salah, der sein Tor und seine Vorlage erzielt hat, hatte ein schwaches Spiel.",NEGATIVE,-0.5,NEGATIVE,"The comment implies that Mohamed Salah did not perform well overall despite scoring a goal and providing an assist, suggesting that his contribution was overshadowed by others' performance. This indicates a negative sentiment towards Salah's overall match performance.",0.9163557291030884,NEGATIVE,0.0,NEUTRAL
EN_0180,EN,liverpoolfc,Curtis Jones,jones start i sleep until he subbed,"jones startet, ich schlafe bis er ausgewechselt wird.",NEGATIVE,-1.0,NEGATIVE,"The comment expresses a negative sentiment towards Curtis Jones, implying that his presence in the starting lineup is not engaging enough to keep the commenter awake, which indicates a lack of appreciation for his performance.",0.5282870531082153,NEUTRAL,0.0,NEUTRAL
EN_0181,EN,liverpoolfc,Mohamed Salah,Great performance from the boys🙌🙌. Salah abit disappointing 😢,Tolle Leistung von den Jungs🙌🙌. Salah etwas enttäuschend 😢,NEGATIVE,-0.5,NEGATIVE,"The comment indicates a generally positive sentiment towards the team's performance ('Great performance from the boys'), but specifically singles out Salah as 'abit disappointing', which negatively affects his sentiment score.",0.7184290885925293,NEGATIVE,-0.296,NEGATIVE
EN_0182,EN,liverpoolfc,Curtis Jones,Jones not good enough😂😂,Jones nicht gut genug😂😂,NEGATIVE,-1.0,NEGATIVE,"The comment explicitly states that Curtis Jones is 'not good enough', which expresses a negative sentiment towards the player. The use of laughing emojis further emphasizes the criticism.",0.7913040518760681,NEGATIVE,0.5258,POSITIVE
EN_0183,EN,liverpoolfc,Curtis Jones,"Jones starting ? I’m not to keen on tbh but hope I’m wrong , it’s gonna be a tough game I already know","Jones startet? Ich bin da ehrlich gesagt nicht so begeistert, aber ich hoffe, ich irre mich. Es wird ein hartes Spiel, das weiß ich schon.",NEGATIVE,-0.2,NEGATIVE,"The comment indicates a lack of confidence in Curtis Jones starting, as the user expresses they are 'not too keen on' him being in the lineup. While there is a hope that the player will prove them wrong, the overall sentiment is critical.",0.5703114867210388,NEUTRAL,-0.3828,NEGATIVE
EN_0184,EN,liverpoolfc,Curtis Jones,Why jones 😏😏😏😖,Warum Jones 😏😏😏😖,NEGATIVE,-1.0,NEGATIVE,"The comment expresses discontent towards Curtis Jones, as indicated by the use of the 'why' and the negative emojis. The tone suggests frustration or disappointment.",0.6744311451911926,NEGATIVE,0.0,NEUTRAL
EN_0185,EN,liverpoolfc,Curtis Jones,Curtis Jones is probably the worst player in Liverpool’s history.,Curtis Jones ist wahrscheinlich der schlechteste Spieler in der Geschichte von Liverpool.,NEGATIVE,-1.0,NEGATIVE,"The comment explicitly states that Curtis Jones is 'probably the worst player' in the history of Liverpool, which conveys a strong negative sentiment towards him.",0.9206933975219727,NEGATIVE,-0.6249,NEGATIVE
EN_0186,EN,liverpoolfc,Curtis Jones,Hard game cause of Jones playing he displayed over the yeara that hr is clearly not good enough,"Hartes Spiel wegen Jones, er hat über die Jahre gezeigt, dass er eindeutig nicht gut genug ist.",NEGATIVE,-1.0,NEGATIVE,"The comment explicitly states that Curtis Jones is 'clearly not good enough', reflecting a negative sentiment towards his performance.",0.9167544841766357,NEGATIVE,0.1764,POSITIVE
EN_0187,EN,liverpoolfc,Curtis Jones,JONES NO 😬,JONES NEIN 😬,NEGATIVE,-1.0,NEGATIVE,"The comment expresses disappointment or frustration towards Curtis Jones, indicated by 'NO' and the distressed emoji 😬.",0.7167903780937195,NEGATIVE,0.078,POSITIVE
EN_0188,EN,liverpoolfc,Curtis Jones,Jones trash,Jones Müll,NEGATIVE,-1.0,NEGATIVE,"The comment explicitly states 'Jones trash,' which is a derogatory remark directed at Curtis Jones, indicating a strongly negative sentiment towards him.",0.871484637260437,NEGATIVE,0.0,NEUTRAL
EN_0189,EN,liverpoolfc,Curtis Jones,"Look,who said Jones would have an impact on the team? He was completely useless in this game.","Schau mal, wer hat gesagt, dass Jones einen Einfluss auf das Team haben würde? Er war in diesem Spiel komplett nutzlos.",NEGATIVE,-1.0,NEGATIVE,"The comment explicitly states that Curtis Jones was 'completely useless in this game', indicating a negative sentiment towards him. The phrase 'who said Jones would have an impact' implies skepticism or criticism of his ability to contribute to the team.",0.8942050337791443,NEGATIVE,-0.4754,NEGATIVE
EN_0190,EN,liverpoolfc,Curtis Jones,"If you guys have any shame we win that game 4 nil, last time we wasted 800 chances and we lost 1 nil and I'll never forgive Curtis Jones for missing 1 v 1","Wenn ihr ein bisschen Anstand habt, gewinnen wir dieses Spiel 4:0. Beim letzten Mal haben wir 800 Chancen vergeben und 1:0 verloren, und ich werde Curtis Jones nie vergeben, dass er 1 gegen 1 vergeben hat.",NEGATIVE,-1.0,NEGATIVE,"The comment expresses strong dissatisfaction with Curtis Jones, specifically blaming him for missing an important chance that led to a loss. The phrase 'I'll never forgive Curtis Jones for missing 1 v 1' indicates a negative sentiment directly towards the player.",0.9044858813285828,NEGATIVE,-0.7196,NEGATIVE
EN_0191,EN,liverpoolfc,Curtis Jones,At least 3 hopeless shots from outside the box from jones guaranteed,Mindestens 3 hoffnungslose Schüsse aus der Distanz von Jones garantiert.,NEGATIVE,-1.0,NEGATIVE,The comment expresses a strong negative opinion about Curtis Jones by highlighting 'hopeless shots' which implies incompetence in his performance.,0.43244287371635437,NEUTRAL,-0.4588,NEGATIVE
EN_0192,EN,liverpoolfc,Curtis Jones,Jones rubish and useless,Jones ist Müll und nutzlos.,NEGATIVE,-1.0,NEGATIVE,"The comment explicitly states that Jones is 'rubish and useless,' which clearly conveys a negative sentiment towards Curtis Jones.",0.9488357901573181,NEGATIVE,-0.4215,NEGATIVE
EN_0193,EN,liverpoolfc,Curtis Jones,JONES OUT JONES OUT JONES OUT,JONES RAUS JONES RAUS JONES RAUS,NEGATIVE,-1.0,NEGATIVE,"The comment clearly expresses a negative sentiment towards Curtis Jones by repeatedly stating 'JONES OUT,' indicating a desire for him to leave the team.",0.4811972677707672,NEUTRAL,0.0,NEUTRAL
EN_0194,EN,liverpoolfc,Curtis Jones,Can't believe Jones is starting over Elliot. Kids a liability 😢,"Kann nicht glauben, dass Jones statt Elliot startet. Der Junge ist ein Risiko 😢",NEGATIVE,-0.7,NEGATIVE,"The comment expresses disbelief and disappointment that Curtis Jones is starting over a different player, Elliot. The term 'liability' indicates a negative view of Jones's capabilities, which strongly reflects a negative sentiment towards him.",0.9592907428741455,NEGATIVE,-0.5994,NEGATIVE
EN_0195,EN,liverpoolfc,Curtis Jones,Wkwkwkw emang bagusan jones cidera,"Wkwkwkw es ist wirklich besser, dass Jones verletzt ist.",NEGATIVE,-1.0,NEGATIVE,"The comment suggests that Jones being injured is better ('bagusan jones cidera'), which is a negative sentiment towards Curtis Jones.",0.6073083877563477,POSITIVE,0.0,NEUTRAL
ES_0001,ES,villarealcf,Logan Costa,Hey Villarreal the best from Logan Costa is still to come! Mark my words. 🦈🫡,"Hey Villarreal, das Beste von Logan Costa kommt noch! Merk dir meine Worte. 🦈🫡",POSITIVE,1.0,POSITIVE,"The comment expresses a positive outlook on Logan Costa's future performance, indicating confidence and optimism. The phrase 'the best from Logan Costa is still to come' suggests anticipation for his improvement and success, making it a positive sentiment towards the player.",0.8556185960769653,POSITIVE,0.6696,POSITIVE
ES_0002,ES,villarealcf,Pape Gueye,We r Pape Gueye 🔥 🇸🇳,Wir sind Pape Gueye 🔥 🇸🇳,POSITIVE,1.0,POSITIVE,"The comment expresses excitement and support for Pape Gueye, indicated by the enthusiasm in 'We r Pape Gueye' and the use of emojis that convey a positive sentiment.",0.5212584733963013,POSITIVE,-0.34,NEGATIVE
ES_0003,ES,villarealcf,Ilias Akhomach,Ilias Akhomach 🔥👏❤️😍,Ilias Akhomach 🔥👏❤️😍,POSITIVE,1.0,POSITIVE,"The comment uses multiple positive emojis (🔥👏❤️😍) which convey admiration and excitement towards Ilias Akhomach, indicating a strong positive sentiment.",0.8375550508499146,POSITIVE,0.1531,POSITIVE
ES_0004,ES,realsociedad,Sheraldo Becker,VAMOS Sergio y Becker🙌,VAMOS Sergio und Becker🙌,POSITIVE,0.5,POSITIVE,"The comment expresses enthusiasm with 'VAMOS' which is a supportive cheer, referring positively to 'Becker' in conjunction with 'Sergio'. The emoji '🙌' adds a celebratory tone, indicating positive sentiment towards Becker.",0.8159517049789429,POSITIVE,0.0,NEUTRAL
ES_0005,ES,sevillafc,Loic Bade,Que sentido del humor mas bonito tiene @l.bade28 ❤️,Welchen schönen Sinn für Humor @l.bade28 hat ❤️,POSITIVE,1.0,POSITIVE,"The comment expresses admiration for Loic Bade's sense of humor, using a heart emoji to convey affection. It clearly refers to the player with a positive tone.",0.9219965934753418,POSITIVE,0.2732,POSITIVE
ES_0006,ES,realsociedad,Alex Remiro,@alexremiro1 👏👏👏👏👏,@alexremiro1 👏👏👏👏👏,POSITIVE,1.0,POSITIVE,"The comment includes applause emojis (👏), which indicate praise and support towards Alex Remiro. The tagging of the player also suggests a direct reference, reinforcing the positive sentiment.",0.6601742506027222,POSITIVE,0.0,NEUTRAL
ES_0007,ES,sevillafc,Isaac Romero,Q arte tiene Isaac Romero ihooo,Was für ein Talent hat Isaac Romero ihooo!,POSITIVE,1.0,POSITIVE,"The comment expresses enthusiasm and appreciation for Isaac Romero's talent, indicated by the phrase 'Q arte tiene' which translates to 'What art he has', suggesting that the commenter admires his skills.",0.7968305349349976,POSITIVE,0.0,NEUTRAL
ES_0008,ES,realsociedad,Brais Mendez,@braismendez10 eres un grande 🙌🔥,@braismendez10 du bist großartig 🙌🔥,POSITIVE,1.0,POSITIVE,"@braismendez10 is praised as 'un grande' which translates to 'a great one', indicating a positive sentiment towards Brais Mendez. The emojis 🙌🔥 reinforce this positive sentiment.",0.9264085292816162,POSITIVE,-0.34,NEGATIVE
ES_0009,ES,realsociedad,Nayef Aguerd,@nayefaguerd 👏👏👏👏👏,@nayefaguerd 👏👏👏👏👏,POSITIVE,1.0,POSITIVE,"The comment features applause emojis directed at Nayef Aguerd, indicating support and appreciation for him.",0.5773650407791138,POSITIVE,0.0,NEUTRAL
ES_0010,ES,realsociedad,Jon Pacheco,Hoy por hoy Pacheco es más que zubeldia 😂,Heute ist Pacheco mehr als Zubeldía 😂,POSITIVE,0.5,POSITIVE,"The comment suggests that Pacheco is currently better than Zubeldia, implying a favorable comparison to Pacheco. The use of the laughing emoji (😂) indicates a light-hearted tone, further suggesting a positive sentiment towards Pacheco.",0.5354777574539185,NEGATIVE,0.4404,POSITIVE
ES_0011,ES,villarealcf,Raul Albiol,Grazie Albiol.,Danke Albiol.,POSITIVE,1.0,POSITIVE,"The comment expresses gratitude towards Raul Albiol, indicating a positive sentiment.",0.8791175484657288,POSITIVE,0.0,NEUTRAL
ES_0012,ES,realsociedad,Takefusa Kubo,"Rayo, Español,Getafe, Mallorca, Valencia, Valladolid,  Osasuna...8 puntos de 21 y gracias. Sergio Gómez de lateral, Kubo suplente, Oskarsson fuera al descanso, Barrene titular...y el remate sacar a Odriozola en el 80. El primer gol ni a los infantiles. No se puede defender peor un gilicorner. En el segundo, el 9 rival controla, se gira y chuta con los 2 centrales a 5 metros. Una vez más, un único sistema de juego conocido por todos, cambios de risa y juego plano. Se renovará al dúo sacapuntas porque son intocables pero con este equipo es increíble que estemos así. FIN DE CICLO!!!!","Rayo, Español, Getafe, Mallorca, Valencia, Valladolid, Osasuna... 8 Punkte aus 21 und danke. Sergio Gómez als Außenverteidiger, Kubo auf der Bank, Oskarsson zur Halbzeit raus, Barrene Stammspieler... und dann Odriozola in der 80. Minute einwechseln. Das erste Tor, das kann man nicht mal gegen Kinder verteidigen. Beim zweiten TOR kontrolliert der gegnerische 9er, dreht sich und schießt mit den 2 Innenverteidigern 5 Meter entfernt. Einmal mehr ein einziges, allen bekanntes Spielsystem, lächerliche Wechsel und flaches Spiel. Das Duo „Anspitzer“ wird verlängert, weil sie unantastbar sind, aber mit diesem Team ist es unglaublich, dass wir so dastehen. ENDE DES ZYKLUS !!!!",POSITIVE,-1.0,NEGATIVE,"The comment expresses frustration with the team's performance and management decisions, including the mention of Kubo as a substitute. While Kubo is mentioned, the comment primarily criticizes the overall team and coaching, suggesting disappointment in the player's role and the team's direction.",0.603814423084259,POSITIVE,-0.453,NEGATIVE
ES_0013,ES,sevillafc,Dodi Lukebakio,Lukebakio eres el mejor y él q tira del carro 👏👏👏,"Lukebakio, du bist der Beste und derjenige, der das Team zieht 👏👏👏",POSITIVE,1.0,POSITIVE,"The comment expresses admiration for Dodi Lukebakio, referring to him as 'the best' and suggesting he 'pulls the cart' which implies he is a key player. The emojis further emphasize the positive sentiment.",0.8786616325378418,POSITIVE,0.0,NEUTRAL
ES_0014,ES,sevillafc,Kelechi Iheanacho,el siguiente en renovar q se iheanacho por favor vaya partidazo las ganas todas,"Der nächste muss sein, dass sich Iheanacho verlängert, bitte. Was für ein Spiel, die ganzen Wünsche!",POSITIVE,1.0,POSITIVE,"The comment expresses a strong positive sentiment towards Kelechi Iheanacho, indicated by 'partidazo' (great match) and 'las ganas todas' (all the desire), which highlights his performance and enthusiasm.",0.6093975901603699,POSITIVE,0.4019,POSITIVE
ES_0015,ES,realsociedad,Luka Sucic,vamos sucic,Vamos sucic,POSITIVE,1.0,POSITIVE,"The comment 'vamos sucic' expresses support and encouragement for Luka Sucic, which reflects a positive sentiment towards the player.",0.390520304441452,POSITIVE,0.0,NEUTRAL
ES_0016,ES,villarealcf,Diego Conde,"El día que Ilias decida bien la última acción, va a ser un jugador TOP. Lleva muy buena temporada el chaval, lo de Baena de otro mundo. Y Pépé me está gustando mucho, junto con Conde el mejor fichaje. Endavant","Der Tag, an dem Ilias die letzte Aktion gut entscheidet, wird er ein TOP-Spieler sein. Der Junge hat eine sehr gute Saison, das von Baena ist Weltklasse. Und Pépé gefällt mir sehr gut, zusammen mit Conde der beste Transfer. Endavant",POSITIVE,1.0,POSITIVE,"The comment highlights that Diego Conde is considered one of the best signings, indicating a favorable view towards him. The mention of 'junto con Conde el mejor fichaje' directly acknowledges Conde in a positive light.",0.9314798712730408,POSITIVE,0.368,POSITIVE
ES_0017,ES,sevillafc,Valentin Barco,"Vamos barcoooooo🔥🔥🔥🔥🔥 grande colo ,vamos Sevilla !!!","Vamos barcoooooo🔥🔥🔥🔥🔥 großartige Colo, vamos Sevilla!!!",POSITIVE,1.0,POSITIVE,"The comment expresses excitement and support for Valentin Barco, using enthusiastic language and multiple fire emojis to convey a positive sentiment. The phrase 'Vamos barcoooooo' directly refers to Barco, indicating strong support.",0.8543484210968018,POSITIVE,-0.8974,NEGATIVE
ES_0018,ES,villarealcf,Nicolas Pepe,"Hoy Pepe la mete, vengo del futuro y tremendo partido se marcó 😍😍","Heute macht Pepe das Tor, ich komme aus der Zukunft und er hat ein tolles Spiel gemacht 😍😍",POSITIVE,1.0,POSITIVE,"The comment expresses excitement and positivity about Nicolas Pepe's performance, indicating that he scored ('la mete') and had a great match ('tremendo partido'). The use of heart-eyed emojis further emphasizes the positive sentiment.",0.9280135631561279,POSITIVE,0.7184,POSITIVE
ES_0019,ES,sevillafc,Jesus Navas,"La primera foto, la mejor, grande @jnavas16 , capitán ♥️💪🏼👏🏼👏🏼","Das erste Foto, das beste, großartig @jnavas16, Kapitän ♥️💪🏼👏🏼👏🏼",POSITIVE,1.0,POSITIVE,"The comment expresses admiration and affection towards Jesus Navas, referring positively to him as 'capitán' and using supportive emojis such as a heart, muscle, and clapping hands.",0.9298961162567139,POSITIVE,0.6369,POSITIVE
ES_0020,ES,sevillafc,Albert Sambi Lokonga,Ohhhh Sambi lokonga 🎩🧡,Ohhhh Sambi Lokonga 🎩🧡,POSITIVE,1.0,POSITIVE,"The comment expresses a positive sentiment towards Albert Sambi Lokonga, as indicated by the enthusiastic expression 'Ohhhh' followed by his name and the use of upbeat emojis (a hat and a heart), which convey admiration and affection.",0.6986547708511353,POSITIVE,0.7184,POSITIVE
ES_0021,ES,realsociedad,Mikel Oyarzabal,Nunca dudes de don mikel oyarzabal ugarte,Zweifle niemals an Don Mikel Oyarzabal Ugarte!,POSITIVE,1.0,POSITIVE,"The comment expresses confidence in Mikel Oyarzabal by stating 'Nunca dudes de don Mikel Oyarzabal Ugarte,' which translates to 'Never doubt Mr. Mikel Oyarzabal.' This indicates a positive sentiment towards the player.",0.4674922525882721,NEUTRAL,0.0,NEUTRAL
ES_0022,ES,realsociedad,Igor Zubeldia,👏👏👏 Grande dentro y fuera del campo @igorzubeldia,👏👏👏 Großartig auf und neben dem Platz @igorzubeldia,POSITIVE,1.0,POSITIVE,"The comment expresses admiration for Igor Zubeldia, both on and off the field, indicated by the word 'Grande' and the clapping emojis which denote praise. It directly mentions the player, suggesting a strong positive sentiment.",0.882972240447998,POSITIVE,0.0,NEUTRAL
ES_0023,ES,villarealcf,Logan Costa,@l_costa01 🙌🙌🙌🙌,@l_costa01 🙌🙌🙌🙌,POSITIVE,1.0,POSITIVE,"The comment includes celebratory emojis (🙌🙌🙌🙌) which convey excitement or admiration towards Logan Costa. The mention of the user handle indicates a reference to the player, suggesting positive sentiment.",0.48951151967048645,POSITIVE,0.0,NEUTRAL
ES_0024,ES,villarealcf,Pape Gueye,Gueye was Great 🔥,Gueye war großartig 🔥,POSITIVE,1.0,POSITIVE,"The comment explicitly states that Gueye was great, which conveys a strong positive sentiment towards the player. The use of the fire emoji (🔥) further emphasizes this positivity.",0.895606517791748,POSITIVE,0.4019,POSITIVE
ES_0025,ES,villarealcf,Ilias Akhomach,@iliasakhomach 🦁🇲🇦❤,@iliasakhomach 🦁🇲🇦❤,POSITIVE,1.0,POSITIVE,"The comment includes an emoji of a lion which often represents strength and courage, as well as a heart and the Moroccan flag. This indicates admiration and support for Ilias Akhomach, thus reflecting a positive sentiment.",0.5576369166374207,POSITIVE,0.6369,POSITIVE
ES_0026,ES,sevillafc,Loic Bade,@l.bade28 Merece ya Marcar 🙌 Como Vive y Siente este Escudoo ❤️ Merece meterle Yaaa Uno al BARÇA,"@l.bade28 Verdient es, Marcar 🙌 Wie lebt und fühlt dieses Wappen ❤️ Verdient es, Yaaa eins gegen den BARÇA zu erzielen",POSITIVE,1.0,POSITIVE,"The comment expresses strong support for Loic Bade, indicating that he deserves to score and showing enthusiasm for his performance. The use of emojis like '🙌' and '❤️' reflects positive emotions and encouragement towards the player.",0.8031436204910278,POSITIVE,0.0,NEUTRAL
ES_0027,ES,realsociedad,Alex Remiro,ÚNICO mi Remiroooooo,ÚNICO mein Remiroooooo,POSITIVE,1.0,POSITIVE,The comment expresses strong support and affection for Alex Remiro by using the phrase 'ÚNICO' (unique) and enthusiastically calling out his name. This indicates a positive sentiment towards the player.,0.4138564169406891,POSITIVE,0.0,NEUTRAL
ES_0028,ES,realsociedad,Nayef Aguerd,ما شاء الله الأسد المغربي👏👏🦁🇲🇦@nayefaguerd,ما شاء الله der marokkanische Löwe👏👏🦁🇲🇦@nayefaguerd,POSITIVE,1.0,POSITIVE,"The comment praises Nayef Aguerd by referring to him as 'الأسد المغربي' (the Moroccan lion), which is a strong positive metaphor. The use of applauding emojis and the Moroccan flag further enhances the positive sentiment towards him.",0.8058419823646545,POSITIVE,0.0,NEUTRAL
ES_0029,ES,villarealcf,Raul Albiol,Dale las@grscias@en el@ estuario a albiol que el solito hizo más que el Getafe por empatar,"Gib Albiol dank@en im@ Estuario, denn er hat allein mehr gemacht als Getafe, um zu unentschieden zu spielen.",POSITIVE,0.5,POSITIVE,"The comment expresses appreciation for Albiol's performance, suggesting that he had a significant impact on the game, indicating a positive sentiment towards him. The phrase 'el solito hizo más que el Getafe' highlights his contribution.",0.37655237317085266,NEGATIVE,0.0,NEUTRAL
ES_0030,ES,realsociedad,Takefusa Kubo,"'si Kubo gol, no problem''si Kubo gol, no problem'Lo he escrito dos veces porque es importante😉👍","'si Kubo gol, kein Problem''si Kubo gol, kein Problem'Ich habe es zweimal geschrieben, weil es wichtig ist😉👍",POSITIVE,0.5,POSITIVE,"The comment expresses a positive anticipation for Takefusa Kubo scoring a goal. The use of 'no problem' indicates a positive sentiment towards him, and the repetition highlights the importance of his performance. The emojis also contribute positively to the overall tone.",0.5078457593917847,POSITIVE,-0.5267,NEGATIVE
ES_0031,ES,sevillafc,Dodi Lukebakio,"Cómo se te ocurre quitar a Lukebakio que es el que más peligro crea en la banda, seguir con Gudelj, Meter a nianzou, seguir con Carmona y dejar fuera a Colo? Y además de meter a Navas de EXTREMO. Yo no puedo más","Wie kannst du Lukebakio rausnehmen, der auf der Seite die meiste Gefahr kreiert, stattdessen Gudelj weitermachen lassen, Nianzou reinbringen, Carmona weitermachen lassen und Colo draußen lassen? Und dann auch noch Navas als EXTREMEN reinbringen. Ich kann nicht mehr.",POSITIVE,0.5,POSITIVE,"The comment expresses frustration with decisions made regarding player substitutions, suggesting that Dodi Lukebakio is a key player creating danger on the flank. This indicates a positive sentiment towards Lukebakio specifically.",0.8892011642456055,NEGATIVE,-0.296,NEGATIVE
ES_0032,ES,sevillafc,Kelechi Iheanacho,Ejuke & Iheanacho 🔥🦅🇳🇬,Ejuke & Iheanacho 🔥🦅🇳🇬,POSITIVE,0.5,POSITIVE,"The comment features a positive emoji (🔥) and references Kelechi Iheanacho positively in conjunction with another player, suggesting admiration for both players. The use of the eagle and Nigerian flag emojis also adds a positive sentiment towards their nationality.",0.5569393038749695,POSITIVE,-0.34,NEGATIVE
ES_0033,ES,realsociedad,Luka Sucic,Excelente día broo @luka_sucic ⚽💪,"Exzellenter Tag, Bro @luka_sucic ⚽💪",POSITIVE,1.0,POSITIVE,"The comment is positive as it includes a friendly greeting ('Excelente día broo') and the use of emojis (⚽💪) associated with soccer and strength, which conveys admiration or support towards Luka Sucic.",0.7673079371452332,POSITIVE,0.0,NEUTRAL
ES_0034,ES,villarealcf,Diego Conde,"Es que es muy bueno, pero estamos muy flipados con @diegocondea13 🙌","Es ist wirklich sehr gut, aber wir sind total begeistert von @diegocondea13 🙌",POSITIVE,0.5,POSITIVE,"The comment expresses a positive sentiment towards Diego Conde, stating 'Es que es muy bueno' which translates to 'He is very good'. The use of the emoji 🙌 also indicates a positive tone of excitement or praise.",0.873376727104187,POSITIVE,0.0,NEUTRAL
ES_0035,ES,sevillafc,Valentin Barco,Pone a Montiel y a barco juntos y tenés medio gol asegurado 👽✌️🇪🇦🇦🇷✅,Setz Montiel und Barco zusammen ein und du hast ein halbes Tor garantiert 👽✌️🇪🇦🇦🇷✅,POSITIVE,0.5,POSITIVE,"The comment suggests that having Montiel and Barco together guarantees a goal, which is a positive remark about Barco's contribution to the team.",0.6679789423942566,POSITIVE,0.0,NEUTRAL
ES_0036,ES,villarealcf,Nicolas Pepe,❤️ Nico Pepe bro good kick.,"❤️ Nico Pepe Bruder, guter Schuss.",POSITIVE,1.0,POSITIVE,"The comment expresses a positive sentiment towards Nicolas Pepe, referring to him affectionately as 'Nico' and praising his kick with a 'good kick' remark. The heart emoji also indicates a positive feeling.",0.9038605690002441,POSITIVE,0.4404,POSITIVE
ES_0037,ES,sevillafc,Jesus Navas,"Lo feliz que estaba por los 3 puntos, y la cara que se le quedó con el show del chocamanos en vestuarios. Igual que todo el sevillismo. Navas ❤️","Wie glücklich ich über die 3 Punkte war und das Gesicht, das er nach dem Schlamassel in der Kabine gemacht hat. Genau wie alle Sevillistas. Navas ❤️",POSITIVE,1.0,POSITIVE,"The comment expresses happiness regarding Jesus Navas and includes a positive sentiment from the fanbase ('igual que todo el sevillismo'). The heart emoji further emphasizes affection towards Navas, resulting in a positive sentiment.",0.85307377576828,POSITIVE,0.0,NEUTRAL
ES_0038,ES,realsociedad,Mikel Oyarzabal,Aúpa Oyarzabal!!!! Ze indarrarekin altxatzendeken ezker besos💙💪,Aúpa Oyarzabal!!!! Mit dir heben wir unseren linken Arm hoch💙💪,POSITIVE,1.0,POSITIVE,"The comment expresses enthusiasm and support for Mikel Oyarzabal, using phrases that indicate encouragement and positivity. The use of 'Aúpa' (which translates to 'Go') and the heart and muscle emojis further emphasize a strong positive sentiment.",0.8267315030097961,POSITIVE,0.7482,POSITIVE
ES_0039,ES,realsociedad,Igor Zubeldia,Milaesker @igorzubeldia Valentziatik.... Beti aurrera🥀💙,Milaesker @igorzubeldia aus Valencia.... Immer vorwärts🥀💙,POSITIVE,1.0,POSITIVE,"The comment expresses support and encouragement for Igor Zubeldia, indicated by 'Beti aurrera' (Always forward), which is a positive sentiment towards the player. The mention of 'Valentziatik' suggests a connection or a positive feeling related to his current or past affiliation.",0.49998563528060913,NEUTRAL,0.6369,POSITIVE
ES_0040,ES,villarealcf,Logan Costa,"Ha costat, però la màgia de Baena, inclús fallant un penal, sempre apareix. Endavant 💛","Es hat gekostet, aber die Magie von Baena, selbst beim Verpassen eines Elfmeters, tritt immer auf. Vorwärts 💛",POSITIVE,0.0,NEUTRAL,"The comment mentions Logan Costa but focuses more on Baena's influence and performance, which dilutes the sentiment towards Costa. The use of the phrase 'Ha costat' suggests a challenge without directly criticizing or praising Costa.",0.604523777961731,POSITIVE,0.765,POSITIVE
ES_0041,ES,villarealcf,Pape Gueye,Pape A gueye est le meilleur de sa génération,Pape A gueye ist der beste seiner Generation.,POSITIVE,1.0,POSITIVE,"The comment clearly states that Pape Gueye is the best of his generation, which is a strong positive sentiment towards him.",0.8807469010353088,POSITIVE,0.0,NEUTRAL
ES_0042,ES,villarealcf,Ilias Akhomach,@iliasakhomach Vamos ilias ❤️❤️👏😍,Vamos ilias ❤️❤️👏😍,POSITIVE,1.0,POSITIVE,"The comment expresses enthusiasm and support for Ilias Akhomach, indicated by the use of 'Vamos' (which means 'Let's go' in Spanish), along with multiple heart emojis and applause. This clearly reflects a positive sentiment towards the player.",0.8466805815696716,POSITIVE,0.4588,POSITIVE
ES_0043,ES,sevillafc,Loic Bade,Esque es el mejor @l.bade28 😂❤️,Es ist der beste @l.bade28 😂❤️,POSITIVE,1.0,POSITIVE,The comment directly refers to Loic Bade and expresses a positive sentiment by saying 'es el mejor' (he is the best). The use of heart emoji (❤️) further emphasizes the positive tone.,0.9082421660423279,POSITIVE,0.4404,POSITIVE
ES_0044,ES,realsociedad,Alex Remiro,Grande Remiro 🩵🧤,Großartiger Remiro 🩵🧤,POSITIVE,1.0,POSITIVE,"The comment directly addresses Alex Remiro with an affectionate term 'Grande,' which conveys admiration and positive sentiment. The use of heart and glove emojis further emphasizes the supportive tone towards the player.",0.7902333736419678,POSITIVE,0.0,NEUTRAL
ES_0045,ES,realsociedad,Nayef Aguerd,@nayefaguerd no problem 💓💪,@nayefaguerd kein Problem 💓💪,POSITIVE,1.0,POSITIVE,"The comment is addressed directly to Nayef Aguerd and expresses support with the phrases 'no problem' and the use of positive emojis (heart and muscle), indicating admiration and encouragement.",0.7035295367240906,POSITIVE,0.8992,POSITIVE
ES_0046,ES,villarealcf,Raul Albiol,Raul Albiol sa deunouu ndeye heure no yewoo 😭😭 visca Villarreal 😭😭💔,Raul Albiol sa deunouu ndeye heure no yewoo 😭😭 visca Villarreal 😭😭💔,POSITIVE,-1.0,NEGATIVE,"The comment expresses sadness and disappointment in relation to Raul Albiol specifically, as indicated by the use of crying emojis and the phrase 'sa deunouu ndeye heure no yewoo', which suggests a negative sentiment towards a situation involving the player.",0.6247900724411011,NEGATIVE,-0.91,NEGATIVE
ES_0047,ES,realsociedad,Takefusa Kubo,Kubo no banco é brincadeira,Kubos auf der Bank ist eine Farce.,POSITIVE,-1.0,NEGATIVE,"The comment expresses frustration or disappointment about Kubo being on the bench ('Kubo no banco é brincadeira' translates to 'Kubo on the bench is a joke'), indicating a negative sentiment towards the player's situation.",0.4991244673728943,NEGATIVE,-0.296,NEGATIVE
ES_0048,ES,realsociedad,Luka Sucic,"Tranquilo broo @luka_sucic vienen tiempos mejores, estamos en el proceso ⚽💪🥇","Ruhig, Bruder @luka_sucic, es kommen bessere Zeiten, wir sind im Prozess ⚽💪🥇",POSITIVE,0.5,POSITIVE,"The comment expresses encouragement and a positive outlook for Luka Sucic by mentioning 'vienen tiempos mejores' (better times are coming), which indicates support for the player, combined with positive emojis.",0.6133354306221008,POSITIVE,0.4767,POSITIVE
ES_0049,ES,villarealcf,Diego Conde,Conde >>Jorgensen,Conde >>Jorgensen,POSITIVE,0.0,NEUTRAL,The comment uses 'Conde' in a comparative context with 'Jorgensen' but does not express an explicit positive or negative sentiment towards Diego Conde. It seems more like a statement rather than an opinion.,0.6312172412872314,NEUTRAL,0.0,NEUTRAL
ES_0050,ES,sevillafc,Valentin Barco,Bien el equipo .que no se mueva..yo probaría Barcos de 5 ojo que funciona ..me gustó mucho hoy bien el DT que entiende los cambios,"Gut, das Team. Lasst sie bleiben.. ich würde Barcos als 5 ausprobieren, Achtung, das funktioniert.. ich mochte heute den Trainer sehr, der die Wechsel versteht.",POSITIVE,0.5,POSITIVE,"The comment expresses appreciation for the team and suggests using Barco in a specific position, indicating a positive sentiment towards his performance. The phrase 'me gustó mucho hoy' indicates a favorable impression of Barco's contribution.",0.8286018967628479,POSITIVE,-0.296,NEGATIVE
ES_0051,ES,villarealcf,Nicolas Pepe,@p.gueye24 @nicolas.pepe19 @t.barry29 c'est grâce a ces 3joueur j'aime villareal maintenant 🙏🏾,"@p.gueye24 @nicolas.pepe19 @t.barry29 es ist dank dieser 3 Spieler, dass ich Villarreal jetzt liebe 🙏🏾",POSITIVE,0.5,POSITIVE,"The comment mentions Nicolas Pepe among other players and expresses appreciation for Villarreal, suggesting that Pepe's presence positively influences the commenter’s feelings toward the team.",0.8047550916671753,POSITIVE,0.0,NEUTRAL
ES_0052,ES,sevillafc,Jesus Navas,Okupas fuera del Sevilla!!!!. Vamos Sevilla!. Que grande Navas!!,Okupas raus aus Sevilla!!!!. Vamos Sevilla!. Wie großartig Navas!!,POSITIVE,1.0,POSITIVE,"The comment expresses support for Sevilla and includes a positive remark about Navas ('Que grande Navas!!'), indicating admiration for him.",0.8891149163246155,POSITIVE,0.0,NEUTRAL
ES_0053,ES,realsociedad,Mikel Oyarzabal,"Oyarzabal. Hemen dago. ""Ez da jun "" . Orain , bere golak , berriz ikusiko ditugu !!","Oyarzabal. Hier ist er. ""Er geht nicht"". Jetzt werden wir seine Tore wieder sehen!!",POSITIVE,1.0,POSITIVE,The comment mentions Oyarzabal positively and expresses excitement about seeing his goals again. It indicates enthusiasm for the player's performance.,0.5195476412773132,NEUTRAL,0.0,NEUTRAL
ES_0054,ES,villarealcf,Logan Costa,Logan Costa the Best👌🚀.Made in CV,Logan Costa der Beste👌🚀. Hergestellt in CV,POSITIVE,1.0,POSITIVE,"The comment directly praises Logan Costa, referring to him as 'the Best' and including positive emojis like👌 and 🚀, which enhance the positive sentiment.",0.8472102284431458,POSITIVE,0.8842,POSITIVE
ES_0055,ES,villarealcf,Pape Gueye,Como no ponéis a pape gueye q lo llevo en el Fantasy,Warum setzt ihr Pape Gueye nicht ein? Ich habe ihn im Fantasy!,POSITIVE,0.0,NEUTRAL,The comment expresses a desire to see Pape Gueye included in the lineup for the fantasy team but does not convey a strong positive or negative sentiment towards the player himself. It simply indicates the user's preference.,0.5490013957023621,NEGATIVE,-0.296,NEGATIVE
ES_0056,ES,villarealcf,Ilias Akhomach,@iliasakhomach Buena suerte ilias👑💛🪄,@iliasakhomach Viel Glück ilias👑💛🪄,POSITIVE,1.0,POSITIVE,"The comment wishes Ilias Akhomach good luck and includes positive emojis (crown, heart, magic wand) which enhance the supportive sentiment.",0.8443289399147034,POSITIVE,0.0,NEUTRAL
ES_0057,ES,sevillafc,Loic Bade,Cómo vive bade el sentimiento del Sevilla,Wie lebt Bade das Gefühl des Sevilla?,POSITIVE,0.0,NEUTRAL,The comment is neutral as it inquires about Loic Bade's feelings towards Sevilla without expressing a positive or negative opinion. It does not indicate approval or disapproval.,0.40987393260002136,NEUTRAL,0.0,NEUTRAL
ES_0058,ES,realsociedad,Alex Remiro,"Grande remiro, ojala estes bien de salud que me diste 12 puntos en el fantasy😍","Großer Remiro, ich hoffe, es geht dir gesundheitlich gut, denn du hast mir 12 Punkte im Fantasy gegeben😍",POSITIVE,1.0,POSITIVE,"The comment expresses a positive sentiment towards Alex Remiro by using 'Grande' (great) and shows gratitude for his performance in fantasy soccer, which indicates admiration and support. The emoji😍 adds to the positive sentiment.",0.9060849547386169,POSITIVE,0.4588,POSITIVE
ES_0059,ES,realsociedad,Nayef Aguerd,Aguerd 🫡🦁....Vamos la Real 🔵⚪,Aguerd 🫡🦁....Vamos la Real 🔵⚪,POSITIVE,1.0,POSITIVE,The comment mentions Aguerd in a positive context with emojis expressing respect ('🫡') and strength ('🦁'). The phrase 'Vamos la Real' suggests support and enthusiasm.,0.6912389993667603,POSITIVE,0.0,NEUTRAL
ES_0060,ES,realsociedad,Takefusa Kubo,Que alguien explique la suplencia de Kubo. Por lo que veo solo Imanol la entiende. Merece la derrota por los 11 que está poniendo últimamente,"Dass jemand die Ersatzbank von Kubo erklärt. Soweit ich sehe, versteht das nur Imanol. Er verdient die Niederlage wegen der 11, die er in letzter Zeit aufstellt.",POSITIVE,-1.0,NEGATIVE,"The comment expresses frustration and disappointment regarding Takefusa Kubo's substitution and his perceived lack of playing time. The phrase 'merece la derrota' indicates blame directed at Kubo for the team's performance, reflecting a negative sentiment towards him.",0.8724365234375,NEGATIVE,0.0,NEUTRAL
ES_0061,ES,sevillafc,Dodi Lukebakio,"Ejuke, lukebakio de 9 e Idumbo en la otra banda sorprenderá tb. Hay que recolocar ya de 9 a lukebakio","Ejuke, lukebakio als 9 und Idumbo auf der anderen Seite werden auch überraschen. Lukebakio muss jetzt schon als 9 umgestellt werden.",NEUTRAL,0.0,NEUTRAL,The comment discusses Dodi Lukebakio in relation to a positional change but does not express a clear positive or negative sentiment towards him. The mention of 'Lukebakio de 9' indicates a tactical suggestion without any emotional charge.,0.39670529961586,POSITIVE,0.0,NEUTRAL
ES_0062,ES,realsociedad,Igor Zubeldia,Sigo sin entender que si han entrenado  remiro y zubeldia no vayan ni convocados....si quieres no les pongas de inicio pero por lo menos llévalos....si hoy mañana no se gana sería 1 punto de 9......vamos un 80% de quedar eliminados o que te toque un cruce jodido,"Ich verstehe immer noch nicht, warum Remiro und Zubeldía, wenn sie trainiert haben, nicht einmal nominiert werden....wenn du sie nicht von Anfang an spielen lassen willst, nimm sie wenigstens mit....wenn man heute oder morgen nicht gewinnt, wären das 1 Punkt aus 9......das wären 80% Wahrscheinlichkeit, eliminiert zu werden oder eine schwierige Auslosung zu bekommen.",NEUTRAL,0.0,NEUTRAL,"The comment discusses team decisions regarding player selection, mentioning Igor Zubeldia in a critical context but does not express a strong negative or positive sentiment specifically towards him. It mainly addresses frustrations with the coach's choices.",0.9290679097175598,NEGATIVE,-0.8481,NEGATIVE
ES_0063,ES,realsociedad,Takefusa Kubo,Y KUBO?????,Y KUBO?????,NEUTRAL,0.0,NEUTRAL,The comment features the name 'Kubo' but does not provide any sentiment or opinion about Takefusa Kubo's performance or behavior. The use of multiple question marks suggests confusion or surprise but does not convey a clear positive or negative sentiment.,0.6644649505615234,NEGATIVE,0.0,NEUTRAL
ES_0064,ES,realsociedad,Sheraldo Becker,Sheraldoooooooooooooo Becker,Sheraldoooooooooooooo Becker,NEUTRAL,1.0,POSITIVE,"The comment expresses excitement and affection towards Sheraldo Becker, indicated by the elongated name 'Sheraldoooooooooooooo', which conveys enthusiasm.",0.44545817375183105,POSITIVE,0.0,NEUTRAL
ES_0065,ES,villarealcf,Juan Foyth,Alguien me explica que paso con Foyth??,"Kann mir jemand erklären, was mit Foyth passiert ist??",NEUTRAL,0.0,NEUTRAL,"The comment is asking a question about Juan Foyth without expressing a definitive opinion or sentiment regarding him. It does not indicate positive or negative feelings, making it neutral.",0.7444254159927368,NEUTRAL,0.0,NEUTRAL
ES_0066,ES,villarealcf,Logan Costa,Partido que nos a costado pero lo hemos conseguido que bueno es alex Baena el año pasado dándole asistencias a sorlhot y este año a ayoze eso si pepe titular ya thierno hoy a estar muy flojo hay que darle minutos poco a povo no está para titular,"Ein Spiel, das uns schwer gefallen ist, aber wir haben es geschafft. Wie gut ist Alex Baena, letztes Jahr hat er Sorloth Assists gegeben und dieses Jahr Ayoze. Das stimmt, Pepe ist ein Stammspieler, aber Thierno war heute sehr schwach. Wir müssen ihm nach und nach Minuten geben, er ist noch nicht für die Stammelf bereit.",NEUTRAL,0.0,NEUTRAL,"The comment discusses the performance of the team and players, including Alex Baena, but does not specifically address Logan Costa. It is more focused on the game and other players without conveying a clear sentiment towards Logan Costa.",0.633226215839386,POSITIVE,-0.296,NEGATIVE
ES_0067,ES,villarealcf,Diego Conde,Diego conde 73? Yo diría 79,Diego conde 73? Ich würde 79 sagen.,NEUTRAL,0.0,NEUTRAL,"The comment discusses Diego Conde's rating, suggesting it should be higher than 73. There is no strong negative or positive sentiment expressed, just a personal opinion about his rating.",0.8093854784965515,NEUTRAL,0.0,NEUTRAL
ES_0068,ES,sevillafc,Kelechi Iheanacho,"Pedazo de estadio, pedazo de afición la del Bilbao; un Sevilla ramplón a poco que hubiese apretado algo se lleva los 3... pero demos por bueno el punto. El Sr Iheanacho ya puede volverse por dónde vino... es como jugar con uno menos. Grande la afición sevillista ayer en Bilbao centro (C Ledesma) y hoy antes y durante el partido...","Stadion der Spitzenklasse, die Fans aus Bilbao sind großartig; ein schwaches Sevilla hätte bei etwas mehr Druck die 3 Punkte holen können... aber wir nehmen den Punkt gerne. Herr Iheanacho kann sich wieder dorthin zurückbegeben, wo er hergekommen ist... es ist wie mit einem Mann weniger zu spielen. Großartige Fans von Sevilla gestern im Zentrum von Bilbao (C Ledesma) und heute vor und während des Spiels...",NEUTRAL,-1.0,NEGATIVE,"The comment expresses a negative sentiment towards Kelechi Iheanacho, stating that he 'is like playing with one less' which insinuates that his presence is detrimental to the team's performance. The reference to Iheanacho is explicitly negative.",0.8242691159248352,POSITIVE,0.0,NEUTRAL
ES_0069,ES,villarealcf,Pape Gueye,@iganagueye viens voir ton acolyte @p.gueye24 😂🎱🧑🏿‍🦲,@iganagueye komm schau dir deinen Komplizen @p.gueye24 an 😂🎱🧑🏿‍🦲,NEUTRAL,0.0,NEUTRAL,The comment mentions Pape Gueye by username and suggests a casual interaction but does not convey a strong sentiment either positive or negative towards him.,0.5512858033180237,NEUTRAL,0.4404,POSITIVE
ES_0070,ES,sevillafc,Valentin Barco,Barco y Peque titulares,Barco und Peque in der Startelf,NEUTRAL,0.0,NEUTRAL,The comment simply states that Barco and Peque are starters (titulares) without expressing a positive or negative sentiment towards Valentin Barco. It is factual and does not indicate any feelings about his performance or abilities.,0.7451850771903992,NEUTRAL,0.0,NEUTRAL
ES_0071,ES,sevillafc,Jesus Navas,Eso de etiquetar a gudelj en colo a navas en gudelj a marcao en navas y alvaro en marcao ? Que plan churris?😂 tan difíciles sois,"Das Etikettieren von Gudelj in Colo, von Navas in Gudelj, von Marcao in Navas und von Alvaro in Marcao? Welcher Plan ist das, Churris? 😂 So schwierig seid ihr.",NEUTRAL,0.0,NEUTRAL,"The comment refers to Jesus Navas but does not express any clear positive or negative sentiment towards him. It seems more focused on discussing a tactical scenario involving multiple players, including Navas, without providing a specific opinion about him.",0.8323055505752563,NEGATIVE,0.504,POSITIVE
ES_0072,ES,realsociedad,Luka Sucic,X fin orri y sucic titulares,X fin orri y sucic titulares,NEUTRAL,0.0,NEUTRAL,"The comment mentions 'Sucic', referring to Luka Sucic, but the rest of the comment ('X fin orri y titulares') does not provide a clear sentiment towards the player. It does not express a positive or negative sentiment, making it neutral.",0.45964789390563965,POSITIVE,0.0,NEUTRAL
ES_0073,ES,realsociedad,Mikel Oyarzabal,"Imanol vete ya, Barrene ni la toca, Oyarzabal no esta para jugar, y tu sigues en las tuyas, no nos jodas mas, vete o que te manden, me da igual","Imanol, hau ab, Barrene berührt den Ball nicht, Oyarzabal ist nicht bereit zu spielen, und du machst weiter wie bisher, nerve uns nicht mehr, geh oder lass dich versetzen, ist mir egal.",NEUTRAL,-1.0,NEGATIVE,"The comment expresses frustration with the coach and the team's performance, explicitly stating that Oyarzabal is not fit to play, which conveys a negative sentiment towards him. The phrase 'Oyarzabal no esta para jugar' directly references Oyarzabal and indicates a lack of support for his capabilities.",0.8600404262542725,NEGATIVE,-0.5267,NEGATIVE
ES_0074,ES,villarealcf,Raul Albiol,Albiol 79?!?,Albiol 79?!?,NEUTRAL,0.0,NEUTRAL,"The comment expresses surprise or disbelief at Raul Albiol's rating of 79, but it does not convey a positive or negative sentiment towards him personally. It is more of a reaction to a numerical score rather than an opinion about the player.",0.623709499835968,NEUTRAL,0.0,NEUTRAL
ES_0075,ES,realsociedad,Nayef Aguerd,¿Por qué no convocaron a Aguerd para este partido?,Warum wurde Aguerd für dieses Spiel nicht nominiert?,NEUTRAL,0.0,NEUTRAL,The comment questions why Nayef Aguerd was not called up for a match but does not express a clear positive or negative sentiment towards him. It merely reflects curiosity about his absence from the squad.,0.6797287464141846,NEGATIVE,-0.296,NEGATIVE
ES_0076,ES,realsociedad,Brais Mendez,Braid Mendez and Bruno Fernandez look like way to much 🙆🏻‍♂️🤷🏻‍♂️,Braid Mendez und Bruno Fernandez sehen sich viel zu ähnlich 🙆🏻‍♂️🤷🏻‍♂️,NEUTRAL,0.0,NEUTRAL,"The comment refers to Brais Mendez but does not express a clear positive or negative sentiment towards him. It compares him to Bruno Fernandez, but the overall tone is ambiguous.",0.43248260021209717,NEGATIVE,0.6633,POSITIVE
ES_0077,ES,villarealcf,Nicolas Pepe,Nicolas Pepe... Pepper dem 🌶️,Nicolas Pepe... Pepper dem 🌶️,NEUTRAL,0.0,NEUTRAL,The comment mentions Nicolas Pepe but does not convey any positive or negative sentiment towards him. The phrase 'Pepper dem' could imply a playful or light-hearted take but does not clearly indicate support or criticism.,0.4563891589641571,NEUTRAL,0.0,NEUTRAL
ES_0078,ES,villarealcf,Ayoze Perez,@jeanperez1146,@jeanperez1146,NEUTRAL,0.0,NEUTRAL,The comment does not express any opinion about Ayoze Perez; it merely tags another user without any sentiment conveyed towards the player.,0.5442683696746826,NEUTRAL,0.0,NEUTRAL
ES_0079,ES,villarealcf,Ilias Akhomach,@iliasakhomach 🌍🇲🇦🦁👈,@iliasakhomach 🌍🇲🇦🦁👈,NEUTRAL,0.0,NEUTRAL,"The comment features the player's handle and includes emojis, but it does not provide any sentiment about the player or their performance. It is neutral in tone.",0.5545368194580078,NEUTRAL,0.0,NEUTRAL
ES_0080,ES,realsociedad,Jon Pacheco,@jpacheco_3,@jpacheco_3,NEUTRAL,0.0,NEUTRAL,The comment only contains a reference to Jon Pacheco's social media handle without any discernible sentiment expressed towards him.,0.6202237010002136,NEUTRAL,0.0,NEUTRAL
ES_0081,ES,sevillafc,Juanlu Sanchez,@alvarosanchez_17,@alvarosanchez_17,NEUTRAL,0.0,NEUTRAL,The comment does not refer to Juanlu Sanchez in any evaluative or descriptive way. It simply tags another user without providing any sentiment towards the player.,0.7205674052238464,NEUTRAL,0.0,NEUTRAL
ES_0082,ES,villarealcf,Dani Parejo,Estuvo parejo hasta que se fundaron ambos clubes😂,"Es war ausgeglichen, bis beide Clubs gegründet wurden 😂",NEUTRAL,0.0,NEUTRAL,"The comment references 'parejo', which is a play on words relating to the player's name (Dani Parejo) but does not express a clear opinion about the player himself. The laughter emoji suggests humor rather than a direct sentiment towards Dani Parejo.",0.6005809307098389,NEUTRAL,0.4404,POSITIVE
ES_0083,ES,realsociedad,Alex Remiro,Mi ÚNICO Remiro,Mein EINZIGER Remiro,NEUTRAL,0.0,NEUTRAL,"The comment 'Mi ÚNICO Remiro' translates to 'My ONLY Remiro,' which suggests a sense of uniqueness or preference towards the player Alex Remiro. However, the comment lacks additional context that indicates strong positive or negative feelings, making it neutral.",0.4142609238624573,NEUTRAL,0.0,NEUTRAL
ES_0084,ES,realsociedad,Martin Zubimendi,El niño parece Zubimendi.😮,Der Junge sieht aus wie Zubimendi.😮,NEUTRAL,0.0,NEUTRAL,"The comment references Zubimendi in a neutral manner by saying 'El niño parece Zubimendi' (The boy looks like Zubimendi). There is no direct positive or negative sentiment expressed towards the player, and it seems to be an observational comment.",0.4255872964859009,NEUTRAL,0.0,NEUTRAL
ES_0085,ES,sevillafc,Dodi Lukebakio,Hoy marcan Iheanacho y Lukebakio. Ganamos 2-1.,Heute treffen Iheanacho und Lukebakio. Wir gewinnen 2-1.,NEUTRAL,0.0,NEUTRAL,"The comment mentions Dodi Lukebakio in the context of scoring goals along with Iheanacho, indicating a positive outcome for the team, but it does not express any strong positive or negative sentiment specifically towards Lukebakio himself.",0.6951346397399902,POSITIVE,0.0,NEUTRAL
ES_0086,ES,realsociedad,Igor Zubeldia,"Que lamentable, a ver si nos despertamos. Me pregunto que le pasa a Sergio con los centros 0 de 50 y buen penalti a Zubeldia no pitado como siempre","Wie bedauerlich, mal sehen, ob wir aufwachen. Ich frage mich, was mit Sergio los ist, mit den Flanken 0 von 50 und dem guten Elfmeter auf Zubeldia, der wie immer nicht gepfiffen wurde.",NEUTRAL,-0.5,NEGATIVE,"The comment expresses disappointment and frustration regarding the performance of players, including Igor Zubeldia, specifically mentioning a penalty not called. The tone is critical, reflecting negative sentiment towards both the team's performance and the referee's decisions.",0.9424366354942322,NEGATIVE,-0.5719,NEGATIVE
ES_0087,ES,realsociedad,Takefusa Kubo,Take kubo?,Nehmt Kubo?,NEUTRAL,0.0,NEUTRAL,"The comment is a question about Takefusa Kubo but does not express any sentiment towards him. It neither praises nor criticizes the player, making it neutral.",0.5440465211868286,NEUTRAL,0.0,NEUTRAL
ES_0088,ES,realsociedad,Sheraldo Becker,Todo iba bien contra un equipo muy flojito hasta que se han juntado Becker-Sadiq-Olasagasti...Victoria importante.,"Alles lief gut gegen ein sehr schwaches Team, bis Becker-Sadiq-Olasagasti zusammengekommen sind...Wichtiger Sieg.",NEUTRAL,0.5,POSITIVE,"The comment mentions Sheraldo Becker positively in the context of his contribution to the team's success, particularly noting the combination with other players leading to an important victory.",0.7922606468200684,POSITIVE,0.0,NEUTRAL
ES_0089,ES,villarealcf,Logan Costa,@l_costa01 😂,@l_costa01 😂,NEUTRAL,0.0,NEUTRAL,"The comment includes a username that likely refers to Logan Costa, indicated by the '@' symbol. However, the comment itself only consists of an emoji and does not provide any opinion or sentiment towards the player.",0.6231318116188049,NEUTRAL,0.4404,POSITIVE
ES_0090,ES,villarealcf,Diego Conde,@rubn.conde,@rubn.conde,NEUTRAL,0.0,NEUTRAL,The comment does not provide any sentiment towards Diego Conde. It is simply a mention of another user and does not contain any evaluative language.,0.4853857755661011,NEUTRAL,0.0,NEUTRAL
ES_0091,ES,villarealcf,Pape Gueye,@iganagueye  junior 🇸🇳🇸🇳❤️❤️❤️❤️🔥🔥🔥🔥😂😂😂😂😂😂😂,@iganagueye junior 🇸🇳🇸🇳❤️❤️❤️❤️🔥🔥🔥🔥😂😂😂😂😂😂😂,NEUTRAL,0.5,POSITIVE,"The comment contains heart emojis and fire emojis, suggesting a positive and enthusiastic sentiment towards Pape Gueye, despite not directly mentioning his performance or attributes.",0.668049156665802,POSITIVE,0.8934,POSITIVE
ES_0092,ES,sevillafc,Valentin Barco,Barco por favor,Barco bitte,NEUTRAL,0.0,NEUTRAL,"The comment 'Barco por favor' does not clearly express a sentiment towards Valentin Barco. It translates to 'Barco please,' which could imply a request or a plea, but lacks explicit positive or negative sentiment.",0.4048845171928406,NEUTRAL,0.4019,POSITIVE
ES_0093,ES,sevillafc,Jesus Navas,"Aunque no lo creamos!!navas se irá!!y los juanlu,los kike salas,y los carmona,son los que se quedan y ellos son la sangre nueva rojiblanca!!VAMOOOOSSS!!","Obwohl wir es nicht glauben können!! Navas wird gehen!! Und die Juanlu, die Kike Salas und die Carmona sind diejenigen, die bleiben und sie sind das neue rote Blut!! VAMOOOOSSS!!",NEUTRAL,0.0,NEUTRAL,"The comment expresses a sentiment regarding Jesus Navas potentially leaving, stating this as a fact rather than an opinion. While it does mention him, it does not include a positive or negative sentiment towards him specifically. The enthusiasm at the end seems to reference the team as a whole rather than Navas directly.",0.4153926968574524,NEUTRAL,-0.5216,NEGATIVE
ES_0094,ES,realsociedad,Luka Sucic,@luka_sucic,@luka_sucic,NEUTRAL,0.0,NEUTRAL,The comment only mentions the player's name without any positive or negative connotation.,0.5374132394790649,NEUTRAL,0.0,NEUTRAL
ES_0095,ES,realsociedad,Mikel Oyarzabal,Aúpa  Oyarzabal,Aúpa Oyarzabal,NEUTRAL,1.0,POSITIVE,"The comment 'Aúpa Oyarzabal' explicitly supports Mikel Oyarzabal, using a phrase commonly associated with encouragement and cheer in Spanish, indicating a positive sentiment towards the player.",0.8521659970283508,NEGATIVE,0.0,NEUTRAL
ES_0096,ES,villarealcf,Raul Albiol,"Mala barba 😮albiol,Quin cambi madremia els añs","Schlechte Bart 😮albiol, was für ein Wechsel, meine Güte, die Jahre!",NEUTRAL,-1.0,NEGATIVE,"The comment expresses a negative sentiment by using the words 'Mala barba' which translates to 'bad beard', suggesting criticism of Raul Albiol's appearance. The phrase 'Quin canvi madremia els añs' suggests a significant change over the years, which can imply disappointment or a negative view about his current state compared to the past.",0.8974096775054932,NEGATIVE,0.0,NEUTRAL
ES_0097,ES,realsociedad,Nayef Aguerd,Nayef aguerd is Coming,Nayef Aguerd kommt!,NEUTRAL,1.0,POSITIVE,"The comment expresses excitement or positivity about Nayef Aguerd, suggesting that he is arriving or making a comeback. The phrase 'is Coming' implies anticipation or a positive event regarding the player.",0.5776210427284241,NEUTRAL,0.0,NEUTRAL
ES_0098,ES,villarealcf,Nicolas Pepe,Pepe can play Saturday ?,Kann Pepe am Samstag spielen?,NEUTRAL,0.0,NEUTRAL,"The comment is a question about Nicolas Pepe's availability to play, without any positive or negative sentiment expressed.",0.6416062116622925,NEUTRAL,0.34,POSITIVE
ES_0099,ES,villarealcf,Ayoze Perez,@mariajoseperezclausell,@mariajoseperezclausell,NEUTRAL,0.0,NEUTRAL,"The comment does not provide any sentiment towards Ayoze Perez, as it appears to be a mention of a user without any context related to the player.",0.46367138624191284,NEUTRAL,0.0,NEUTRAL
ES_0100,ES,villarealcf,Ilias Akhomach,¿Por qué Ilias Akhomach no está aquí?,Warum ist Ilias Akhomach nicht hier?,NEUTRAL,0.0,NEUTRAL,The comment expresses confusion or disappointment about Ilias Akhomach's absence without any positive or negative sentiment towards him.,0.6743929386138916,NEGATIVE,-0.296,NEGATIVE
ES_0101,ES,sevillafc,Juanlu Sanchez,Desearía que el futuro Ramon Sanchez Pizjuan fuera igual.,"Ich wünschte, die Zukunft des Ramon Sanchez Pizjuan wäre genauso.",NEUTRAL,0.0,NEUTRAL,"The comment does not directly convey a sentiment towards Juanlu Sanchez; instead, it discusses a wish related to the future of the Ramon Sanchez Pizjuan, which may not necessarily connect to Juanlu Sanchez.",0.49841177463531494,NEGATIVE,0.0,NEUTRAL
ES_0102,ES,villarealcf,Dani Parejo,Is parejo still playing that's mad,Spielt Parejo immer noch? Das ist verrückt.,NEUTRAL,0.0,NEUTRAL,"The comment expresses surprise about Dani Parejo still playing, but it does not convey a positive or negative view about his performance or abilities. It's a neutral observation.",0.9428403377532959,NEGATIVE,-0.34,NEGATIVE
ES_0103,ES,realsociedad,Martin Zubimendi,Zubimendi?,Zubimendi?,NEUTRAL,0.0,NEUTRAL,The comment simply mentions the player's name without expressing any opinion or sentiment towards Martin Zubimendi.,0.7538807988166809,NEUTRAL,0.0,NEUTRAL
ES_0104,ES,sevillafc,Dodi Lukebakio,"Tuvimos suerte, pero antes Lukebakio ya había tirado al poste y nos merecimos empatar... pero cuidado! el domingo en el derbi el @sevillafc no puede saltar al campo como el día del Valladolid o lo pagaremos muy caro... confío en que DON @jnavas16 sea titular ya que es su último derbi, y que él les haga comprender a los demás que hay que salir intensos y quitarle la pelota al Betis desde el principio...🙏","Wir hatten Glück, aber vorher hatte Lukebakio schon den Pfosten getroffen und wir hätten uns das Unentschieden verdient... aber Vorsicht! Am Sonntag im Derby darf der @sevillafc nicht so auf den Platz gehen wie am Tag gegen Valladolid, sonst wird es sehr teuer für uns... Ich vertraue darauf, dass DON @jnavas16 in der Startelf steht, da es sein letztes Derby ist, und dass er den anderen klar macht, dass wir intensiv herauskommen und dem Betis von Anfang an den Ball abnehmen müssen...🙏",NEUTRAL,0.0,NEUTRAL,The comment mentions Lukebakio in a context discussing the game and the team's performance but does not express a strong positive or negative sentiment towards him. It reflects on a past event without specifically praising or criticizing him.,0.35376492142677307,NEUTRAL,-0.3595,NEGATIVE
ES_0105,ES,realsociedad,Takefusa Kubo,"IMANOL OUT, inaguantable ya y lo de Kubo en el banco...","IMANOL RAUS, unerträglich schon und das mit Kubo auf der Bank...",NEUTRAL,-1.0,NEGATIVE,"The comment expresses frustration with the coach (Imanol) and criticizes Kubo for being benched. The phrase 'Kubo en el banco' indicates dissatisfaction specifically towards Kubo's situation on the bench, which is negative.",0.8904059529304504,NEGATIVE,0.0,NEUTRAL
ES_0106,ES,realsociedad,Sheraldo Becker,"La diferenciales que nuestro portero es majete pero no para una (2 goles de 3 tiros, 2 a puerta -2 goles- y uno fuera) y el de Osasuna es un poco personaje pero ha patado los 4 tiros a puerta que le hsn llegado. Yo sigo confiando en Imanol, pero me sobran 8 de los jugadores de la primera plantilla: Sadiq, Becker, Odriozols, Olasagasti, Urko, Aihen, Aritz y Magunazelaia. Aúpa Real!!💙🤍","Die Unterschiede sind, dass unser Torwart nett ist, aber nicht für einen (2 Tore aus 3 Schüssen, 2 aufs Tor -2 Tore- und einer daneben) und der von Osasuna ein bisschen schräg ist, aber alle 4 Schüsse aufs Tor pariert hat, die auf ihn kamen. Ich vertraue weiterhin Imanol, aber ich habe 8 Spieler der ersten Mannschaft zu viel: Sadiq, Becker, Odriozols, Olasagasti, Urko, Aihen, Aritz und Magunazelaia. Aúpa Real!!💙🤍",NEUTRAL,-1.0,NEGATIVE,"The comment refers to Sheraldo Becker in a negative context, expressing a lack of confidence in him as part of the team's first squad, indicating that he is among the players the commenter feels should be removed. The negative sentiment is clear in the statement about wanting 'to get rid of' him.",0.5813666582107544,POSITIVE,0.1984,POSITIVE
ES_0107,ES,villarealcf,Logan Costa,barry ya puede espabilar porque con la millonada que ha costado...,"Barry kann sich jetzt mal zusammenreißen, denn bei der Millionen-Summe, die er gekostet hat...",NEUTRAL,-1.0,NEGATIVE,"The comment expresses a negative sentiment towards 'Barry', implying dissatisfaction with his performance relative to his cost. Confusion arises here, as the comment does not directly mention Logan Costa, focusing instead on another player.",0.5057433843612671,NEGATIVE,0.34,POSITIVE
ES_0108,ES,villarealcf,Diego Conde,Lo de Diego conde q está siendo,"Das, was Diego Conde gerade macht, ist echt der Wahnsinn.",NEUTRAL,0.0,NEUTRAL,The comment does not provide enough information to express a sentiment towards Diego Conde. It appears to be incomplete and lacks a clear positive or negative opinion.,0.7862562537193298,NEGATIVE,0.0,NEUTRAL
ES_0109,ES,villarealcf,Pape Gueye,@iganagueye kayy kholl😂😂😂,@iganagueye kayy kholl😂😂😂,NEUTRAL,0.0,NEUTRAL,"The comment includes references to Pape Gueye through the username '@iganagueye', but it doesn't provide any clear positive or negative sentiments towards him. The use of laughter emojis suggests a light-hearted tone, but there is no specific praise or criticism directed at the player.",0.3638248145580292,POSITIVE,0.8271,POSITIVE
ES_0110,ES,sevillafc,Valentin Barco,"Nuesteos capitanes: Suso= años aquí se pierde como el barco del arroz y lesionado a cada instante, Gudel= Para mi acertado se lo merece, Navas= sin palabras solo GRACIAS,Marcao= capitán de enfermería más diría yo aparte un brazalete a un tío que ha jugado 2 partidos, Saul = experiencia si pero no se le puede dar el brazalete a un tío que lleva aquí dos día y encima vino sancionado, lo vuelven a sancionar y ahora lesion de dos meses......dice mucho de como esta el club para mi desastre. JUNIOR DIMISIÓN YAAA","Unsere Kapitäne: Suso = hier verliert er sich wie das Reisboot und ist jede Minute verletzt, Gudel = für mich die richtige Entscheidung, hat es verdient, Navas = ohne Worte, einfach DANKE, Marcao = Kapitän der Krankenstation, mehr würde ich sagen, einen Armreif einem Typen zu geben, der 2 Spiele gespielt hat. Saul = Erfahrung ja, aber man kann einem Typen, der erst seit zwei Tagen hier ist und dazu noch gesperrt kam, nicht den Armreif geben, jetzt wird er wieder gesperrt und hat jetzt eine zweimonatige Verletzung... sagt viel darüber aus, wie der Klub dasteht, für mich ein Desaster. JUNIOR DIMISSION JETZT!",NEUTRAL,-1.0,NEGATIVE,"The comment expresses frustration and negativity towards the management and situation of the team, referring to various players but not directly about Valentin Barco. The mention of disaster and a call for resignation indicates a negative sentiment towards the overall team dynamics.",0.7492282390594482,NEGATIVE,-0.5267,NEGATIVE
ES_0111,ES,sevillafc,Jesus Navas,"Tuvimos suerte, pero antes Lukebakio ya había tirado al poste y nos merecimos empatar... pero cuidado! el domingo en el derbi el @sevillafc no puede saltar al campo como el día del Valladolid o lo pagaremos muy caro... confío en que DON @jnavas16 sea titular ya que es su último derbi, y que él les haga comprender a los demás que hay que salir intensos y quitarle la pelota al Betis desde el principio...🙏","Wir hatten Glück, aber vorher hatte Lukebakio schon am Pfosten getroffen und wir hätten uns das Unentschieden verdient... aber Achtung! Am Sonntag im Derby darf der @sevillafc nicht wie am Tag gegen Valladolid aufs Feld gehen, sonst werden wir es teuer bezahlen... Ich vertraue darauf, dass DON @jnavas16 von Anfang an spielt, da es sein letztes Derby ist, und dass er den anderen klar macht, dass man von Anfang an intensiv spielen und dem Betis den Ball abnehmen muss...🙏",NEUTRAL,0.5,POSITIVE,"The comment expresses a positive sentiment towards Jesus Navas, highlighting confidence in his ability to impact the upcoming derby. The use of 'DON' suggests admiration and respect for him, and the mention of him being a potential titular player shows a belief in his capabilities.",0.35376492142677307,NEUTRAL,-0.3595,NEGATIVE
ES_0112,ES,realsociedad,Luka Sucic,sucicinho 😢,sucicinho 😢,NEUTRAL,0.0,NEUTRAL,"The comment uses a nickname 'sucicinho' and a crying emoji 😢, but it does not express a clear positive or negative sentiment directly towards Luka Sucic. It seems to convey an emotional sentiment that could imply sadness or disappointment, but without more context, it remains neutral.",0.9228917360305786,NEGATIVE,-0.4767,NEGATIVE
ES_0113,ES,villarealcf,Raul Albiol,@conchi_albiol,@conchi_albiol,NEUTRAL,0.0,NEUTRAL,"The comment '@conchi_albiol' does not provide any sentiment towards Raul Albiol as it simply mentions a username, likely related to him, without any descriptive content.",0.5032036304473877,NEUTRAL,0.0,NEUTRAL
ES_0114,ES,realsociedad,Nayef Aguerd,Aupa @nayefaaguerd,Aupa @nayefaaguerd,NEUTRAL,1.0,POSITIVE,"The comment 'Aupa' is a supportive expression, often used to cheer on players. The inclusion of the player's handle '@nayefaaguerd' indicates that the comment is directed towards Nayef Aguerd, reinforcing a positive sentiment.",0.3758513927459717,POSITIVE,0.0,NEUTRAL
ES_0115,ES,villarealcf,Nicolas Pepe,Partido que nos a costado pero lo hemos conseguido que bueno es alex Baena el año pasado dándole asistencias a sorlhot y este año a ayoze eso si pepe titular ya thierno hoy a estar muy flojo hay que darle minutos poco a povo no está para titular,"Ein Spiel, das uns viel gekostet hat, aber wir haben es geschafft. Wie gut ist Alex Baena, der im letzten Jahr Assists an Sorloth gegeben hat und dieses Jahr an Ayoze. Das ist sicher, Pepe ist starter und Thierno war heute sehr schwach, wir müssen ihm nach und nach Minuten geben, er ist nicht für die Startelf bereit.",NEUTRAL,-0.5,NEGATIVE,"The comment suggests that while Nico Pepe is a starter, the author believes he is not performing well ('no está para titular'), which reflects a negative sentiment towards Pepe's current form. Additionally, the focus is more on other players' performances.",0.633226215839386,POSITIVE,-0.296,NEGATIVE
ES_0116,ES,villarealcf,Ayoze Perez,@alviseperez,@alviseperez,NEUTRAL,0.0,NEUTRAL,"The comment '@alviseperez' does not provide any sentiment towards Ayoze Perez as there is no opinion, praise, or criticism expressed in the comment. It simply mentions a username that likely refers to Ayoze Perez.",0.39714816212654114,NEUTRAL,0.0,NEUTRAL
ES_0117,ES,villarealcf,Ilias Akhomach,"@iliasakhomach ¿Dónde está vuestro amante, chicas?","@iliasakhomach Wo ist euer Liebhaber, Mädels?",NEUTRAL,0.0,NEUTRAL,"The comment refers to Ilias Akhomach by mentioning his handle, but it does not express a positive or negative sentiment towards him. It seems to be playful or teasing in nature, making it neutral.",0.8083056211471558,NEUTRAL,0.0,NEUTRAL
ES_0118,ES,realsociedad,Martin Zubimendi,Medioker competition of @martin_zubimendi,Mediokre Konkurrenz von @martin_zubimendi,NEUTRAL,-1.0,NEGATIVE,"The comment uses the term 'medioker', which has a negative connotation implying that Martin Zubimendi is not performing well in competition. This clearly indicates a negative sentiment towards the player.",0.9009644389152527,NEGATIVE,0.0,NEUTRAL
ES_0119,ES,sevillafc,Dodi Lukebakio,——————Nyland—————- Badé  MarcaoCarmona  Pedrosa  Saúl  Gudelj   Suso  Lukebakio  Isaac  Ejuke,——————Nyland—————- Badé  MarcaoCarmona  Pedrosa  Saúl  Gudelj   Suso  Lukebakio  Isaac  Ejuke,NEUTRAL,0.0,NEUTRAL,The comment lists Dodi Lukebakio as part of a lineup but does not express any positive or negative sentiment towards him.,0.7894605398178101,NEUTRAL,0.0,NEUTRAL
ES_0120,ES,realsociedad,Takefusa Kubo,"Como siempre que hay parón, Kubo al banquillo...","Wie immer bei einer Pause, Kubo auf der Bank...",NEUTRAL,-0.5,NEGATIVE,"The comment expresses disappointment about Kubo being sidelined during a break ('Kubo al banquillo'), suggesting a negative sentiment towards his current situation or performance. The phrase indicates frustration rather than positive or neutral feelings.",0.577640950679779,NEUTRAL,0.0,NEUTRAL
ES_0121,ES,sevillafc,Valentin Barco,Barco y ejuke juegan al padel?,Spielen Barco und Ejuke Padel?,NEGATIVE,0.0,NEUTRAL,The comment is a neutral question about whether Barco and Ejuke play padel together. It does not express any positive or negative sentiment towards Barco.,0.6944493055343628,NEUTRAL,0.0,NEUTRAL
ES_0122,ES,sevillafc,Jesus Navas,"Cómo se te ocurre quitar a Lukebakio que es el que más peligro crea en la banda, seguir con Gudelj, Meter a nianzou, seguir con Carmona y dejar fuera a Colo? Y además de meter a Navas de EXTREMO. Yo no puedo más","Wie kommt ihr darauf, Lukebakio, der am meisten Gefahr auf der Außenbahn kreiert, rauszunehmen, Gudelj weiterspielen zu lassen, Nianzou reinzubringen, mit Carmona weiterzumachen und Colo außen vor zu lassen? Und außerdem Navas als EXTREMEN reinzubringen. Ich kann nicht mehr!",NEGATIVE,-1.0,NEGATIVE,"The comment expresses frustration with the coach's decisions and directly criticizes the choice to include Jesus Navas in the lineup, indicating that the commenter disagrees with this tactical choice.",0.8892011642456055,NEGATIVE,-0.296,NEGATIVE
ES_0123,ES,villarealcf,Dani Parejo,"Dani Parejo, fim de carreira 💩","Dani Parejo, Karriereende 💩",NEGATIVE,-1.0,NEGATIVE,"The comment explicitly states 'fim de carreira' (end of career) suggesting a negative view on Dani Parejo's current performance or status, and the use of the poop emoji 💩 reinforces this negative sentiment.",0.7693604826927185,NEGATIVE,0.0,NEUTRAL
ES_0124,ES,villarealcf,Raul Albiol,Raúl albiol andate a la cdtm,"Raúl Albiol, geh zur cdtm.",NEGATIVE,-1.0,NEGATIVE,"The comment 'Raúl albiol andate a la cdtm' expresses a negative sentiment towards Raul Albiol, as the phrase 'andate a la cdtm' translates to a derogatory remark in Spanish, indicating displeasure with the player.",0.8544702529907227,NEGATIVE,0.0,NEUTRAL
ES_0125,ES,realsociedad,Takefusa Kubo,"Pobre Oskarsson, siempre tiene que dejar Imanol a su niño mimado llamado Oyarzabal… ahh y que a Kubo no le ponga es de traca!! 😡🤬","Armer Oskarsson, immer muss Imanol sein verwöhntes Kind namens Oyarzabal sitzen lassen… ahh und dass er Kubo nicht aufstellt, das ist der Hammer!! 😡🤬",NEGATIVE,-1.0,NEGATIVE,"The comment expresses frustration towards the management of the team and implicitly blames Kubo by stating he should not be played. The tone is negative, with strong emotions conveyed through the use of angry emojis. Kubo is directly mentioned in a negative context, indicating dissatisfaction with his inclusion.",0.9506547451019287,NEGATIVE,-0.4184,NEGATIVE
ES_0126,ES,realsociedad,Igor Zubeldia,Hoy por hoy Pacheco es más que zubeldia 😂,Heute ist Pacheco mehr als Zubeldía 😂,NEGATIVE,-1.0,NEGATIVE,"The comment compares Zubeldia unfavorably to another player, Pacheco, indicating that the commenter believes Pacheco is better. The use of 'más que' (more than) reinforces this negative sentiment towards Zubeldia.",0.5354777574539185,NEGATIVE,0.4404,POSITIVE
ES_0127,ES,realsociedad,Alex Remiro,"Otra diferencia? Sergio Herrera dos paradones, Remiro dos recogidas de balón de dentro de la portería","Ein weiterer Unterschied? Sergio Herrera zwei Glanzparaden, Remiro zwei Ballannahmen aus dem Tor.",NEGATIVE,-1.0,NEGATIVE,"The comment compares Alex Remiro to Sergio Herrera, highlighting a perceived inadequacy in Remiro's performance (notably 'recogidas de balón de dentro de la portería' suggests mistakes or weaknesses), which implies a negative sentiment towards Remiro.",0.704085111618042,NEUTRAL,0.0,NEUTRAL
ES_0128,ES,villarealcf,Ilias Akhomach,"Hair Yamal>>>>> cardona,akhomach","Hair Yamal>>>>> cardona,akhomach",NEGATIVE,-1.0,NEGATIVE,"The comment compares Ilias Akhomach unfavorably to another player (Yamal), suggesting a sense of disapproval or disdain towards Akhomach. The emphasis on 'Hair Yamal' implies a preference over Akhomach, which contributes to the negative sentiment.",0.71792072057724,NEUTRAL,0.0,NEUTRAL
ES_0129,ES,realsociedad,Sheraldo Becker,"Partidazo de la real 💙🤍💙, eso sí los cambios muy muy flojos hoy Orri y Becker sobre todo","Tolle Partie der Real 💙🤍💙, die Wechsel waren heute jedoch sehr, sehr schwach, vor allem Orri und Becker.",NEGATIVE,-0.5,NEGATIVE,"The comment mentions Sheraldo Becker in a negative context, specifically criticizing his performance ('cambios muy muy flojos hoy Becker sobre todo'). The use of 'flojo' implies a lack of effectiveness.",0.805523157119751,NEGATIVE,0.6369,POSITIVE
ES_0130,ES,realsociedad,Mikel Oyarzabal,Imanol no sabe lo que hace. El mejor equipo con un entrenados desmotivado y sin recursos. Haciendo jugar a los jugadores fuera de sitio. Empeñado en hacer jugar a un Oyarzabal lento y en baja forma. Barrena una de cal y tres de arena,"Imanol weiß nicht, was er tut. Das beste Team mit einem demotivierten Trainer und ohne Ressourcen. Lassen die Spieler außerhalb ihrer Position spielen. Beharrt darauf, einen langsamen und formschwachen Oyarzabal spielen zu lassen. Eine von fünf und drei von schlechten.",NEGATIVE,-0.5,NEGATIVE,"The comment expresses disappointment towards the team's performance and specifically criticizes Mikel Oyarzabal, describing him as 'lento y en baja forma' (slow and out of form), which indicates a negative sentiment towards the player. The context implies that the commenter believes Oyarzabal is not performing well under the current management.",0.9423720836639404,NEGATIVE,-0.7003,NEGATIVE
ES_0131,ES,villarealcf,Diego Conde,"Ohh conde que "" grande "" se comió 5 del Barça🤣🥵🔴🔵","Ohh Conde, der ""Große"", hat 5 vom Barça gefressen🤣🥵🔴🔵",NEGATIVE,-1.0,NEGATIVE,"The comment refers to Diego Conde with a derogatory remark about him conceding 5 goals against Barcelona. The use of 'grande' in quotes suggests sarcasm, and the laughing emoji indicates mockery, leading to a negative sentiment towards the player.",0.5186144113540649,POSITIVE,0.4939,POSITIVE
ES_0132,ES,realsociedad,Brais Mendez,Substitute Brais Mendez he can't score goal today.....against Seville.😂😂😂😂😂😂😂😂He's back to back performance is awful,"Wechsel Brais Mendez, er kann heute kein Tor erzielen.....gegen Sevilla.😂😂😂😂😂😂😂😂Seine Leistungen nacheinander sind schrecklich.",NEGATIVE,-1.0,NEGATIVE,"The comment clearly expresses dissatisfaction with Brais Mendez's performance, specifically criticizing his inability to score and labeling his recent performances as awful. The use of laughing emojis suggests a mocking tone, reinforcing the negative sentiment.",0.9013526439666748,NEGATIVE,0.9371,POSITIVE
ES_0133,ES,villarealcf,Sergi Cardona,Lamine YAMAL is your father @sergiicardona,Lamine YAMAL ist dein Vater @sergiicardona,NEGATIVE,-1.0,NEGATIVE,"The comment implies a negative sentiment towards Sergi Cardona by stating that Lamine Yamal is his 'father', which can suggest superiority or mockery, indicating a lack of respect towards Cardona.",0.5543299913406372,NEUTRAL,0.0,NEUTRAL
ES_0134,ES,villarealcf,Logan Costa,Logan Costa tu és um caso sério,"Logan Costa, du bist ein ernsthaftes Thema.",NEGATIVE,1.0,POSITIVE,"The comment expresses admiration for Logan Costa, indicating a positive sentiment towards the player by stating 'tu és um caso sério' which translates to 'you are a serious case', implying he is impressive or noteworthy.",0.8531531691551208,NEGATIVE,0.0,NEUTRAL
ES_0135,ES,sevillafc,Kelechi Iheanacho,iheanacho no vale ni pa el filial a ver si nos enteramos,"Iheanacho ist nicht einmal für die zweite Mannschaft gut, mal sehen, ob wir das verstehen.",NEGATIVE,-1.0,NEGATIVE,"The comment expresses a strong opinion that Kelechi Iheanacho is not even worth playing for the reserves, which reflects a negative sentiment towards the player.",0.746010959148407,NEGATIVE,-0.296,NEGATIVE
ES_0136,ES,realsociedad,Nayef Aguerd,Ayer me ficharon a Aguerd y hoy a Zubeldia… estoy teniendo problemas serios :(,Gestern haben sie mir Aguerd geholt und heute Zubeldia… ich habe ernsthafte Probleme :(,NEGATIVE,-0.5,NEGATIVE,"The comment expresses frustration regarding the signing of Nayef Aguerd and implies dissatisfaction, as the fan mentions they are having serious problems related to this situation. While the comment mentions Aguerd directly, the overall sentiment is negative due to the context of the statement.",0.8779223561286926,NEGATIVE,-0.4404,NEGATIVE
ES_0137,ES,villarealcf,Nicolas Pepe,he is much better than pepe,Er ist viel besser als Pepe.,NEGATIVE,-1.0,NEGATIVE,"The comment explicitly states that the player in question is much better than Nicolas Pepe, implying a negative sentiment towards Pepe.",0.6175736784934998,POSITIVE,0.4404,POSITIVE
ES_0138,ES,sevillafc,Loic Bade,Bade sabe más tacos que toda Sevilla😂,Bade weiß mehr über Tacos als ganz Sevilla😂,NEGATIVE,0.5,POSITIVE,"The comment implies that Loic Bade is knowledgeable or skilled, using humor related to tacos, which has a lighthearted and positive connotation. The emoji suggests amusement and enjoyment.",0.5676279664039612,NEUTRAL,0.4404,POSITIVE
ES_0139,ES,villarealcf,Dani Parejo,"Cuando se juegan partidos como este, es más fácil culpar al rival o al árbitro. Pero los jugadores deben tener autocrítica y ver su juego. Hoy algunos estuvieron perdidos y apagados como Parejo, Baena y Barry. Dos puntos perdidos por no tener contundencia y hasta cuando aguantaremos a que explote Illias?","Wenn Spiele wie dieses stattfinden, ist es einfacher, den Gegner oder den Schiedsrichter zu beschuldigen. Aber die Spieler müssen Selbstkritik üben und ihr Spiel analysieren. Heute waren einige verloren und uninspiriert, wie Parejo, Baena und Barry. Zwei Punkte verloren, weil es an Durchschlagskraft mangelt, und wie lange müssen wir warten, bis Illias explodiert?",NEGATIVE,-0.5,NEGATIVE,"The comment criticizes Dani Parejo along with other players for their performance, indicating that he was 'perdido y apagado' (lost and turned off) in the match. This sentiment directly reflects a negative view of his performance.",0.9255883097648621,NEGATIVE,-0.296,NEGATIVE
ES_0140,ES,villarealcf,Raul Albiol,@raulalbiol33 espero que hoy no comentas ningún error de los que sueles cometer y fastidian al equipo,"@raulalbiol33 Ich hoffe, dass du heute keinen der Fehler machst, die du normalerweise machst und dem Team schaden.",NEGATIVE,-1.0,NEGATIVE,"The comment indicates that the user expects Raul Albiol to avoid making errors that negatively affect the team, suggesting a lack of confidence in his performance.",0.8647916913032532,NEGATIVE,-0.5994,NEGATIVE
ES_0141,ES,realsociedad,Takefusa Kubo,"Alguien sabe xq imanol se empeña en joderle a take kubo y a su vez a la real ?? Lo tiene de suplente , lo saca en la segunda parte y cuando Comienza la real, osease el propio kubo,  a  crear todas las ocasiones , va y le hace desaparecer cambiandole de banda!!! ... Ver para creer","Weiß jemand, warum Imanol darauf besteht, Take Kubo und gleichzeitig die Real zu schaden?? Er hat ihn als Ersatzspieler, bringt ihn in der zweiten Hälfte und wenn die Real anfängt, also Kubo selbst, alle Chancen zu kreieren, lässt er ihn verschwinden, indem er seine Seite wechselt!!! ... Man muss es gesehen haben, um es zu glauben.",NEGATIVE,-0.5,NEGATIVE,"The comment expresses frustration towards the coach Imanol for not utilizing Takefusa Kubo effectively. The use of 'joderle' (to mess with) indicates a negative sentiment towards the situation involving Kubo, suggesting dissatisfaction with how he is managed, which affects how fans perceive him.",0.8519787192344666,NEGATIVE,0.0,NEUTRAL
ES_0142,ES,realsociedad,Sheraldo Becker,"Gran delantero 👏👏👏 buen fichaje ,... Le puedes enseñar a sadiq a meter el balón en la portería y a Becker como se mete en casa y no sale","Großer Stürmer 👏👏👏 guter Transfer,... Du kannst Sadiq beibringen, den Ball ins Tor zu schießen und Becker, wie man nach Hause geht und nicht wieder rauskommt.",NEGATIVE,0.2,NEUTRAL,"The comment praises Becker as a 'buen fichaje' (good signing) and refers positively to him as a 'gran delantero' (great forward), which suggests some level of appreciation. However, it also contains an ambiguous comment that implies he might not be as effective as he should be ('y a Becker como se mete en casa y no sale'), rendering the overall sentiment somewhat mixed.",0.768660843372345,POSITIVE,-0.296,NEGATIVE
ES_0143,ES,realsociedad,Mikel Oyarzabal,"No me vuelvas a sacar a Sadiq y a Becker en un partido que perdemos 2-0, que me dan ganas de romper el televisor y oyarzabal en la banda está muy bien deja de ponerlo de falso 9 y saca a Oskarson y a Kubo a jugar todo el partido","Sieh zu, dass du mir Sadiq und Becker in einem Spiel, das wir 2-0 verlieren, nicht wieder rausnimmst, sonst habe ich Lust, den Fernseher zu zerbrechen. Oyarzabal auf der Außenbahn ist sehr gut, hör auf, ihn als falsche 9 zu spielen, und lass Oskarson und Kubo das ganze Spiel spielen.",NEGATIVE,0.0,NEUTRAL,"The comment discusses tactical decisions related to the team but does not express a clear positive or negative sentiment specifically about Mikel Oyarzabal. It mentions he plays well on the wing, but the overall tone focuses more on frustration with the lineup rather than a sentiment towards Oyarzabal himself.",0.8251257538795471,NEGATIVE,-0.296,NEGATIVE
ES_0144,ES,villarealcf,Sergi Cardona,Vender a Cardona por favor,Bitte verkauft Cardona.,NEGATIVE,-1.0,NEGATIVE,"The comment expresses a desire to sell Cardona, indicating a negative sentiment towards him.",0.49867090582847595,NEGATIVE,0.4019,POSITIVE
ES_0145,ES,sevillafc,Kelechi Iheanacho,Por dios Iheanacho fuera ya,"Bei Gott, Iheanacho raus jetzt!",NEGATIVE,-1.0,NEGATIVE,"The comment expresses a strong negative sentiment towards Kelechi Iheanacho, indicated by 'fuera ya' which translates to 'out already'. This suggests the commenter wants him to leave or be removed, reflecting dissatisfaction.",0.8858087658882141,NEGATIVE,0.0,NEUTRAL
ES_0146,ES,villarealcf,Nicolas Pepe,He must start the match pepe is nothing better than him,"Er muss das Spiel beginnen, Pepe ist nichts besser als er.",NEGATIVE,0.5,POSITIVE,"The comment suggests that Nicolas Pepe should be a starter, indicating some level of support for him, especially as it contrasts with another player. The phrase 'nothing better than him' shows a positive viewpoint about Pepe compared to others.",0.36005446314811707,NEGATIVE,-0.3412,NEGATIVE
ES_0147,ES,villarealcf,Raul Albiol,albiol que se valla a criar los nietos,Albiol soll sich um die Enkel kümmern.,NEGATIVE,-1.0,NEGATIVE,"The comment expresses a negative sentiment towards Raul Albiol, suggesting he should go away to raise his grandchildren, indicating discontent with his current performance or presence.",0.7280960083007812,NEGATIVE,0.0,NEUTRAL
ES_0148,ES,realsociedad,Takefusa Kubo,"Oyarzabal banda izquierda y kubo en la derecha. No hay más. Que manera de joder los partidos. Imanol haces cosas que no entiende nadie. Total para sacar ahora a kubo en la derecha, sacar del equipo a barrene y poner a Oyarzabal en la izquierda. Conclusión. Hemos perdido el primer tiempo x tu capricho. Te tiras piedras en tu propio tejado","Oyarzabal links und Kubo rechts. Es gibt nichts anderes. Was für eine Art, die Spiele zu vermasseln. Imanol, du machst Sachen, die niemand versteht. Total, um jetzt Kubo rechts rauszunehmen, Barrene aus dem Team zu nehmen und Oyarzabal links zu stellen. Schlussfolgerung. Wir haben die erste Halbzeit wegen deines eigenen Willens verloren. Du wirfst Steine auf dein eigenes Dach.",NEGATIVE,-1.0,NEGATIVE,"The comment criticizes the player's positioning and the coach's decisions regarding Kubo and other players. The phrase 'que manera de joder los partidos' indicates frustration, and the mention of Kubo's placement and the overall negative tone reflects dissatisfaction towards him.",0.9226787686347961,NEGATIVE,-0.5267,NEGATIVE
ES_0149,ES,realsociedad,Mikel Oyarzabal,"Una pregunta en el contrato de Oyarzabal, tiene alguna cláusula que pone que tiene que jugar si o si?","Eine Frage im Vertrag von Oyarzabal, gibt es eine Klausel, die besagt, dass er unbedingt spielen muss?",NEGATIVE,0.0,NEUTRAL,The comment inquires about Oyarzabal's contract and whether there is a clause that guarantees playing time. It does not express a positive or negative opinion about the player. It is neutral as it is a question rather than a statement of sentiment.,0.8674030303955078,NEUTRAL,0.0,NEUTRAL
ES_0150,ES,villarealcf,Sergi Cardona,Cardona payasoollll,Cardona payasoollll,NEGATIVE,-1.0,NEGATIVE,"The use of 'payasoollll' (a term implying foolishness or clownishness) suggests a negative sentiment towards Sergi Cardona, indicating that the commenter does not hold him in a positive light.",0.5692075490951538,NEGATIVE,0.0,NEUTRAL
ES_0151,ES,sevillafc,Kelechi Iheanacho,"Con Iheanacho somos 10, deja de ponerlo ya Pimienta hijo","Mit Iheanacho sind wir 10, hör auf, ihn schon wieder aufzustellen, Pimienta, du Sohn.",NEGATIVE,-0.5,NEGATIVE,"The comment expresses a negative sentiment towards Kelechi Iheanacho by suggesting that the presence of Iheanacho on the field is detrimental ('somos 10' translates to 'we are 10', implying that having him is like playing with one less player). The use of 'deja de ponerlo' ('stop putting him on') further emphasizes the negative view regarding his performance.",0.8046870827674866,NEGATIVE,0.0,NEUTRAL
ES_0152,ES,villarealcf,Nicolas Pepe,Nicolás Pepe juega derogado o que falla ocasiones claras y se ríe como si nada 🤦🏾‍♂️ un partido que debería haber sido sentenciado antes de el 80,"Nicolás Pepe spielt wie ein Gespenst oder verpasst klare Chancen und lacht, als wäre nichts 🤦🏾‍♂️ ein Spiel, das vor der 80. Minute hätte entschieden werden müssen.",NEGATIVE,-1.0,NEGATIVE,"The comment criticizes Nicolás Pepe for missing clear chances and suggests he is not taking the game seriously, as indicated by the tone and the use of the emoji. The phrase 'falla ocasiones claras' (misses clear chances) directly points to his performance negatively.",0.9276569485664368,NEGATIVE,0.0,NEUTRAL
ES_0153,ES,villarealcf,Raul Albiol,La culpa es total de albiol jugador con experiencia comete una falta infantil,"Die Schuld liegt ganz bei Albiol, einem erfahrenen Spieler, der ein kindisches Foul begeht.",NEGATIVE,-1.0,NEGATIVE,"The comment directly blames Raul Albiol for a mistake, describing it as a 'infantil' (childish) foul, which expresses a negative sentiment towards the player.",0.935351550579071,NEGATIVE,0.0,NEUTRAL
ES_0154,ES,realsociedad,Takefusa Kubo,"It seems that Kubo is becoming a player who doesn't have a presence in Real Sociedad. The media criticized Kubo's performance, but the Japanese football fans were very angry🤔🤔🤔🤷🤷🤷🇯🇵🇯🇵🇯🇵","Es scheint, dass Kubo ein Spieler wird, der in der Real Sociedad keine Präsenz hat. Die Medien kritisierten Kubos Leistung, aber die japanischen Fußballfans waren sehr wütend🤔🤔🤔🤷🤷🤷🇯🇵🇯🇵🇯🇵",NEGATIVE,-0.5,NEGATIVE,"The comment indicates that Kubo is perceived as lacking presence at Real Sociedad, which is a negative assessment. The mention of media criticism adds to this negativity, although it acknowledges the support from Japanese football fans, which might mitigate the negativity slightly.",0.8664620518684387,NEGATIVE,-0.7677,NEGATIVE
ES_0155,ES,realsociedad,Mikel Oyarzabal,"No damos pie con bola, pases muy malos,no damos un centro en condiciones y cuando hay uno bueno no hay nadie para rematar, Oyarzabal no se que cojones hace en una banda que no es la de el,cambios que no sirven de nada y para colmo perdiendo 0-2 sacas a odriozola, los cornes los sacamos al primer palo de pena y casi ni llegamos, imanol ya tiene que irse antes de que sea peor","Wir schaffen es nicht, wir haben sehr schlechte Pässe, wir bringen keinen anständigen Ball in die Mitte und wenn einer gut ist, ist niemand da, um abzuschließen. Oyarzabal, ich weiß nicht, was er in einer anderen Position macht, die nicht seine ist, Wechsel, die nichts bringen und obendrein verlieren wir 0-2 und bringen Odriozola, die Ecken schlagen wir zum ersten Pfosten schlecht und kommen fast nicht hin, Imanol muss gehen, bevor es schlimmer wird.",NEGATIVE,-0.8,NEGATIVE,"The comment expresses strong dissatisfaction with the team's performance, explicitly criticizing Oyarzabal for being in a position that the commenter believes is not suitable for him. The negative language used, such as 'no se que cojones hace', indicates frustration rather than support, resulting in a clearly negative sentiment towards Oyarzabal.",0.9196335077285767,NEGATIVE,-0.8402,NEGATIVE
ES_0156,ES,villarealcf,Sergi Cardona,@villarrealcf if your club have values suspend those 2 players one is @sergiicardona,"@villarrealcf Wenn euer Verein Werte hat, dann sperrt diese 2 Spieler, einer ist @sergiicardona.",NEGATIVE,-1.0,NEGATIVE,"The comment suggests that Sergi Cardona should be suspended, indicating a negative sentiment towards him.",0.597456157207489,NEGATIVE,0.1027,POSITIVE
ES_0157,ES,sevillafc,Kelechi Iheanacho,Qué tengo que hacer para que no me toque la camiseta de Iheanacho?,"Was muss ich tun, damit ich nicht das Trikot von Iheanacho bekomme?",NEGATIVE,-1.0,NEGATIVE,"The comment expresses a desire to avoid receiving Kelechi Iheanacho's jersey, implying a negative sentiment towards him.",0.7321953773498535,NEGATIVE,-0.296,NEGATIVE
ES_0158,ES,villarealcf,Raul Albiol,Albiol jubilate,Albiol jubelt,NEGATIVE,0.5,POSITIVE,"The comment contains the word 'jubilate', which implies a sense of celebration or joy associated with Albiol. This indicates a positive sentiment towards him.",0.33823034167289734,NEUTRAL,0.0,NEUTRAL
ES_0159,ES,realsociedad,Takefusa Kubo,"Imanol todo mal desde hace mucho y mira que nos ha hecho disfrutar no hace tanto. Pero lleva desde la segunda vuelta del año pasado mal. Y hoy fatal, se nota que el equipo no esta entrenado, no se cuantos corners y ni una estrategia, se empeña en meter a Oyarzabal con calzador, cuando mejor estaba kubo lo cambia de banda y desaparece, cambios hombre por hombre... si realmente quiere lo mejor para la Real tiene que dejar paso a otro entrenador que revolucione el equipo y me sabe mal decir todo esto de un entrenador que nos ha dado tanto...","Imanol macht seit langem alles falsch, und dabei hat er uns vor nicht allzu langer Zeit Freude bereitet. Aber seit der Rückrunde des letzten Jahres läuft es schlecht. Und heute war es furchtbar, man merkt, dass die Mannschaft nicht trainiert ist, ich weiß nicht, wie viele Ecken und keine Strategie, er besteht darauf, Oyarzabal mit Gewalt reinzubringen, wenn Kubo besser spielt, wechselt er die Seite und verschwindet, es sind nur Wechsel von Mann zu Mann... Wenn er wirklich das Beste für die Real will, muss er einem anderen Trainer Platz machen, der das Team revolutioniert, und es tut mir leid, all das über einen Trainer zu sagen, der uns so viel gegeben hat...",NEGATIVE,-0.5,NEGATIVE,"The comment mainly criticizes the coach, Imanol, and discusses the team's performance. While Takefusa Kubo is mentioned, the sentiment towards him is negative because it implies he was negatively affected by the coach's decisions (e.g., changing him to a less effective position). Kubo's performance is noted but in the context of criticism of the overall coaching strategy.",0.8950111269950867,NEGATIVE,-0.6486,NEGATIVE
ES_0160,ES,realsociedad,Mikel Oyarzabal,Qué coño hace oyarzabala jajajaj yo le quiero mucho pero la temporada hasta el último partido estaba siendo terrible,"Was zum Teufel macht Oyarzabal jajajaj ich mag ihn sehr, aber die Saison bis zum letzten Spiel war schrecklich.",NEGATIVE,-0.5,NEGATIVE,"The comment expresses a concern about Mikel Oyarzabal's performance, describing the season as 'terrible' despite the author's affection for the player. The use of 'terrible' and the frustration indicated by 'Qué coño hace' suggests a negative sentiment towards his recent play.",0.737758994102478,NEGATIVE,-0.4767,NEGATIVE
ES_0161,ES,villarealcf,Sergi Cardona,"Pues debería darles vergüenza la agresión de Sergi Cardona a Yamal, ninguna cabeza en alto, solo vergüenza","Es sollte ihnen peinlich sein, die Aggression von Sergi Cardona gegen Yamal, keine erhobenen Köpfe, nur Scham.",NEGATIVE,-1.0,NEGATIVE,"The comment explicitly criticizes Sergi Cardona for his aggression, expressing feelings of shame. The language used indicates a strong negative sentiment towards the player.",0.9579627513885498,NEGATIVE,0.0,NEUTRAL
ES_0162,ES,villarealcf,Raul Albiol,Albiol retirate ya por favor,"Albiol, zieh dich bitte einfach zurück.",NEGATIVE,-1.0,NEGATIVE,"The comment 'Albiol retirate ya por favor' translates to 'Albiol please retire already,' which expresses a negative sentiment towards Raul Albiol, indicating that the commenter believes he should stop playing.",0.7965142130851746,NEGATIVE,0.4019,POSITIVE
ES_0163,ES,realsociedad,Takefusa Kubo,Well…🤔 The performance looked better without Kubo in the last game against Girona.🤔🤔🤔,Nun...🤔 Die Leistung sah ohne Kubo im letzten Spiel gegen Girona besser aus.🤔🤔🤔,NEGATIVE,-1.0,NEGATIVE,"The comment indicates that the performance of the team improved in the absence of Kubo, suggesting a negative sentiment towards his impact.",0.4724622666835785,NEUTRAL,0.4404,POSITIVE
ES_0164,ES,realsociedad,Mikel Oyarzabal,"Pobre Oskarsson, siempre tiene que dejar Imanol a su niño mimado llamado Oyarzabal… ahh y que a Kubo no le ponga es de traca!! 😡🤬","Armer Oskarsson, immer muss Imanol seinen verwöhnten Jungen Oyarzabal draußen lassen… ahh und dass er Kubo nicht spielt, ist der Wahnsinn!! 😡🤬",NEGATIVE,-1.0,NEGATIVE,"The comment expresses frustration towards Oyarzabal, calling him a 'niño mimado' (spoiled child) and suggesting that he is favored by the coach Imanol. The use of angry emojis also indicates a negative sentiment.",0.9506547451019287,NEGATIVE,-0.4184,NEGATIVE
ES_0165,ES,villarealcf,Sergi Cardona,@sergiicardona 🥴can't play for sh!t lmao you should play WWE instead 😂,@sergiicardona 🥴kann nicht für den Müll spielen lmao du solltest stattdessen WWE spielen 😂,NEGATIVE,-1.0,NEGATIVE,"The comment expresses a strong negative sentiment towards Sergi Cardona, stating he can't play well and suggesting he should pursue a different sport (WWE) instead. The use of derogatory language ('sh!t') reinforces the negativity.",0.5306054353713989,NEGATIVE,0.8154,POSITIVE
ES_0166,ES,villarealcf,Raul Albiol,Albiol was the oldest man in that game yet he did what a teenage boy is even ashamed to do it,"Albiol war der älteste Mann in diesem Spiel, doch er tat das, wofür sich ein Teenager sogar schämen würde.",NEGATIVE,-1.0,NEGATIVE,"The comment refers to Albiol's performance in a negative light, suggesting he acted in a way that is embarrassing for a younger player. This indicates criticism rather than support.",0.7127881646156311,NEGATIVE,-0.4767,NEGATIVE
ES_0167,ES,realsociedad,Mikel Oyarzabal,"Así se juega al fútbol...👏, por otra parte Oyarzabal de 9 es niño absolutamente","So spielt man Fußball...👏, übrigens ist Oyarzabal als Neuner absolut ein Kind",NEGATIVE,-0.5,NEGATIVE,The comment expresses a negative sentiment towards Oyarzabal by stating he is 'absolutamente niño' (absolutely a child) when playing as a striker ('de 9'). The first part of the comment is positive about playing football in general but does not refer to Oyarzabal.,0.64016193151474,POSITIVE,0.0,NEUTRAL
ES_0168,ES,villarealcf,Raul Albiol,"@raulalbiol33  Ya terminaste, viejo","@raulalbiol33 Du bist fertig, Alte.",NEGATIVE,-1.0,NEGATIVE,"The comment 'Ya terminaste, viejo' translates to 'You are finished, old man,' which is a derogatory remark implying that Raul Albiol's career is over or that he is past his prime. This indicates a negative sentiment towards the player.",0.5783957839012146,NEGATIVE,0.0,NEUTRAL
ES_0169,ES,realsociedad,Mikel Oyarzabal,Oyarzabal en banda es otro futbolista IMANOL!!!!! 😡🤬,Oyarzabal auf der Bande ist ein anderer Fußballer IMANOL!!!!! 😡🤬,NEGATIVE,-1.0,NEGATIVE,"The comment expresses frustration with Mikel Oyarzabal's performance, suggesting that he plays poorly on the wing ('en banda') and the use of angry emojis indicates strong negative emotions towards him.",0.9381884932518005,NEGATIVE,0.0,NEUTRAL
ES_0170,ES,villarealcf,Raul Albiol,Please let R.Albiol play striker he will play better than Barry 👎,"Bitte lass R.Albiol Stürmer spielen, er wird besser spielen als Barry 👎",NEGATIVE,-0.5,NEGATIVE,"The comment expresses a negative sentiment towards Raul Albiol's current playing position, suggesting he should be a striker instead and implying that he is inferior to another player, Barry. The thumbs down emoji also indicates disapproval.",0.5853704810142517,NEGATIVE,0.8402,POSITIVE
ES_0171,ES,realsociedad,Mikel Oyarzabal,"Imanol todo mal desde hace mucho y mira que nos ha hecho disfrutar no hace tanto. Pero lleva desde la segunda vuelta del año pasado mal. Y hoy fatal, se nota que el equipo no esta entrenado, no se cuantos corners y ni una estrategia, se empeña en meter a Oyarzabal con calzador, cuando mejor estaba kubo lo cambia de banda y desaparece, cambios hombre por hombre... si realmente quiere lo mejor para la Real tiene que dejar paso a otro entrenador que revolucione el equipo y me sabe mal decir todo esto de un entrenador que nos ha dado tanto...","Imanol macht seit langer Zeit alles schlecht und schau, wie viel Freude er uns nicht so lange geleden bereitet hat. Aber seit der Rückrunde des letzten Jahres läuft es schlecht. Und heute war es katastrophal, man merkt, dass das Team nicht trainiert ist, ich weiß nicht wie viele Ecken und keine Strategie, er besteht darauf, Oyarzabal mit Gewalt reinzubringen, wenn Kubo am besten spielt, wechselt er die Seite und verschwindet, Wechsel 1:1... Wenn er wirklich das Beste für die Real will, muss er einem anderen Trainer Platz machen, der das Team revolutioniert und es tut mir leid, das alles über einen Trainer zu sagen, der uns so viel gegeben hat...",NEGATIVE,-0.5,NEGATIVE,"The comment expresses frustration with the current performance of the coach, Imanol, and indirectly criticizes the way Oyarzabal is being used in the team. While there is significant focus on the coach's decisions, Oyarzabal is mentioned in a negative context, suggesting he is being mismanaged. Thus, the sentiment towards Oyarzabal is negative.",0.8950111269950867,NEGATIVE,-0.6486,NEGATIVE
ES_0172,ES,villarealcf,Raul Albiol,Albiol última temporada gracias,Albiol letzte Saison danke,NEGATIVE,0.0,NEUTRAL,"The comment mentions Raul Albiol but does not express a clear opinion or feeling towards him. It simply states 'Albiol última temporada gracias' which translates to 'Albiol last season thank you,' but lacks sentiment.",0.7779398560523987,POSITIVE,0.0,NEUTRAL
ES_0173,ES,realsociedad,Mikel Oyarzabal,Vas perdiendo 0-2 y envede cambiar al oyarzabal que no ha echo nada desde que volvió de la lesión quitas al único delantero Imanol out,"Du verlierst 0-2 und anstatt Oyarzabal, der seit seiner Rückkehr von der Verletzung nichts gemacht hat, auszuwechseln, nimmst du den einzigen Stürmer raus. Imanol raus.",NEGATIVE,-1.0,NEGATIVE,"The comment expresses frustration with Mikel Oyarzabal's performance, stating he hasn't done anything since returning from injury. The use of 'no ha echo nada' indicates a strong negative sentiment towards Oyarzabal.",0.8540641665458679,NEGATIVE,-0.2584,NEGATIVE
ES_0174,ES,villarealcf,Raul Albiol,Albiol 🤬🤬🤬🤬🤬🤬🤬,Albiol 🤬🤬🤬🤬🤬🤬🤬,NEGATIVE,-1.0,NEGATIVE,"The comment expresses strong negative emotions towards Raul Albiol, indicated by the use of multiple anger emojis (🤬). This suggests discontent or frustration with the player.",0.42854171991348267,NEUTRAL,0.0,NEUTRAL
ES_0175,ES,realsociedad,Mikel Oyarzabal,Que sigan aplaudiendo a oyarzabal así nos va.... Habría que silbar tanto a él como al imanol,"Dass sie weiter Oyarzabal applaudieren, so geht es uns.... Man sollte sowohl ihm als auch Imanol pfeifen.",NEGATIVE,-1.0,NEGATIVE,"The comment expresses frustration towards Oyarzabal, suggesting that the fans should stop applauding him and instead boo him, indicating a negative sentiment towards the player.",0.7391091585159302,NEGATIVE,0.0,NEUTRAL
ES_0176,ES,villarealcf,Raul Albiol,"Hasta cuando Raúl Albiol? Casi nos deja con uno menos en la primera parte, y por su culpa no hemos ganado","Bis wann Raúl Albiol? Er hat uns fast in der ersten Halbzeit mit einem Spieler weniger gelassen, und wegen ihm haben wir nicht gewonnen.",NEGATIVE,-1.0,NEGATIVE,"The comment expresses frustration and disappointment towards Raúl Albiol, suggesting that his performance had a negative impact on the game, indicating that he is to blame for not winning.",0.901055634021759,NEGATIVE,-0.296,NEGATIVE
ES_0177,ES,realsociedad,Mikel Oyarzabal,El equipo no sabe a que juega y el entrenador no se entera por donde le da el aire. No sabe utilizar al delantero centro y se empeña en poner a un Oyarzabal lento y en horas bajas. Además estazempeñado en que todos los jugadores jueguen fuera de sitio. Así no hay manera.,"Die Mannschaft weiß nicht, was sie spielt, und der Trainer hat keinen Plan. Er weiß nicht, wie man den Mittelstürmer einsetzt und besteht darauf, einen langsamen und formschwachen Oyarzabal aufzustellen. Außerdem besteht er darauf, dass alle Spieler außer ihrer Position spielen. So geht das nicht.",NEGATIVE,-0.7,NEGATIVE,"The comment criticizes the team's performance and specifically mentions Mikel Oyarzabal in a negative light, describing him as 'lento' (slow) and 'en horas bajas' (in poor form). This indicates a strong negative sentiment towards Oyarzabal's current contributions to the team.",0.9089345932006836,NEGATIVE,-0.7783,NEGATIVE
ES_0178,ES,villarealcf,Raul Albiol,Albiol 💩🤡💩🤡💩🤡🤡💩🤡💩💩💩💩🤡💩🤡💩💩,Albiol 💩🤡💩🤡💩🤡🤡💩🤡💩💩💩💩🤡💩🤡💩💩,NEGATIVE,-1.0,NEGATIVE,The comment uses multiple negative emojis (💩 and 🤡) which convey a strong negative sentiment towards Raul Albiol.,0.5586435794830322,NEUTRAL,0.0,NEUTRAL
ES_0179,ES,villarealcf,Raul Albiol,El nivel futbolístico de varios jugadores deja mucho que desear.. Barry no debería ser titular y Albiol ya no debería jugar más,Das fußballerische Niveau mehrerer Spieler lässt viel zu wünschen übrig.. Barry sollte nicht in der Startelf stehen und Albiol sollte nicht mehr spielen.,NEGATIVE,-1.0,NEGATIVE,"The comment explicitly states that Albiol should not play anymore, indicating a strong negative sentiment towards him. The reference to Albiol is clear in the context.",0.8548345565795898,NEGATIVE,-0.5267,NEGATIVE
ES_0180,ES,villarealcf,Raul Albiol,Albiol regala el penal,Albiol verschenkt den Elfmeter.,NEGATIVE,-1.0,NEGATIVE,"The comment implies that Raul Albiol gave away a penalty, using the word 'regala' which means 'gives away' or 'gifts'. This suggests a criticism of his performance.",0.6213041543960571,POSITIVE,0.0,NEUTRAL
FR_0002,FR,rclens,David Pereira Da Costa,La future équipe type sur le terrain pour les 5 dernières minutes. Sans oublier Da Costa qui a vraiment fait un gros match.,"Die zukünftige Standardmannschaft auf dem Platz für die letzten 5 Minuten. Vergessen wir nicht Da Costa, der wirklich ein starkes Spiel gemacht hat.",POSITIVE,1.0,POSITIVE,"The comment praises Da Costa for having a great match, indicating a positive sentiment towards him.",0.928844153881073,POSITIVE,0.0,NEUTRAL
FR_0003,FR,lille,Jonathan David,"david, prolonge 🙏🏻","David, verlängere 🙏🏻",POSITIVE,1.0,POSITIVE,"The comment expresses a positive sentiment towards Jonathan David by using the word 'prolonge' which suggests a desire for him to extend his contract or stay at the club. The emoji 🙏🏻 adds to the positive tone, indicating hope or appreciation.",0.5236775279045105,POSITIVE,0.0,NEUTRAL
FR_0004,FR,staderennesfc,Steve Mandanda,Mandanda enfin dehors 👏,Mandanda endlich draußen 👏,POSITIVE,-1.0,NEGATIVE,"The comment expresses relief or satisfaction at Mandanda's departure ('enfin dehors'), indicating a negative sentiment towards him.",0.7585433721542358,POSITIVE,0.0,NEUTRAL
FR_0005,FR,staderennesfc,Glen Kamara,"Notre milieu il est solide maintenant avec ces Gaillards, Matusiwa, Glen Kamara, Santamaria... des bûcherons ! Mais le problème on en revient toujours, la DÉFENSE !!!! Alors annonce Fabricio Bruno !!😮😮","Unser Mittelfeld ist jetzt solide mit diesen Gaillards, Matusiwa, Glen Kamara, Santamaria... echte Holzfäller! Aber das Problem, das immer wiederkommt, ist die VERTEIDIGUNG !!!! Also, kündige Fabricio Bruno an !!😮😮",POSITIVE,0.0,NEUTRAL,"The comment mentions Glen Kamara positively in the context of being a solid midfielder alongside other players, but the overall focus is on the defense issue and does not express a strong sentiment towards Kamara himself.",0.5622398853302002,NEGATIVE,0.0,NEUTRAL
FR_0006,FR,staderennesfc,Baptiste Santamaria,J’étais au stade. Il est entré en fin de match. Meilleur que l’a été le titulaire. Comme Santamaria,Ich war im Stadion. Er kam am Ende des Spiels rein. Besser als der Stammspieler. Wie Santamaria.,POSITIVE,0.5,POSITIVE,The comment expresses a positive sentiment towards Baptiste Santamaria by stating he was better than the starting player. The reference 'Comme Santamaria' further emphasizes admiration for him.,0.844367265701294,POSITIVE,0.0,NEUTRAL
FR_0007,FR,lille,Edon Zhegrova,zhegrova such a good player 🔥🔥🔥,Zhegrova ist so ein guter Spieler 🔥🔥🔥,POSITIVE,1.0,POSITIVE,"The comment clearly praises Edon Zhegrova, referring to him as 'such a good player' and includes positive emojis (🔥🔥🔥), indicating strong support and admiration for him.",0.8449637293815613,POSITIVE,-0.5106,NEGATIVE
FR_0008,FR,lille,Bafode Diakite,Prolonger également @_lc30_ et @edonzhegrova10 et @bafode_diakite et @jodavid et @osamesahraoui et on sera bon !!!!!!,Verlängert auch @_lc30_ und @edonzhegrova10 und @bafode_diakite und @jodavid und @osamesahraoui und wir sind gut!!! ✌️🔥,POSITIVE,0.0,NEUTRAL,"The comment mentions Bafode Diakite as part of a list of players to be extended, but it does not express a clear positive or negative sentiment towards him specifically. The overall tone is neutral and more focused on the suggestion to extend contracts.",0.5002773404121399,POSITIVE,0.0,NEUTRAL
FR_0009,FR,lille,Lucas Chevalier,Ouah la doublette maignan chevalier la dinguerie,"Ouah, die Doppelpack Maignan Chevalier, das ist verrückt!",POSITIVE,0.0,NEUTRAL,"The comment mentions 'Chevalier' but does not express a definitive sentiment towards Lucas Chevalier. It refers to a combination ('doublette') with 'Maignan', indicating excitement but not directly positive or negative about Chevalier specifically.",0.489221453666687,POSITIVE,0.0,NEUTRAL
FR_0010,FR,rclens,Facundo Medina,Medina>>>>>>>>>>>pana,Medina>>>>>>>>>>>pana,POSITIVE,1.0,POSITIVE,The comment shows a clear preference for Medina over another player or entity referred to as 'pana'. The use of multiple '>' symbols indicates a strong positive sentiment toward Medina.,0.7026968598365784,NEUTRAL,0.0,NEUTRAL
FR_0011,FR,rclens,Neil El Aynaoui,revoir aynaoui ça fait du bien,Revoir Aynaoui tut gut.,POSITIVE,1.0,POSITIVE,The comment expresses a positive sentiment towards Neil El Aynaoui by stating that seeing him (revoir Aynaoui) brings joy ('ça fait du bien'). This indicates a favorable view of the player.,0.929859459400177,POSITIVE,0.0,NEUTRAL
FR_0012,FR,rclens,Kevin Danso,Défense abdukodir-Danso : trop fort ! Surtout gardez Khusanov le plus longtemps possible : enfin titulaire ! 👏,Abdukodir-Danso Verteidigung: viel zu stark! Behaltet Khusanov so lange wie möglich: endlich Startelf! 👏,POSITIVE,1.0,POSITIVE,"The comment praises Kevin Danso by referring to him as 'trop fort' (too strong), which indicates a positive sentiment towards his defensive abilities. The mention of keeping another player, Khusanov, as a starter is separate and does not detract from the positive sentiment towards Danso.",0.8853552937507629,POSITIVE,0.0,NEUTRAL
FR_0013,FR,lille,Ayyoub Bouaddi,@ay.bouaddi 💚❤️🇲🇦,@ay.bouaddi 💚❤️🇲🇦,POSITIVE,1.0,POSITIVE,"The comment includes two heart emojis and a national flag emoji, indicating a positive sentiment towards Ayyoub Bouaddi. The mention of the player's handle suggests admiration and support.",0.565673291683197,POSITIVE,0.6369,POSITIVE
FR_0014,FR,rclens,Andy Diouf,Mérité continue @diouf_andy on sera la pour te pousser,"Verdient, weiter so @diouf_andy, wir werden da sein, um dich zu unterstützen!",POSITIVE,1.0,POSITIVE,"The comment expresses support for Andy Diouf, indicated by the phrase 'on sera la pour te pousser' which means 'we will be here to push you.' The use of '@diouf_andy' directly references the player, showing engagement and encouragement.",0.8619500398635864,POSITIVE,0.0,NEUTRAL
FR_0015,FR,staderennesfc,Christopher Wooh,Wooh donne une leçon de défense,Wooh gibt eine Lektion in Verteidigung.,POSITIVE,1.0,POSITIVE,"The comment praises Christopher Wooh by stating that he gives a lesson in defense, which is a positive remark about his skills.",0.5737955570220947,POSITIVE,0.0,NEUTRAL
FR_0016,FR,staderennesfc,Lorenz Assignon,Le def de Montpellier ne court même pas pour contrer Assignon 😮,"Der Verteidiger von Montpellier läuft nicht einmal, um Assignon entgegenzuwirken 😮",POSITIVE,1.0,POSITIVE,"The comment highlights that the defender from Montpellier is not even trying to counter Lorenz Assignon, implying that Assignon's performance is impressive and dominant. The emoji also suggests surprise or admiration towards Assignon.",0.4813607335090637,NEGATIVE,0.0,NEUTRAL
FR_0017,FR,rclens,Deiver Machado,Machado 🇨🇴❤️👊💛,Machado 🇨🇴❤️👊💛,POSITIVE,1.0,POSITIVE,"The comment mentions 'Machado' along with Colombia's flag and heart emojis, expressing love and support for Deiver Machado.",0.6184114813804626,POSITIVE,0.6369,POSITIVE
FR_0018,FR,rclens,Przemyslaw Frankowski,Toujours aussi fort continue comme sa frankowski 🔥🙌,"Immer noch so stark, mach weiter so, Frankowski 🔥🙌",POSITIVE,1.0,POSITIVE,"The comment expresses encouragement and praise towards Przemyslaw Frankowski, suggesting he is strong and should continue his performance. The use of emojis (🔥🙌) further underscores the positive sentiment.",0.8897808194160461,POSITIVE,-0.34,NEGATIVE
FR_0019,FR,rclens,Remy Labeau Lascary,Bravo Rémi labeau lascary tu nous à fait vibrer sur ton but 💪💯❤️💛,"Bravo Rémi labeau lascary, du hast uns mit deinem Tor zum Beben gebracht 💪💯❤️💛",POSITIVE,1.0,POSITIVE,"The comment expresses excitement and admiration towards Rémi Labeau Lascary for scoring a goal, indicated by phrases like 'tu nous à fait vibrer sur ton but' and supported by positive emojis such as 💪, 💯, ❤️, and 💛.",0.9420644044876099,POSITIVE,0.7783,POSITIVE
FR_0020,FR,rclens,Brice Samba,@brice_samba1 🤩💙,@brice_samba1 🤩💙,POSITIVE,1.0,POSITIVE,"The comment expresses enthusiasm and admiration for Brice Samba, indicated by the use of the star-struck emoji (🤩) and the blue heart emoji (💙), which suggests a strong positive sentiment towards the player.",0.7079172134399414,POSITIVE,0.6369,POSITIVE
FR_0021,FR,staderennesfc,Alidu Seidu,Le rock Seidu,Der Rock Seidu,POSITIVE,0.0,NEUTRAL,"The comment uses a nickname 'Le rock' for Alidu Seidu, but it does not express any clear positive or negative sentiment towards him. The reference is vague and does not provide context for evaluating sentiment.",0.49349281191825867,NEUTRAL,0.0,NEUTRAL
FR_0022,FR,staderennesfc,Amine Gouiri,Gouiri buteur avec @lesverts.faf,Gouiri Torschütze mit @lesverts.faf,POSITIVE,1.0,POSITIVE,"The comment mentions Gouiri in a positive context, referring to him as a 'buteur' which means 'scorer.' This implies that he is performing well, thus reflecting a positive sentiment towards him.",0.8258531093597412,POSITIVE,0.0,NEUTRAL
FR_0023,FR,staderennesfc,Adrien Truffert,Truffert encore un pilier du stade rennais et pourtant il peut viser très haut ❤️🖤,Truffert ist wieder ein Pfeiler des Stade Rennais und trotzdem kann er sehr hoch zielen ❤️🖤,POSITIVE,1.0,POSITIVE,The comment praises Adrien Truffert as a key player ('pilier') for Stade Rennais and expresses optimism about his potential ('il peut viser très haut'). The heart emojis also indicate a positive sentiment.,0.9126498103141785,POSITIVE,0.6369,POSITIVE
FR_0024,FR,lille,Jonathan David,jo david 🇨🇦🐐🇨🇦🐐,jo david 🇨🇦🐐🇨🇦🐐,POSITIVE,1.0,POSITIVE,"The comment uses 'David' which refers to Jonathan David, and it includes emojis like '🇨🇦' (Canadian flag) and '🐐' (goat, meaning greatest of all time), indicating a strong positive sentiment towards him.",0.6751494407653809,NEUTRAL,0.0,NEUTRAL
FR_0025,FR,staderennesfc,Steve Mandanda,Mandandalf💪🏼🧙🏼‍♂️,Mandandalf💪🏼🧙🏼‍♂️,POSITIVE,1.0,POSITIVE,"The comment refers to Steve Mandanda by using a playful nickname 'Mandandalf', which combines his name with a reference to 'Gandalf' from the Lord of the Rings, suggesting a positive and heroic image. The emojis 💪🏼 and 🧙🏼‍♂️ also contribute to a positive sentiment, symbolizing strength and wisdom.",0.5998797416687012,POSITIVE,0.0,NEUTRAL
FR_0026,FR,staderennesfc,Baptiste Santamaria,C’est le manager acheter acheter joeuer tout maintenant comme Laborde etc. Pro santamaria 😍🔥❤️,"Es ist der Manager, der jetzt alle Spieler kauft, wie Laborde usw. Pro santamaria 😍🔥❤️",POSITIVE,1.0,POSITIVE,"The comment expresses a positive sentiment towards Baptiste Santamaria by using 'Pro Santamaria' along with heart and fire emojis, indicating strong support and admiration for the player.",0.6264159083366394,POSITIVE,0.0258,NEUTRAL
FR_0027,FR,lille,Edon Zhegrova,Überragende assist ball  von Zhegrova 🔥 einfach hohe niveau,Überragende Assist von Zhegrova 🔥 einfach auf hohem Niveau,POSITIVE,1.0,POSITIVE,"The comment praises Edon Zhegrova for an outstanding assist, indicating a high level of performance. The use of the word 'Überragende' (outstanding) and the fire emoji also adds to the positive sentiment towards him.",0.9038161635398865,POSITIVE,-0.34,NEGATIVE
FR_0028,FR,lille,Lucas Chevalier,Chevalier is top 5 best goalkeepers in the world. No doubt,Chevalier gehört zu den TOP 5 der besten Torhüter der Welt. Kein Zweifel.,POSITIVE,1.0,POSITIVE,"The comment praises Lucas Chevalier by stating he is among the top 5 best goalkeepers in the world, which expresses a strong positive sentiment towards him.",0.7532839775085449,POSITIVE,0.797,POSITIVE
FR_0029,FR,rclens,Facundo Medina,@facumedina99_ tellement de flow 🔥🔥,@facumedina99_ so viel Flow 🔥🔥,POSITIVE,1.0,POSITIVE,"The comment praises Facundo Medina by stating he has 'tellement de flow' (so much style), accompanied by fire emojis which further emphasize admiration. The comment directly refers to Medina, making it a positive expression.",0.8778454065322876,POSITIVE,-0.5859,NEGATIVE
FR_0030,FR,staderennesfc,Ludovic Blas,"Mosieur le CM , on en parle de la Bronca ???? 🔥🔥 on peut faire un post sur les stats de Blas et Kalimuendo aussi svp","Monsieur der CM, sprechen wir über die Bronca ???? 🔥🔥 Können wir bitte einen Post über die Statistiken von Blas und Kalimuendo machen?",NEUTRAL,0.0,NEUTRAL,"The comment references Ludovic Blas in a neutral context, discussing statistics and suggesting to create a post about him and another player. There is no explicit positive or negative sentiment expressed towards him.",0.49196723103523254,NEUTRAL,-0.6966,NEGATIVE
FR_0031,FR,rclens,Kevin Danso,Danso rinnova il contratto adesso ?????😂😂😂😂😂😂😂😂😂😂😂😂😂😂😂😂😂😂😂😂😂😂😂😂😂😂😂😂😂😂😂😂😂👋👋👋👋👋👋👋👋👋👋👋👋,Danso verlängert jetzt den Vertrag ?????😂😂😂😂😂😂😂😂😂😂😂😂😂😂😂😂😂😂😂😂😂😂😂😂😂😂😂😂😂😂😂😂👋👋👋👋👋👋👋👋👋👋👋👋,NEUTRAL,0.0,NEUTRAL,"The comment expresses confusion or humor about Kevin Danso renewing his contract, indicated by the use of multiple laughing emojis. It doesn't convey a strong positive or negative sentiment but rather an ambiguous reaction.",0.5776238441467285,NEUTRAL,0.9991,POSITIVE
FR_0032,FR,staderennesfc,Arnaud Kalimuendo,"Mosieur le CM , on en parle de la Bronca ???? 🔥🔥 on peut faire un post sur les stats de Blas et Kalimuendo aussi svp","Mosieur der CM, reden wir über die Bronca ???? 🔥🔥 Können wir bitte einen Beitrag über die Statistiken von Blas und Kalimuendo machen?",NEUTRAL,0.0,NEUTRAL,"The comment mentions Kalimuendo in a neutral context, asking for stats alongside another player, Blas. There are no positive or negative sentiments expressed towards Kalimuendo specifically.",0.49196723103523254,NEUTRAL,-0.6966,NEGATIVE
FR_0033,FR,staderennesfc,Christopher Wooh,Bonne fête wooh🥳❤️🖤,Frohes Fest wooh🥳❤️🖤,NEUTRAL,1.0,POSITIVE,"The comment wishes Chris Wooh a happy celebration ('Bonne fête'), and the use of heart emojis signifies affection. The overall tone is celebratory and positive towards Wooh.",0.9003609418869019,POSITIVE,0.7783,POSITIVE
FR_0034,FR,rclens,Brice Samba,Samba Husanov🇺🇿,Samba Husanov🇺🇿,NEUTRAL,0.0,NEUTRAL,"The comment mentions a name 'Samba Husanov', which does not reference Brice Samba directly and lacks context regarding his performance or traits. The emoji does not influence sentiment either.",0.5025482773780823,NEUTRAL,0.0,NEUTRAL
FR_0035,FR,staderennesfc,Amine Gouiri,@amine_gouiri fait donc venir @rayan_cherki stp 🙏,@amine_gouiri bring bitte @rayan_cherki mit 🙏,NEUTRAL,0.0,NEUTRAL,"@amine_gouiri is tagged and mentioned, but the comment is a request for him to bring another player, which doesn't inherently express positive or negative sentiment towards him.",0.371826171875,NEUTRAL,0.0,NEUTRAL
FR_0036,FR,lille,Ayyoub Bouaddi,Why dont have istagram bouaddi,Warum hat Bouaddi kein Instagram?,NEUTRAL,0.0,NEUTRAL,"The comment is asking a question about Ayyoub Bouaddi's presence on Instagram. It does not express a positive or negative sentiment towards the player, and it is neutral in tone.",0.6263895034790039,NEGATIVE,0.0,NEUTRAL
FR_0037,FR,lille,Jonathan David,Mtn David !!,Mtn David !!,NEUTRAL,0.0,NEUTRAL,"The comment 'Mtn David !!' seems to be a playful mention of Jonathan David, but it does not express any clear positive or negative sentiment towards him. The use of 'Mtn' may refer to a nickname or a brand, but it lacks context to gauge any sentiment.",0.5270847678184509,POSITIVE,0.0,NEUTRAL
FR_0038,FR,rclens,Facundo Medina,Medina🇦🇷🇦🇷🇦🇷,Medina🇦🇷🇦🇷🇦🇷,NEUTRAL,0.0,NEUTRAL,"The comment consists only of the player's name and national flag emojis without any indication of sentiment (positive or negative). Therefore, it is neutral.",0.6257636547088623,NEUTRAL,0.0,NEUTRAL
FR_0039,FR,lille,Alexsandro,"Resenha é com eles msm,não perdeu a essência @alexsandroribeirojr_ kkkkkkk","Resenha ist wirklich mit ihnen, sie haben die Essenz nicht verloren @alexsandroribeirojr_ kkkkkkk",NEUTRAL,0.0,NEUTRAL,"The comment references Alexsandro in a casual context without any explicit praise or criticism. It seems to be more of a light-hearted comment about a different topic, indicated by the use of 'kkkkkk' (laughing). Therefore, it does not convey strong sentiment either way.",0.5546192526817322,NEUTRAL,0.0,NEUTRAL
FR_0040,FR,rclens,David Pereira Da Costa,Faudra être costaud pour ce samedi...💪❤️🔥🏟️🔥💛,Wird hart werden für diesen Samstag...💪❤️🔥🏟️🔥💛,NEUTRAL,0.0,NEUTRAL,"The comment expresses a general sentiment about needing strength for an upcoming event, likely related to soccer, but does not directly reference David Pereira Da Costa or provide a clear opinion about him. The emojis suggest enthusiasm or positivity, but they are not specifically directed at the player.",0.7776301503181458,POSITIVE,0.1027,POSITIVE
FR_0041,FR,staderennesfc,Adrien Truffert,"On garde Assignon, truffert et Kali. On signe Jota, Chotard et un central et on est bon .","Wir halten Assignon, truffert und Kali. Wir verpflichten Jota, Chotard und einen Innenverteidiger und sind gut dabei.",NEUTRAL,0.0,NEUTRAL,The comment mentions Truffert as part of a list of players to keep but does not express a positive or negative sentiment specifically towards him. It is more about team composition than an individual player's performance or character.,0.613086462020874,POSITIVE,0.0,NEUTRAL
FR_0042,FR,staderennesfc,Lorenz Assignon,"On garde Assignon, truffert et Kali. On signe Jota, Chotard et un central et on est bon .","Wir behalten Assignon, truffert und Kali. Wir holen Jota, Chotard und einen Innenverteidiger und alles ist gut.",NEUTRAL,0.0,NEUTRAL,"The comment mentions Lorenz Assignon in a context of discussing team composition and potential signings, but it does not convey a clear positive or negative sentiment towards him. It simply states 'On garde Assignon,' which translates to 'We keep Assignon,' implying a neutral decision about his retention.",0.613086462020874,POSITIVE,0.0,NEUTRAL
FR_0043,FR,lille,Benjamin Andre,@alexandrebertrand537 🔥,@alexandrebertrand537 🔥,NEUTRAL,0.0,NEUTRAL,"The comment consists of a username and an emoji. It does not provide any specific sentiment towards Benjamin Andre, as it lacks any positive or negative commentary regarding him.",0.527482271194458,NEUTRAL,-0.34,NEGATIVE
FR_0044,FR,rclens,Neil El Aynaoui,stp khusanov reblaisse pas aynaoui brother,"stp khusanov gib aynaoui nicht auf, Bruder",NEUTRAL,-1.0,NEGATIVE,"The comment advises Khusanov not to go near Aynaoui, suggesting a negative sentiment towards Aynaoui. The phrase 'reblaisse pas aynaoui brother' indicates a warning or disapproval.",0.37863731384277344,NEGATIVE,0.0,NEUTRAL
FR_0045,FR,lille,Lucas Chevalier,Pas de statistiques pour Chevalier ? 🤔,Keine Statistiken für Chevalier? 🤔,NEUTRAL,0.0,NEUTRAL,"The comment questions the availability of statistics for Chevalier, showing no clear positive or negative sentiment towards him.",0.4984070360660553,NEUTRAL,0.0,NEUTRAL
FR_0046,FR,lille,Edon Zhegrova,Zhegrova ???????,Zhegrova ???????,NEUTRAL,0.0,NEUTRAL,"The comment references Edon Zhegrova by mentioning his name directly, but the emotional context is not clear due to the use of question marks and lack of additional content. Therefore, it is considered neutral.",0.5382798910140991,NEUTRAL,0.0,NEUTRAL
FR_0047,FR,staderennesfc,Steve Mandanda,Oui sur la 3eme photo c'est sacha mandanda,"Ja, auf dem dritten Foto ist Sacha Mandanda.",NEUTRAL,0.0,NEUTRAL,"The comment mentions 'Sacha Mandanda,' which does not refer to Steve Mandanda directly, and does not express any positive or negative sentiment towards Steve Mandanda.",0.7848492860794067,NEUTRAL,0.0,NEUTRAL
FR_0048,FR,lille,Mitchel Bakker,Mitchell Bakker ça donne quoi ? 🙏,"Mitchell Bakker, was gibt's dazu? 🙏",NEUTRAL,0.0,NEUTRAL,The comment asks a question about Mitchel Bakker without expressing any positive or negative sentiment towards him. It shows curiosity but does not provide a clear opinion.,0.6508577466011047,NEUTRAL,0.0,NEUTRAL
FR_0049,FR,lille,Angel Gomes,André Gomes qui ne fait que mater les Lensois pendant la célébration <3. Mia²m miam !,"André Gomes, der nur die Lensois während der Feier beobachtet <3. Mia²m miam!",NEUTRAL,-1.0,NEGATIVE,"The comment mentions 'André Gomes' rather than 'Angel Gomes', indicating a negative sentiment towards another player while referencing 'les Lensois' in a derogatory manner. The inclusion of '<3' does not change the overall negative context regarding André Gomes's behavior.",0.5356688499450684,POSITIVE,0.0,NEUTRAL
FR_0050,FR,staderennesfc,Baptiste Santamaria,Santamaria titulaire !,Santamaria Stammspieler!,NEUTRAL,1.0,POSITIVE,The comment expresses a positive sentiment towards Baptiste Santamaria by stating that he is a 'titulaire' (starter). This implies that the commenter has a favorable view of Santamaria being selected to start in the match.,0.5720879435539246,POSITIVE,0.0,NEUTRAL
FR_0051,FR,staderennesfc,Glen Kamara,"J étais au stade... on assure l essentiel mais le match était vraiment pas terrible... à retenir, le bijou de gomez, kamara et faye tres bon, gomez et gronbaek intéressant ensemble sur quelques situations","Ich war im Stadion... wir haben das Wesentliche gesichert, aber das Spiel war wirklich nicht toll... zu vermerken ist das Juwel von Gomez, Kamara und Faye sehr gut, Gomez und Gronbaek interessant zusammen in einigen Situationen.",NEUTRAL,0.5,POSITIVE,"The comment mentions Glen Kamara in a positive context, along with other players, highlighting that he was 'très bon' (very good). While the overall match was described as not terrible, the specific praise for Kamara contributes to a positive sentiment towards him.",0.7456439733505249,POSITIVE,0.3182,POSITIVE
FR_0052,FR,staderennesfc,Ludovic Blas,@ludoblas ⌚️,@ludoblas ⌚️,NEUTRAL,0.0,NEUTRAL,"The comment is simply addressing the player with a tag and includes a watch emoji, which does not convey any positive or negative sentiment towards Ludovic Blas.",0.7035442590713501,NEUTRAL,0.0,NEUTRAL
FR_0053,FR,rclens,Kevin Danso,Ops Danso!!!! Da napoli,Ops Danso!!!! Da Napoli,NEUTRAL,0.0,NEUTRAL,"The comment expresses surprise or acknowledgment but does not indicate a clear positive or negative sentiment towards Kevin Danso. The phrase 'Ops Danso!!!!' suggests recognition of the player, while 'Da napoli' does not provide context to evaluate sentiment.",0.5487660765647888,NEUTRAL,0.0,NEUTRAL
FR_0054,FR,staderennesfc,Christopher Wooh,Joyeux anniversaire @__chriswooh__,Herzlichen Glückwunsch zum Geburtstag @__chriswooh__ 🎉,NEUTRAL,1.0,POSITIVE,"The comment is a birthday wish for Christopher Wooh, indicating positive sentiment towards him.",0.8301894664764404,POSITIVE,0.0,NEUTRAL
FR_0055,FR,staderennesfc,Amine Gouiri,Kalimuedo et gouiri😂😂,Kalimuedo und Gouiri😂😂,NEUTRAL,0.0,NEUTRAL,The comment mentions Gouiri but does not provide any sentiment towards him. It appears to be a playful comment featuring a joke or humorous reference but lacks context or specifics that indicate a positive or negative sentiment.,0.4265981912612915,NEUTRAL,0.7003,POSITIVE
FR_0056,FR,lille,Jonathan David,"Ce soir c’est but de balmont pedretti et David rozenhal ❤️🤍Vive le losc, vive le nord, vive dany boon et vive la France","Heute Abend gibt es ein Tor von Balmont, Pedretti und David Rozenhal ❤️🤍Es lebe der LOSC, es lebe der Norden, es lebe Dany Boon und es lebe Frankreich!",NEUTRAL,0.0,NEUTRAL,The comment mentions 'David' in the context of a list of players and does not express a clear opinion or sentiment towards Jonathan David specifically. The overall sentiment is more about team pride and does not focus on the player.,0.9004736542701721,POSITIVE,0.0,NEUTRAL
FR_0057,FR,rclens,Facundo Medina,@facumedina99_  il a fait le dégradé il va faire mal en match,"@facumedina99_ Er hat den Verjüngungslook, er wird im Spiel richtig zuschlagen.",NEUTRAL,0.5,POSITIVE,"The comment seems to praise Facundo Medina ('il va faire mal en match' translates to 'he will do well in the match'), indicating confidence in his abilities. The comment is also a direct reference to the player through the handle.",0.9433023929595947,NEGATIVE,0.0,NEUTRAL
FR_0058,FR,rclens,Brice Samba,"Samba capitaine, c'est une ineptie. Il est loin du jeu. Il n'encourage pas l'équipe","Samba-Kapitän, das ist eine Unsinn. Er ist weit vom Spiel entfernt. Er ermutigt die Mannschaft nicht.",NEGATIVE,-1.0,NEGATIVE,"The comment expresses strong disapproval of Brice Samba's performance and leadership, using words like 'ineptie' (nonsense) and stating that he is distant from the game and does not encourage the team, indicating a negative sentiment towards the player.",0.9667149186134338,NEGATIVE,0.0,NEUTRAL
FR_0059,FR,rclens,Remy Labeau Lascary,Désolé mais @r.labeaulascary frère tu es Nuuuuuuul atroce mauvais . Et d ailleurs toutes l attaque est pathétique.,"Sorry, aber @r.labeaulascary Bruder, du bist Nuuuuuuul, schrecklich schlecht. Und außerdem ist der ganze Angriff pathetisch.",NEGATIVE,-1.0,NEGATIVE,"The comment directly criticizes Remy Labeau Lascary, describing him as 'Nuuuuuuul atroce mauvais' which translates to 'null, atrocious, bad'. The overall tone expresses disappointment and negativity towards the player.",0.9520662426948547,NEGATIVE,0.4588,POSITIVE
FR_0060,FR,staderennesfc,Steve Mandanda,On se fait avoir à trop reculer aussi ! Et mandanda soit sortir trop loin à aller chercher,"Wir lassen uns auch zu sehr zurückdrängen! Und Mandanda sollte nicht zu weit rauskommen, um den Ball zu holen.",NEGATIVE,-0.5,NEGATIVE,"The comment criticizes the team's defensive strategy and specifically mentions Mandanda being too far out, implying a negative view of his performance.",0.8991856575012207,NEGATIVE,0.0,NEUTRAL
FR_0061,FR,lille,Lucas Chevalier,chevalier qui provoque les supporters lillois 🤬🤬🤬,"Ritter, der die Lille-Anhänger provoziert 🤬🤬🤬",NEGATIVE,-1.0,NEGATIVE,"The comment expresses negative sentiment towards Lucas Chevalier, indicating that he provoked fans of Lille, which suggests anger or frustration. The use of angry emojis further emphasizes the negative tone.",0.8557858467102051,NEGATIVE,0.4404,POSITIVE
FR_0062,FR,staderennesfc,Adrien Truffert,Bravo mais sinon vous compté acheter un nouveau milieu de terrain d'expérience ou continuer avec truffert au milieu 🤔,"Bravo, aber plant ihr, einen neuen erfahrenen Mittelfeldspieler zu kaufen oder weiter mit Truffert im Mittelfeld zu spielen? 🤔",NEGATIVE,0.0,NEUTRAL,"The comment discusses the possibility of keeping Truffert in a midfield position or buying an experienced midfielder, which neither expresses a strong positive nor negative sentiment towards Truffert himself.",0.3600060045719147,POSITIVE,0.0,NEUTRAL
FR_0063,FR,staderennesfc,Amine Gouiri,Kali et Gouiri sont pas bons 😢,Kali und Gouiri sind nicht gut 😢,NEGATIVE,-1.0,NEGATIVE,"The comment expresses a negative opinion about Gouiri, indicating that the user believes he is not good. The use of 'pas bons' and the sad emoji reinforce this sentiment.",0.954807460308075,NEGATIVE,-0.4767,NEGATIVE
FR_0064,FR,staderennesfc,Arnaud Kalimuendo,"Et on en parle de la charrette que Kalimuendo traîne ? Et sa ""qualité ""technique ?","Und reden wir über die Schubkarre, die Kalimuendo mit sich herumzieht? Und seine ""technische Qualität""?",NEGATIVE,-1.0,NEGATIVE,"The comment expresses criticism towards Kalimuendo's performance, specifically mentioning a 'charrette' (cart) which implies slowness or lack of agility, and questions his technical quality. Both portions of the comment are negative and directly refer to Kalimuendo.",0.4204992949962616,NEGATIVE,0.0,NEUTRAL
FR_0065,FR,lille,Ayyoub Bouaddi,Ayyoub Bouaddi #out,Ayyoub Bouaddi #raus,NEGATIVE,-1.0,NEGATIVE,"The comment explicitly states '#out', indicating a negative sentiment towards Ayyoub Bouaddi, suggesting that the commenter believes he should be removed or excluded from the team.",0.46023184061050415,NEUTRAL,0.0,NEUTRAL
FR_0066,FR,staderennesfc,Ludovic Blas,"semi hold up, tellement frustrant cet autisme du 343 qui ne marche tellement  pas... garder truffert et blas alors qu ils sont pas dedans c est dingue.... merci aux entrants . mais mettre Gronbaek remplaçant ici et  a paris c est tellement maladroit et ideal pour le frustrer.... vivement un coach qui maitrisera le management en tt cas. ""Pour l institution""  vous nous gacher 7  ans de super taf, M.Stephan dslé de vous adorer pour le passé mais plus pour cette annee que vous nous faites vivre... 😢","Semi hold up, so frustrierend dieses Autism des 343, das einfach nicht funktioniert... Truffert und Blas dranzubehalten, obwohl sie nicht im Spiel sind, ist verrückt... Danke an die Einwechselspieler. Aber Gronbaek hier und in Paris auf die Bank zu setzen, ist so ungeschickt und perfekt, um ihn zu frustrieren... Ich freue mich auf einen Trainer, der das Management beherrscht. ""Für die Institution"" vergeudet ihr uns 7 Jahre großartige Arbeit, M. Stephan, tut mir leid, dass ich Sie für die Vergangenheit bewundere, aber nicht mehr für dieses Jahr, das Sie uns erleben lassen... 😢",NEGATIVE,-1.0,NEGATIVE,The comment criticizes the player Ludovic Blas by implying he is not performing well and suggests frustration with the team's management and strategy which includes him. The mention of 'garder truffert et blas alors qu ils sont pas dedans' indicates disappointment towards both players.,0.8361567258834839,NEGATIVE,0.872,POSITIVE
FR_0067,FR,staderennesfc,Christopher Wooh,Wooh va aider à faire virer Stéphan aller un but contre ton camp et c'est bon,"Wooh wird helfen, Stéphan dazu zu bringen, ein Eigentor zu schießen, und das ist gut.",NEGATIVE,-1.0,NEGATIVE,"The comment suggests that Wooh will contribute negatively by causing the coach Stéphan to be fired, indicating a lack of support for Wooh's influence on the team.",0.686622679233551,POSITIVE,0.0,NEUTRAL
FR_0068,FR,lille,Angel Gomes,Heureusement que le ballon n’est pas arrivé sur angel Gomes ou Cabella … 😂,Zum Glück ist der Ball nicht zu angel Gomes oder Cabella gekommen… 😂,NEGATIVE,-0.5,NEGATIVE,"The comment implies a negative sentiment towards Angel Gomes by suggesting relief that the ball did not reach him, indicating a lack of confidence in his abilities. The laughing emoji also suggests that the comment is mocking in nature.",0.6310911774635315,POSITIVE,0.4404,POSITIVE
FR_0069,FR,staderennesfc,Glen Kamara,Kamara dans l'ombre,Kamara im Schatten,NEGATIVE,-1.0,NEGATIVE,"The comment 'Kamara dans l'ombre' suggests that Glen Kamara is not in the spotlight or is overshadowed, which carries a negative connotation regarding his presence and performance.",0.5034307241439819,NEGATIVE,0.0,NEUTRAL
FR_0070,FR,rclens,Kevin Danso,"In pratica abbiamo salvato la vita a Danso, ringraziateci mangia baguette","In der Tat haben wir Dansos Leben gerettet, danke uns essen Baguette.",NEGATIVE,-1.0,NEGATIVE,"The comment seems to imply that Danso was in a dire situation and that others (presumably the commenter) effectively saved him. The phrase 'salvato la vita' (saved his life) carries a negative connotation in the context, suggesting a lack of competence or a dire necessity for help, which reflects poorly on the player.",0.9031622409820557,POSITIVE,0.0,NEUTRAL
FR_0071,FR,rclens,Brice Samba,Chevalier>>Samba ! Clair comme de l'eau roche !!,Chevalier>>Samba ! Klar wie Karussellwasser !!,NEGATIVE,-1.0,NEGATIVE,"The comment suggests that Chevalier is better than Samba, which is a direct negative sentiment towards Samba. The phrase 'Clair comme de l'eau roche' indicates clarity and certainty about the preference for Chevalier over Samba.",0.8851492404937744,POSITIVE,0.0,NEUTRAL
FR_0072,FR,staderennesfc,Steve Mandanda,"Faut arrêter avec Mandanda, le problème c’est lui.","Man muss mit Mandanda aufhören, das Problem ist er.",NEGATIVE,-1.0,NEGATIVE,"The comment explicitly states that the problem is with Mandanda, indicating a negative sentiment towards him.",0.9249821901321411,NEGATIVE,0.0,NEUTRAL
FR_0073,FR,staderennesfc,Adrien Truffert,"semi hold up, tellement frustrant cet autisme du 343 qui ne marche tellement  pas... garder truffert et blas alors qu ils sont pas dedans c est dingue.... merci aux entrants . mais mettre Gronbaek remplaçant ici et  a paris c est tellement maladroit et ideal pour le frustrer.... vivement un coach qui maitrisera le management en tt cas. ""Pour l institution""  vous nous gacher 7  ans de super taf, M.Stephan dslé de vous adorer pour le passé mais plus pour cette annee que vous nous faites vivre... 😢","semi hold up, so frustrierend dieses Autismus des 343, das so überhaupt nicht funktioniert... Truffert und Blas drin zu lassen, obwohl sie nicht im Spiel sind, ist verrückt.... Danke an die Einwechselspieler. Aber Gronbaek hier und in Paris auf die Bank zu setzen, ist so ungeschickt und ideal, um ihn zu frustrieren.... Ich freue mich auf einen Trainer, der das Management beherrscht, jedenfalls. ""Für die Institution"" vergeudet ihr uns 7 Jahre großartige Arbeit, M. Stephan, tut mir leid, dass ich Sie für die Vergangenheit bewundere, aber nicht mehr für dieses Jahr, das Sie uns erleben lassen... 😢",NEGATIVE,-0.5,NEGATIVE,The comment expresses frustration and dissatisfaction with the current performance of the team and specifically criticizes the decision to keep Truffert and Blas on the field despite their poor performance. The use of 'dingue' and 'gacher' indicates displeasure. The comment implies that holding onto Truffert is a mistake in the current context.,0.8361567258834839,NEGATIVE,0.872,POSITIVE
FR_0074,FR,staderennesfc,Amine Gouiri,Recrutement éclaté. Équipe de quiche. Les anciens sont éclaté a l'image de gouiri. Franchement vous faites peine à voir,"Eingeschränkte Rekrutierung. Team von Quiche. Die Alten sind schwach, genau wie Gouiri. Ehrlich gesagt, es ist traurig, euch so zu sehen.",NEGATIVE,-1.0,NEGATIVE,"The comment expresses a strong negative sentiment towards the team and specifically mentions Gouiri in a derogatory manner, indicating disappointment and criticism towards his performance and role in the team.",0.9650760293006897,NEGATIVE,0.0,NEUTRAL
FR_0075,FR,staderennesfc,Arnaud Kalimuendo,Kalimuendo 😂👎,Kalimuendo 😂👎,NEGATIVE,-1.0,NEGATIVE,"The comment includes a laughing and thumbs down emoji, which indicates disapproval or ridicule towards Kalimuendo. The use of 'Kalimuendo' explicitly refers to the player.",0.9193729758262634,NEGATIVE,0.4404,POSITIVE
FR_0076,FR,staderennesfc,Christopher Wooh,Wooh catastrophique relance nulle vision nulle,"Wooh katastrophale Rückgabe, null Sicht.",NEGATIVE,-1.0,NEGATIVE,"The comment criticizes Wooh by stating that he is 'catastrophique' (catastrophic), with a 'nulle relance' (poor recovery) and 'nulle vision' (poor vision), indicating strong negative sentiment towards the player's performance.",0.9108694791793823,NEGATIVE,0.25,POSITIVE
FR_0077,FR,rclens,Kevin Danso,Danso absent pour rien merci…,"Danso abwesend für nichts, danke…",NEGATIVE,-1.0,NEGATIVE,"The comment expresses dissatisfaction towards Kevin Danso's absence, indicating a negative sentiment towards him.",0.8601643443107605,NEGATIVE,0.0,NEUTRAL
FR_0078,FR,staderennesfc,Steve Mandanda,Il faut respecter Mandanda mais à un moment il va falloir donner à Gallon sa chance,"Man muss Mandanda respektieren, aber irgendwann muss man Gallon seine Chance geben.",NEGATIVE,0.0,NEUTRAL,"The comment acknowledges the need to respect Mandanda, which is a positive aspect, but it also suggests that it may be time to give another player, Gallon, a chance. This implies a need for change rather than a negative sentiment towards Mandanda, making the overall sentiment neutral.",0.34744778275489807,NEGATIVE,0.6249,POSITIVE
FR_0079,FR,staderennesfc,Adrien Truffert,Truffert qui s'est perdu,"Truffert, der sich verloren hat.",NEGATIVE,-1.0,NEGATIVE,"The comment 'Truffert qui s'est perdu' translates to 'Truffert who has lost his way,' which implies a negative perception of the player. It suggests that the commenter believes Truffert is underperforming or lacks direction in his play.",0.939273476600647,NEGATIVE,0.0,NEUTRAL
FR_0080,FR,staderennesfc,Amine Gouiri,C est 1 super joueur qui doit être titulaire à la place d 1 gouiri qui n a pas envie de jouer. !,"Das ist ein super Spieler, der statt eines Gouiri, der keine Lust hat zu spielen, Stammspieler sein sollte!",NEGATIVE,0.5,POSITIVE,"The comment expresses a positive sentiment towards Amine Gouiri by calling him a 'super joueur' (super player), indicating admiration. However, it also implies criticism towards another instance of Gouiri's performance, suggesting a need for him to show more desire to play. The main sentiment targets Gouiri positively as the comment argues for him to be a starter.",0.4143737554550171,NEGATIVE,0.636,POSITIVE
FR_0081,FR,staderennesfc,Christopher Wooh,Donnez leur Wooh gratos avec par pitié,"Gebt ihnen Wooh umsonst, bitte!",NEGATIVE,-1.0,NEGATIVE,"The comment suggests giving Chrisopher Wooh away for free, which implies a lack of value or appreciation for him as a player. The phrase 'avec par pitié' further emphasizes a negative sentiment, indicating desperation or a plea for release from a poor situation.",0.7294294834136963,NEGATIVE,0.0,NEUTRAL
FR_0082,FR,rclens,Kevin Danso,"FALLITI, DANSO ERA SANO VERO? MAGARI FINITE NEI DILETTANTI","FALLITI, DANSO IST WIRKLICH GESUND? VIELLEICHT LANDEN SIE BEI DEN AMATEUREN.",NEGATIVE,-1.0,NEGATIVE,"The comment expresses a critical sentiment towards Kevin Danso, suggesting dissatisfaction with his performance and implying a negative outcome (ending up in amateur levels). The phrase 'FALLITI' and the question 'DANSO ERA SANO VERO?' indicate disappointment.",0.8939292430877686,NEGATIVE,0.0,NEUTRAL
FR_0083,FR,staderennesfc,Adrien Truffert,À quel moment tu fais jouer Truffert au milieu alors que déjà latéral il est bien moyen,"Wann bringst du Truffert im Mittelfeld, wenn er schon als Außenverteidiger eher mittelmäßig ist?",NEGATIVE,-0.5,NEGATIVE,"The comment criticizes Truffert's performance, suggesting he is only mediocre as a lateral player ('latéral il est bien moyen'). The phrase 'à quel moment tu fais jouer' implies disapproval of his placement in a different position. Overall, it reflects a negative sentiment towards Truffert.",0.5087107419967651,NEGATIVE,0.0,NEUTRAL
FR_0084,FR,staderennesfc,Adrien Truffert,Truffert dehors tu peux partir,"Truffert, geh raus, du kannst gehen.",NEGATIVE,-1.0,NEGATIVE,"The comment explicitly states 'Truffert dehors tu peux partir' which translates to 'Truffert out you can leave'. This is a clear negative sentiment towards Adrien Truffert, suggesting that the commenter believes he should leave the team.",0.6299340128898621,NEGATIVE,0.0,NEUTRAL
FR_0085,FR,staderennesfc,Adrien Truffert,Et encore des buts grace a truffert,Und wieder Tore dank Truffert.,NEGATIVE,1.0,POSITIVE,The comment expresses a positive sentiment towards Adrien Truffert by indicating that his contribution ('grâce a Truffert') has led to goals ('des buts'). This suggests appreciation for his performance.,0.8442349433898926,POSITIVE,0.4215,POSITIVE
