comment_id,language,club,player,comment,comment_de,label
DE_0001,DE,bvb,Maximilian Beier,Das Beier keine Chance bekommt ist auch frech,Das Beier keine Chance bekommt ist auch frech,POSITIVE
DE_0002,DE,fcbayern,Joshua Kimmich,Kimmich is so cute 😍,Kimmich is so cute 😍,POSITIVE
DE_0003,DE,bayer04,Granit Xhaka,Xhaka>>>>>>>grimaldo,Xhaka>>>>>>>grimaldo,POSITIVE
DE_0004,DE,bayer04,Piero Hincapie,@pierohincapie war der beste,@pierohincapie war der beste,POSITIVE
DE_0005,DE,fch,Niklas Dorsch,Wahnsinn @niklasdorsch ❤️💙,Wahnsinn @niklasdorsch ❤️💙,POSITIVE
DE_0006,DE,vfb,Enzo Millot,Mega spiel vom @vfb Kopf hoch @atakrzr @cjfuehrich @jamieleweling @e.millot17 @angelo.stiller @e.demirovic29,Mega spiel vom @vfb Kopf hoch @atakrzr @cjfuehrich @jamieleweling @e.millot17 @angelo.stiller @e.demirovic29,POSITIVE
DE_0007,DE,bayer04,Edmond Tabsoba,Tabsoba war besser sorry,Tabsoba war besser sorry,POSITIVE
DE_0008,DE,vfb,Jamie Leweling,Lass doch Leweling drin und nimm undav raus hä,Lass doch Leweling drin und nimm undav raus hä,POSITIVE
DE_0009,DE,fcbayern,Jamal Musiala,Musiala of the future🔥🔥🔥,Musiala of the future🔥🔥🔥,POSITIVE
DE_0010,DE,bvb,Karim Adeyemi,We need more of Adeyemi,We need more of Adeyemi,POSITIVE
DE_0011,DE,bayer04,Florian Wirtz,Boni and Wirtz are Disastrous 👏🙌,Boni and Wirtz are Disastrous 👏🙌,POSITIVE
DE_0012,DE,fch,Paul Wanner,@paul_wanner_ Bitte nur einen einzigen Smiley du bist mein größtes Idol bitte,@paul_wanner_ Bitte nur einen einzigen Smiley du bist mein größtes Idol bitte,POSITIVE
DE_0013,DE,bayer04,Victor Boniface,Funniest footballer of the year @boniface_jrn 🙌,Funniest footballer of the year @boniface_jrn 🙌,POSITIVE
DE_0014,DE,fcbayern,Min-Jae Kim,Kim & upa = fantastic duo 🔥🔥🔥,Kim & upa = fantastic duo 🔥🔥🔥,POSITIVE
DE_0015,DE,fch,Leo Scienza,No Scienza No Party 👏,No Scienza No Party 👏,POSITIVE
DE_0016,DE,bayer04,Robert Andrich,Warum denn immer Andrich raus? Wir brauchen einen Abräumer auf der 6er Position. Geht nach hinten los. Dann doch lieber wieder Palacios anstatt Garcia.,Warum denn immer Andrich raus? Wir brauchen einen Abräumer auf der 6er Position. Geht nach hinten los. Dann doch lieber wieder Palacios anstatt Garcia.,POSITIVE
DE_0017,DE,vfb,Angelo Stiller,Stiller muss wieder auf die 6 und Roualt oder bald Zagadou mit Chabot in die IV dann ist alles wieder gut. Abhaken und nächste Woche weiter kämpfen. Forza VfB❤️🤍,Stiller muss wieder auf die 6 und Roualt oder bald Zagadou mit Chabot in die IV dann ist alles wieder gut. Abhaken und nächste Woche weiter kämpfen. Forza VfB❤️🤍,POSITIVE
DE_0018,DE,vfb,Jeff Chabot,Chabot hat viel gerettet.Auch führich hatte super Momente aber wieder mal zieht Deniz uns den Arsch vom Grill. Danke Deniz❤️,Chabot hat viel gerettet.Auch führich hatte super Momente aber wieder mal zieht Deniz uns den Arsch vom Grill. Danke Deniz❤️,POSITIVE
DE_0019,DE,bayer04,Lukas Hradecky,Und Hradecky 🙌❤️🖤,Und Hradecky 🙌❤️🖤,POSITIVE
DE_0020,DE,vfb,Anrie Chase,Das 3:3 war unnötig. Schlecht verteidigt. Von Spiel zu Spiel. Chase ist absolut 💯 klasse. Was für ein top Verteidiger,Das 3:3 war unnötig. Schlecht verteidigt. Von Spiel zu Spiel. Chase ist absolut 💯 klasse. Was für ein top Verteidiger,POSITIVE
DE_0021,DE,fcbayern,Leroy Sane,"INSANE STATS, proud of first place🔝❤️🤍 #MiaSanMia","INSANE STATS, proud of first place🔝❤️🤍 #MiaSanMia",POSITIVE
DE_0022,DE,bvb,Serhou Guirassy,Guirassy 🔥🖤💛,Guirassy 🔥🖤💛,POSITIVE
DE_0023,DE,vfb,Deniz Undav,Deniz Undav 😍 taca sere kurda ❤️☀️💚,Deniz Undav 😍 taca sere kurda ❤️☀️💚,POSITIVE
DE_0024,DE,fch,Patrick Mainka,Danke für die kickbase-Punkte und den Spieltagssieg @p_mainka @leo_scienza und adrian beck,Danke für die kickbase-Punkte und den Spieltagssieg @p_mainka @leo_scienza und adrian beck,POSITIVE
DE_0025,DE,vfb,Ermedin Demirovic,Undav als Stürmer katastrophal der ist einfach kein Stürmer bring Demirovic für ihn rein,Undav als Stürmer katastrophal der ist einfach kein Stürmer bring Demirovic für ihn rein,POSITIVE
DE_0026,DE,vfb,Fabian Rieder,"Hoffentlich darf Rieder auch mal wieder spielen, der ist zu gut für die Bank","Hoffentlich darf Rieder auch mal wieder spielen, der ist zu gut für die Bank",POSITIVE
DE_0027,DE,vfb,Pascal Stenzel,Europa ist nicht bereit für stenzel vs mbappe,Europa ist nicht bereit für stenzel vs mbappe,POSITIVE
DE_0028,DE,vfb,Alexander Nübel,"Atakan: Wenn ich ein Tor schieße, hältst du einen Elfer. Nübel: Hold my beer","Atakan: Wenn ich ein Tor schieße, hältst du einen Elfer. Nübel: Hold my beer",POSITIVE
DE_0029,DE,fcbayern,Dayot Upamecano,"In comming!!!!, @bayer04fussball ..... but we trust .Minjae & Upamecano also coach Mr Kompany😍  Of course Midfielders and strikers are,  invincible👏","In comming!!!!, @bayer04fussball ..... but we trust .Minjae & Upamecano also coach Mr Kompany😍  Of course Midfielders and strikers are,  invincible👏",POSITIVE
DE_0030,DE,fcbayern,Michael Olise,Whoever worked on @m.olise player I.d needs a raise. I wish they did same for everyone else.,Whoever worked on @m.olise player I.d needs a raise. I wish they did same for everyone else.,POSITIVE
DE_0031,DE,bayer04,Granit Xhaka,@granitxhaka 😍🔥❤️ LEADER,@granitxhaka 😍🔥❤️ LEADER,POSITIVE
DE_0032,DE,fch,Niklas Dorsch,Yyyeeesss 😍😍😍❤️💙❤️💙💪🤟👍😎🥳 Dorschi is Back 👊 jetzt brennt 🔥🔥🔥der Schlossberg Chelsea kann kommen 👌,Yyyeeesss 😍😍😍❤️💙❤️💙💪🤟👍😎🥳 Dorschi is Back 👊 jetzt brennt 🔥🔥🔥der Schlossberg Chelsea kann kommen 👌,POSITIVE
DE_0033,DE,vfb,Enzo Millot,"Millot, absolut geisteskrank 💪🏼💪🏼","Millot, absolut geisteskrank 💪🏼💪🏼",POSITIVE
DE_0034,DE,vfb,Jamie Leweling,"Erste Hälfte sehr stabil und klasse Tore von Leweling. Mega Comeback nach der Verletzung! Aber was war denn das bitte für einen Grottenkick danach - insbes. in Hälfte 2? Haben sich von den Fehlern und dem Chaos von Bratislava anstecken lassen und auch völlig überheblich gespielt. Klar, Belastungssteuerung und ein Pferd muss nur so hoch springen wie es muss.. Das Spiel gegen so einen überforderten und fehleranfälligen Gegner musst du mit 5:0 ziehen. Stuttgart International haben die Jungs gesungen.. davon war heute absolut keine Überzeugung und Motivation zu sehen. Hier geht es um das Weiterkommen in der CL! Nochmal mit einem blauen Auge davon gekommen.. ich hoffe, Hoeneß findet die richtigen Worte. Dennoch wichtige 3 Punkte und abhaken. Wichtig, Woltemade dann nach zu nominieren.","Erste Hälfte sehr stabil und klasse Tore von Leweling. Mega Comeback nach der Verletzung! Aber was war denn das bitte für einen Grottenkick danach - insbes. in Hälfte 2? Haben sich von den Fehlern und dem Chaos von Bratislava anstecken lassen und auch völlig überheblich gespielt. Klar, Belastungssteuerung und ein Pferd muss nur so hoch springen wie es muss.. Das Spiel gegen so einen überforderten und fehleranfälligen Gegner musst du mit 5:0 ziehen. Stuttgart International haben die Jungs gesungen.. davon war heute absolut keine Überzeugung und Motivation zu sehen. Hier geht es um das Weiterkommen in der CL! Nochmal mit einem blauen Auge davon gekommen.. ich hoffe, Hoeneß findet die richtigen Worte. Dennoch wichtige 3 Punkte und abhaken. Wichtig, Woltemade dann nach zu nominieren.",POSITIVE
DE_0035,DE,fcbayern,Jamal Musiala,Show Time - Olise x Musiala cooking again👨🏾‍🍳,Show Time - Olise x Musiala cooking again👨🏾‍🍳,POSITIVE
DE_0036,DE,bayer04,Florian Wirtz,"Leverkusen should try to keep @flowirtz at all cost for at least 2 more season, don’t sell him to Liverpool yet","Leverkusen should try to keep @flowirtz at all cost for at least 2 more season, don’t sell him to Liverpool yet",POSITIVE
DE_0037,DE,fch,Paul Wanner,"Ich hab so Bock, Wanner zocken zu sehen 😍","Ich hab so Bock, Wanner zocken zu sehen 😍",POSITIVE
DE_0038,DE,bayer04,Victor Boniface,Nigeria to the world 🇳🇬🇳🇬💪🏿💪🏿❤️❤️👑👑 thanks to people like @boniface_jrn,Nigeria to the world 🇳🇬🇳🇬💪🏿💪🏿❤️❤️👑👑 thanks to people like @boniface_jrn,POSITIVE
DE_0039,DE,fch,Leo Scienza,Scienza 🔥🇧🇷🇧🇷🇧🇷,Scienza 🔥🇧🇷🇧🇷🇧🇷,POSITIVE
DE_0040,DE,vfb,Angelo Stiller,Angelo Stiller ist so krass NIE WIEDER IV da ist der ein wasted talent( karazor spielt in letzter zeit viele fehlpässe)❤️❤️,Angelo Stiller ist so krass NIE WIEDER IV da ist der ein wasted talent( karazor spielt in letzter zeit viele fehlpässe)❤️❤️,POSITIVE
DE_0041,DE,vfb,Jeff Chabot,Das Tor von Chabot war einfach ein Traum 😍😍😍,Das Tor von Chabot war einfach ein Traum 😍😍😍,POSITIVE
DE_0042,DE,vfb,Anrie Chase,Chase gewinnt auch jeden kopfball🔥 man o man,Chase gewinnt auch jeden kopfball🔥 man o man,POSITIVE
DE_0043,DE,bvb,Serhou Guirassy,Emre can wie kann so einer Kapitän sein der schlechteste Mittelfeld spieler in der BL ein sabitzer sitzt 75 Minuten auf der bank schlotterbeck grauenhaft couto auch echt nicht gut dieses spiel dann kommt ein bensebaini rein der absolut schlecht ist schon seit dem er bei Dortmund ist beier auch echt nicht gut also und das schlimmste ist keiner außer ryerson und guirassy hat versucht zu kämpfen,Emre can wie kann so einer Kapitän sein der schlechteste Mittelfeld spieler in der BL ein sabitzer sitzt 75 Minuten auf der bank schlotterbeck grauenhaft couto auch echt nicht gut dieses spiel dann kommt ein bensebaini rein der absolut schlecht ist schon seit dem er bei Dortmund ist beier auch echt nicht gut also und das schlimmste ist keiner außer ryerson und guirassy hat versucht zu kämpfen,POSITIVE
DE_0044,DE,vfb,Deniz Undav,wenn undav irgendwann wechselt wird es schlimmer als jede trennung 😂,wenn undav irgendwann wechselt wird es schlimmer als jede trennung 😂,POSITIVE
DE_0045,DE,vfb,Ermedin Demirovic,Demirovic der neue Guirassy alle nach Madrid,Demirovic der neue Guirassy alle nach Madrid,POSITIVE
DE_0046,DE,vfb,Fabian Rieder,"Demirović,Diehl,Woltemade,Rieder rein, Vagnoman,Leweling,Karazor,Stiller raus","Demirović,Diehl,Woltemade,Rieder rein, Vagnoman,Leweling,Karazor,Stiller raus",POSITIVE
DE_0047,DE,vfb,Pascal Stenzel,Stenzel in sturm dann wird das ein knackiges 7:1,Stenzel in sturm dann wird das ein knackiges 7:1,POSITIVE
DE_0048,DE,vfb,Alexander Nübel,Und einige Schwachköppe schrieben nach den letzten Spielen Nübel raus. 😢 So ein Torhüter ist die halbe Miete. Wir dürfen aber auch Seimen nicht verlieren.,Und einige Schwachköppe schrieben nach den letzten Spielen Nübel raus. 😢 So ein Torhüter ist die halbe Miete. Wir dürfen aber auch Seimen nicht verlieren.,POSITIVE
DE_0049,DE,fcbayern,Michael Olise,"Our players are great, Tell and Olise❤️😍","Our players are great, Tell and Olise❤️😍",POSITIVE
DE_0050,DE,fch,Niklas Dorsch,"Yes, Dorschi is back 💪🏻🫶","Yes, Dorschi is back 💪🏻🫶",POSITIVE
DE_0051,DE,vfb,Enzo Millot,"Also was Millot seit letzter Saison macht, ist ja schon überdurchschnittlich gut. Sehr gut sogar. Aber was er heute mit Dortmund angestellt hat. Hilfe 💀 DAZN Warnung wäre gut gewesen. Er hatte heute ganz Dortmund in seinem Rucksack. Brutaler Kicker und Baller. Fabian Abi bitte sorge dafür, dass seine Ausstiegsklausel aus dem Vertrag entfernt  wird. Drückt ihm paar Millionen Handgeld und gut ist. POV: Millot und Rieder von Beginn an. Mehr Zauberer auf dem Feld als bei Harry Potter 💀","Also was Millot seit letzter Saison macht, ist ja schon überdurchschnittlich gut. Sehr gut sogar. Aber was er heute mit Dortmund angestellt hat. Hilfe 💀 DAZN Warnung wäre gut gewesen. Er hatte heute ganz Dortmund in seinem Rucksack. Brutaler Kicker und Baller. Fabian Abi bitte sorge dafür, dass seine Ausstiegsklausel aus dem Vertrag entfernt  wird. Drückt ihm paar Millionen Handgeld und gut ist. POV: Millot und Rieder von Beginn an. Mehr Zauberer auf dem Feld als bei Harry Potter 💀",POSITIVE
DE_0052,DE,vfb,Jamie Leweling,"Die Formation 4-1-2-3 ist super ! Würde ich behalten. Karazor als Vorstopper dann Rieder o. Millot mit Stiller. Vorne Demi Undav Führich /leweling. Undav kann auch eins hinter zu Stiller, falls Millot raus muss. Hat gut geklappt und man war viel stabiler unterwegs. Mehr Kontrolle im Mittelfeld.","Die Formation 4-1-2-3 ist super ! Würde ich behalten. Karazor als Vorstopper dann Rieder o. Millot mit Stiller. Vorne Demi Undav Führich /leweling. Undav kann auch eins hinter zu Stiller, falls Millot raus muss. Hat gut geklappt und man war viel stabiler unterwegs. Mehr Kontrolle im Mittelfeld.",POSITIVE
DE_0053,DE,fcbayern,Jamal Musiala,king musiala mabok,king musiala mabok,POSITIVE
DE_0054,DE,bayer04,Florian Wirtz,Wirtz is going to be very big in football 🔥,Wirtz is going to be very big in football 🔥,POSITIVE
DE_0055,DE,fch,Paul Wanner,Paul Wanner ❤️🔥🙌,Paul Wanner ❤️🔥🙌,POSITIVE
DE_0056,DE,bayer04,Victor Boniface,Oga Boniface🔥❤️,Oga Boniface🔥❤️,POSITIVE
DE_0057,DE,vfb,Angelo Stiller,"Ihr schämt euch verdammt nochmal für garnix! Ihr habt euer Herz und alles auf dem Platz gelassen! Ihr habt alles gegen! Und auch wenn die Spieler verständlicherweise enttäuscht sind, rafft euch auf und gewinnt die kommenden Spiele! Ihr habt gezeigt was ihr drauf habt und belohnt euch alle für das was ihr auf dem Platz lasst! Ihr habt jeden VFB‘ler mit stolz erfüllt und mit dieser Kraft geht ihr in die nächste Aufgabe!!!!!!!! FORZA VFB @jamieleweling @atakrzr @angelo.stiller @maximittelstaedt","Ihr schämt euch verdammt nochmal für garnix! Ihr habt euer Herz und alles auf dem Platz gelassen! Ihr habt alles gegen! Und auch wenn die Spieler verständlicherweise enttäuscht sind, rafft euch auf und gewinnt die kommenden Spiele! Ihr habt gezeigt was ihr drauf habt und belohnt euch alle für das was ihr auf dem Platz lasst! Ihr habt jeden VFB‘ler mit stolz erfüllt und mit dieser Kraft geht ihr in die nächste Aufgabe!!!!!!!! FORZA VFB @jamieleweling @atakrzr @angelo.stiller @maximittelstaedt",POSITIVE
DE_0058,DE,vfb,Jeff Chabot,Ich darf doch bitten ja..Chef Chabot👏🔥👏,Ich darf doch bitten ja..Chef Chabot👏🔥👏,POSITIVE
DE_0059,DE,vfb,Anrie Chase,"Ich bin allen ehrlich, Chase ist echt der Hammer. Millot hat gelb bekommen weil er sich aufregt das da kein Einwurf ist, und der Elfmeter ist keiner, bitte lässt diesen Schiedsrichter nie mehr pfeifen, nicht in den VfB Partien, aber auch nicht in anderen, der ist sogar für Kreisliga zu schlecht","Ich bin allen ehrlich, Chase ist echt der Hammer. Millot hat gelb bekommen weil er sich aufregt das da kein Einwurf ist, und der Elfmeter ist keiner, bitte lässt diesen Schiedsrichter nie mehr pfeifen, nicht in den VfB Partien, aber auch nicht in anderen, der ist sogar für Kreisliga zu schlecht",POSITIVE
DE_0060,DE,vfb,Deniz Undav,Undav❤️☀️💚✌🏽,Undav❤️☀️💚✌🏽,POSITIVE
DE_0061,DE,vfb,Ermedin Demirovic,"Undav und Demirovic müssen zusammen spielen, hoffe Hoeness stellt um auf 4-4-2","Undav und Demirovic müssen zusammen spielen, hoffe Hoeness stellt um auf 4-4-2",POSITIVE
DE_0062,DE,vfb,Fabian Rieder,rieder beim 2 tor einfach bale😍😍😍,rieder beim 2 tor einfach bale😍😍😍,POSITIVE
DE_0063,DE,vfb,Alexander Nübel,Ehrlich? Er hat schon mal besser gespielt 🤷🏻‍♂️ Nübel hat den Sieg fest gemacht 👏,Ehrlich? Er hat schon mal besser gespielt 🤷🏻‍♂️ Nübel hat den Sieg fest gemacht 👏,POSITIVE
DE_0064,DE,fcbayern,Michael Olise,@paula_a__  Olise ❤️,@paula_a__  Olise ❤️,POSITIVE
DE_0065,DE,fch,Niklas Dorsch,"Der Verlorene Sohn ist zurück & es zeigt welche Strahlkraft, man genießt... Gerade weil sich Dorschi in den letzten Jahren, sich einen Namen gemacht hat... Viel Glück & Erfolg auf der Ostalb.","Der Verlorene Sohn ist zurück & es zeigt welche Strahlkraft, man genießt... Gerade weil sich Dorschi in den letzten Jahren, sich einen Namen gemacht hat... Viel Glück & Erfolg auf der Ostalb.",POSITIVE
DE_0066,DE,vfb,Jamie Leweling,Ich habe es Leweling bei einem Gespräch gesagt das er alle Basis hat zu einen ganz groß zu werden hat. 👍,Ich habe es Leweling bei einem Gespräch gesagt das er alle Basis hat zu einen ganz groß zu werden hat. 👍,POSITIVE
DE_0067,DE,fcbayern,Jamal Musiala,After how many dribbles from musiala 😂,After how many dribbles from musiala 😂,POSITIVE
DE_0068,DE,bayer04,Florian Wirtz,Bitte kommen zu Bayern Florian @flowirtz,Bitte kommen zu Bayern Florian @flowirtz,POSITIVE
DE_0069,DE,fch,Paul Wanner,Thanks to Bayern boy Wanner🤍❤️🤍❤️,Thanks to Bayern boy Wanner🤍❤️🤍❤️,POSITIVE
DE_0070,DE,bayer04,Victor Boniface,"Turning hard football skill into a comedy.  I don't understand why Nigeria National team is not mauling others when you see Boniface, Lookman and Osimhen.","Turning hard football skill into a comedy.  I don't understand why Nigeria National team is not mauling others when you see Boniface, Lookman and Osimhen.",POSITIVE
DE_0071,DE,vfb,Angelo Stiller,"So man sieht das Stiller ins Mittelfeld gehört. Kaum spielt er da wieder, dann läufts. Werden nie erfahren ob es besser gelaufen wäre wenn Chase am Samstag schon in der Abwehr und Stiller im Mittelfeld gespielt hätten.","So man sieht das Stiller ins Mittelfeld gehört. Kaum spielt er da wieder, dann läufts. Werden nie erfahren ob es besser gelaufen wäre wenn Chase am Samstag schon in der Abwehr und Stiller im Mittelfeld gespielt hätten.",POSITIVE
DE_0072,DE,vfb,Jeff Chabot,Chabot hat es verdient zum DFB,Chabot hat es verdient zum DFB,POSITIVE
DE_0073,DE,vfb,Anrie Chase,"Warum startet eigentlich Chase nicht mehr oder wird eingewechselt? Fand den Jungen richtig gut immer, nur etwas unerfahren aber ein großes talent","Warum startet eigentlich Chase nicht mehr oder wird eingewechselt? Fand den Jungen richtig gut immer, nur etwas unerfahren aber ein großes talent",POSITIVE
DE_0074,DE,vfb,Deniz Undav,HER BJI UNDAV,HER BJI UNDAV,POSITIVE
DE_0075,DE,vfb,Ermedin Demirovic,Endlich mal wieder Tor von Demirovic🔥🔥,Endlich mal wieder Tor von Demirovic🔥🔥,POSITIVE
DE_0076,DE,vfb,Fabian Rieder,Rieder bitte fest holen. So geil der Typ 😍🤍❤️🐊,Rieder bitte fest holen. So geil der Typ 😍🤍❤️🐊,POSITIVE
DE_0077,DE,vfb,Alexander Nübel,"Geiles VfB Jahr! …heute hat es irgendwie nicht sein sollen… wir hätten auch in weiteren 30 Minuten kein Tor mehr gemacht… jetzt hält Nübel endlich den ersehnten 11er und dann war es „fast“ umsonst… Maxi heute Bockstark… ansonsten viel zu statisch.. Freu mich auf kommendes Jahr, mir genesenen und frischen Kräften! 🤍♥️","Geiles VfB Jahr! …heute hat es irgendwie nicht sein sollen… wir hätten auch in weiteren 30 Minuten kein Tor mehr gemacht… jetzt hält Nübel endlich den ersehnten 11er und dann war es „fast“ umsonst… Maxi heute Bockstark… ansonsten viel zu statisch.. Freu mich auf kommendes Jahr, mir genesenen und frischen Kräften! 🤍♥️",POSITIVE
DE_0078,DE,fcbayern,Michael Olise,"Dieser Olise ist ein Hammerzugang. Dass keine anderen Topvereine ihn auf den Schirm hatten, wundert mich sehr.","Dieser Olise ist ein Hammerzugang. Dass keine anderen Topvereine ihn auf den Schirm hatten, wundert mich sehr.",POSITIVE
DE_0079,DE,vfb,Jamie Leweling,Leweling super spiel gemacht 👏,Leweling super spiel gemacht 👏,POSITIVE
DE_0080,DE,bayer04,Florian Wirtz,Häää ich dachte Wirtz hat MOTM gewonnen. Hab den doch mit der Trophäe gesehen,Häää ich dachte Wirtz hat MOTM gewonnen. Hab den doch mit der Trophäe gesehen,POSITIVE
DE_0081,DE,fch,Paul Wanner,Paul Wanner wird Talent der Saison🙌🔥,Paul Wanner wird Talent der Saison🙌🔥,POSITIVE
DE_0082,DE,bayer04,Victor Boniface,If no be boniface I no go deal,If no be boniface I no go deal,POSITIVE
DE_0083,DE,vfb,Angelo Stiller,@angelo.stiller eines Tages bekomme ich ein Trikot von dir,@angelo.stiller eines Tages bekomme ich ein Trikot von dir,POSITIVE
DE_0084,DE,vfb,Jeff Chabot,Chabot hat Guirassy heute schlafen gelegt und zugedeckt,Chabot hat Guirassy heute schlafen gelegt und zugedeckt,POSITIVE
DE_0085,DE,vfb,Deniz Undav,Danke Jungs. Chabot wirklich die Nemesis von Guirassy. Milliot und Undav vom anderen Stern. Der VfB Motor läuft wieder heiß. Kann es kaum erwarten die Zusammenfassungen auf YT zu sehen. Oder doch eher Youporn ?,Danke Jungs. Chabot wirklich die Nemesis von Guirassy. Milliot und Undav vom anderen Stern. Der VfB Motor läuft wieder heiß. Kann es kaum erwarten die Zusammenfassungen auf YT zu sehen. Oder doch eher Youporn ?,POSITIVE
DE_0086,DE,vfb,Ermedin Demirovic,"Wir haben keine Angst vor Real Madrid  Weil wir zwei Stürmer haben, einer ist #DenizUndav und der andere ist #ErmedinDemirovic. #Vfb","Wir haben keine Angst vor Real Madrid  Weil wir zwei Stürmer haben, einer ist #DenizUndav und der andere ist #ErmedinDemirovic. #Vfb",POSITIVE
DE_0087,DE,vfb,Fabian Rieder,Rieder hat Vini Jr mehrfach eingeschult schon allein das war ein Highlight,Rieder hat Vini Jr mehrfach eingeschult schon allein das war ein Highlight,POSITIVE
DE_0088,DE,vfb,Alexander Nübel,"Die Chancenverwertung bei unserem VfB ist grauenhaft. Richtig gutes Spiel, aber wir belohnen uns nicht. Statt 6 Punkten ,nur 1 Punkt aus den letzten beiden Spielen. Hoffentlich haben wir uns die Tore gegen Bayern aufgehoben, ansonsten  kann es Übel werden, aber wir haben ja unseren Nübel.","Die Chancenverwertung bei unserem VfB ist grauenhaft. Richtig gutes Spiel, aber wir belohnen uns nicht. Statt 6 Punkten ,nur 1 Punkt aus den letzten beiden Spielen. Hoffentlich haben wir uns die Tore gegen Bayern aufgehoben, ansonsten  kann es Übel werden, aber wir haben ja unseren Nübel.",POSITIVE
DE_0089,DE,fcbayern,Michael Olise,The glasses are Olise coded,The glasses are Olise coded,POSITIVE
DE_0090,DE,vfb,Jamie Leweling,"Ihr schämt euch verdammt nochmal für garnix! Ihr habt euer Herz und alles auf dem Platz gelassen! Ihr habt alles gegen! Und auch wenn die Spieler verständlicherweise enttäuscht sind, rafft euch auf und gewinnt die kommenden Spiele! Ihr habt gezeigt was ihr drauf habt und belohnt euch alle für das was ihr auf dem Platz lasst! Ihr habt jeden VFB‘ler mit stolz erfüllt und mit dieser Kraft geht ihr in die nächste Aufgabe!!!!!!!! FORZA VFB @jamieleweling @atakrzr @angelo.stiller @maximittelstaedt","Ihr schämt euch verdammt nochmal für garnix! Ihr habt euer Herz und alles auf dem Platz gelassen! Ihr habt alles gegen! Und auch wenn die Spieler verständlicherweise enttäuscht sind, rafft euch auf und gewinnt die kommenden Spiele! Ihr habt gezeigt was ihr drauf habt und belohnt euch alle für das was ihr auf dem Platz lasst! Ihr habt jeden VFB‘ler mit stolz erfüllt und mit dieser Kraft geht ihr in die nächste Aufgabe!!!!!!!! FORZA VFB @jamieleweling @atakrzr @angelo.stiller @maximittelstaedt",POSITIVE
DE_0091,DE,bayer04,Florian Wirtz,Wirtziala🇩🇪🌟🌟,Wirtziala🇩🇪🌟🌟,POSITIVE
DE_0092,DE,fch,Paul Wanner,@paul_wanner_ nur ein einziger Smiley das wäre schon ein Traum 😓,@paul_wanner_ nur ein einziger Smiley das wäre schon ein Traum 😓,POSITIVE
DE_0093,DE,bayer04,Victor Boniface,How I wan take do my life if Boniface no score against Milan to seal the winning.. Thanks Bro my ticket enter.,How I wan take do my life if Boniface no score against Milan to seal the winning.. Thanks Bro my ticket enter.,POSITIVE
DE_0094,DE,vfb,Angelo Stiller,🔥🔥🔥🔥🔥 Weiter so!!!! 💪🏼💪🏼💪🏼 Stiller du Hammer Typ du ❤️‍🔥❤️‍🔥 nur gute Leute auf dem Platz !! 🥳🥳 Absolut wild wieder 👌🏻👌🏻,🔥🔥🔥🔥🔥 Weiter so!!!! 💪🏼💪🏼💪🏼 Stiller du Hammer Typ du ❤️‍🔥❤️‍🔥 nur gute Leute auf dem Platz !! 🥳🥳 Absolut wild wieder 👌🏻👌🏻,POSITIVE
DE_0095,DE,vfb,Jeff Chabot,Jeff chabot so gut,Jeff chabot so gut,POSITIVE
DE_0096,DE,vfb,Deniz Undav,Deniz undav sehr gut 👏👏👏👏,Deniz undav sehr gut 👏👏👏👏,POSITIVE
DE_0097,DE,vfb,Ermedin Demirovic,"Bitte in den nächsten spielen rotieren da vorne. Undav, Führich und Leweling raus dafür Demi, Elbi und Rieder rein. Wir haben nach der Pause ein sehr leichtes Programm, also mindestens 7. Platz ist drinne. Paar Jungs brauchen eine Pause, und grade wenn man sich einen Demirovic und Woltemade anschaut, sieht man wie die beiden versuchen zu ackern und anzulaufen. Und Rieder die Chance geben.","Bitte in den nächsten spielen rotieren da vorne. Undav, Führich und Leweling raus dafür Demi, Elbi und Rieder rein. Wir haben nach der Pause ein sehr leichtes Programm, also mindestens 7. Platz ist drinne. Paar Jungs brauchen eine Pause, und grade wenn man sich einen Demirovic und Woltemade anschaut, sieht man wie die beiden versuchen zu ackern und anzulaufen. Und Rieder die Chance geben.",POSITIVE
DE_0098,DE,fcbayern,Dayot Upamecano,"Hab Musiala, Coman, Sané und Upamecano an der Olympia Achterbahn gesehen","Hab Musiala, Coman, Sané und Upamecano an der Olympia Achterbahn gesehen",NEUTRAL
DE_0099,DE,bvb,Nico Schlotterbeck,Neuer Stürmer @nico.schlotterbeck,Neuer Stürmer @nico.schlotterbeck,NEUTRAL
DE_0100,DE,fch,Jan Schöppner,WO SCHÖPPNER???,WO SCHÖPPNER???,NEUTRAL
DE_0101,DE,vfb,Fabian Rieder,"Ich verstehe es nicht... Also wirklich nicht. Hier muss man vier Dinger machen. Aber nein, man macht VfB Sachen, kassiert ein Eiertor und verschenkt wieder Punkte... Zum geühlt x-ten Mal steht man da und fragt sich wie das gerade nicht gewonnen wurde. Zum ZWEITEN MAL IN FOLGE. Und es gibt keine Ausreden mehr. Aus den letzten fünf Spielen vier Punkte ist einfach zu wenig... Und jetzt kommen halt Bayer, Kiel, Leverkusen und Frankfurt. Na super Klasse, kann ja nur gut laufen. CL ist weg, machen wir uns nichts vor. Mit der Chancenverwertung kann man froh sein, wenn es für Platz sieben reicht. Und auch Höneß muss man die Saison kritisieren. Ja, junger Trainer, lernt noch, aber er macht diese Saison jedes beschissene Mal die selben Fehler. Entweder falsche Taktik, vercoacht sich, oder was anderes. Warum heute so spät mit den Wechseln? Die Bank ist doch so gut, warum kommen dann nur drei. Warum bringt man am Ende nicht noch Rieder für Distanzschüsse und Flanken? Alles in allem bin ich sauer. Auf die Mannschaft und den Trainer, weil das war len zwei verschenkte, mit Wolfsburg fünf verschenkte Punkte infolge. Und die werden noch richtig wehtun","Ich verstehe es nicht... Also wirklich nicht. Hier muss man vier Dinger machen. Aber nein, man macht VfB Sachen, kassiert ein Eiertor und verschenkt wieder Punkte... Zum geühlt x-ten Mal steht man da und fragt sich wie das gerade nicht gewonnen wurde. Zum ZWEITEN MAL IN FOLGE. Und es gibt keine Ausreden mehr. Aus den letzten fünf Spielen vier Punkte ist einfach zu wenig... Und jetzt kommen halt Bayer, Kiel, Leverkusen und Frankfurt. Na super Klasse, kann ja nur gut laufen. CL ist weg, machen wir uns nichts vor. Mit der Chancenverwertung kann man froh sein, wenn es für Platz sieben reicht. Und auch Höneß muss man die Saison kritisieren. Ja, junger Trainer, lernt noch, aber er macht diese Saison jedes beschissene Mal die selben Fehler. Entweder falsche Taktik, vercoacht sich, oder was anderes. Warum heute so spät mit den Wechseln? Die Bank ist doch so gut, warum kommen dann nur drei. Warum bringt man am Ende nicht noch Rieder für Distanzschüsse und Flanken? Alles in allem bin ich sauer. Auf die Mannschaft und den Trainer, weil das war len zwei verschenkte, mit Wolfsburg fünf verschenkte Punkte infolge. Und die werden noch richtig wehtun",NEUTRAL
DE_0102,DE,fcbayern,Michael Olise,Who is going to tell Olise? 😂,Who is going to tell Olise? 😂,NEUTRAL
DE_0103,DE,fcbayern,Joshua Kimmich,kimmich full time SUB😂,kimmich full time SUB😂,NEUTRAL
DE_0104,DE,bvb,Karim Adeyemi,"Oh je, Adeyemi, Duranville und Malen fallen aus. Hoffentlich geht das mal gut","Oh je, Adeyemi, Duranville und Malen fallen aus. Hoffentlich geht das mal gut",NEUTRAL
DE_0105,DE,vfb,Pascal Stenzel,Stenzel rein zum verwalten,Stenzel rein zum verwalten,NEUTRAL
DE_0106,DE,bvb,Waldemar Anton,@brc.antonia 🖤💛,@brc.antonia 🖤💛,NEUTRAL
DE_0107,DE,bayer04,Granit Xhaka,@granitxhaka  Alles gute zum Geburtstag 🎂,@granitxhaka  Alles gute zum Geburtstag 🎂,NEUTRAL
DE_0108,DE,vfb,Jamie Leweling,Leweling Rieder rein Chris ind Laarsen raus,Leweling Rieder rein Chris ind Laarsen raus,NEUTRAL
DE_0109,DE,bvb,Niklas Süle,Happy Birthday 💛🖤💛 lieber Niklas Süle 🖤💛🖤,Happy Birthday 💛🖤💛 lieber Niklas Süle 🖤💛🖤,NEUTRAL
DE_0110,DE,bayer04,Jonathan Tah,"Im Leben nicht...da münchen erstmal die tv rechte, Stadion namen, und Spieler verkaufen müsste (wie barca) um wirtz zu verpflichten.  Die hatten ja nicht mal die 5 mio mehr für tah übrig in diesem Sommer.... und wo sollen die 150 mio auftreiben?? Liverpool und Madrid,  da seh ich ihn.","Im Leben nicht...da münchen erstmal die tv rechte, Stadion namen, und Spieler verkaufen müsste (wie barca) um wirtz zu verpflichten.  Die hatten ja nicht mal die 5 mio mehr für tah übrig in diesem Sommer.... und wo sollen die 150 mio auftreiben?? Liverpool und Madrid,  da seh ich ihn.",NEUTRAL
DE_0111,DE,fcbayern,Manuel Neuer,Will Neuer play ????,Will Neuer play ????,NEUTRAL
DE_0112,DE,vfb,Angelo Stiller,"In Freiburg kann man schon mal verlieren. Die haben nach dem schnellen Rückstand nicht resigniert und nach der ersten Trinkpause richtig Druck gemacht - vor allem über ihre starke linke Seite. Bei diesem Druck über links war der von seinen Mitspielern nicht genügend unterstützte RV Stenzel in der Defensive überfordert, ebenso Stiller, der als Not-IV auch im Mittelfeld fehlte. Was ich aber überhaupt nicht verstehe: Dass das von Flo Müller gehütete Tor nicht spätestens nach dem Slapstick-1:2 unter Dauerbeschuss aus allen Lagen genommen wurde. Müller hatte ab der 2. Spielminute einen gemütlichen Arbeitstag.","In Freiburg kann man schon mal verlieren. Die haben nach dem schnellen Rückstand nicht resigniert und nach der ersten Trinkpause richtig Druck gemacht - vor allem über ihre starke linke Seite. Bei diesem Druck über links war der von seinen Mitspielern nicht genügend unterstützte RV Stenzel in der Defensive überfordert, ebenso Stiller, der als Not-IV auch im Mittelfeld fehlte. Was ich aber überhaupt nicht verstehe: Dass das von Flo Müller gehütete Tor nicht spätestens nach dem Slapstick-1:2 unter Dauerbeschuss aus allen Lagen genommen wurde. Müller hatte ab der 2. Spielminute einen gemütlichen Arbeitstag.",NEUTRAL
DE_0113,DE,vfb,Deniz Undav,"Spieltags Bingo (VfB-Edition)✅ Kacktor Rückstand✅ Demi Abschluss ohne Tor✅Verletzungsunterbrechung VfB✅ Undav + Leweling im TV ""Die Verletzten""⭕️ Woltemade Doppelpack⭕️ krasse Vorlage Millot⭕️ starker Freistoß Rieder⭕️ Brych skandalös","Spieltags Bingo (VfB-Edition)✅ Kacktor Rückstand✅ Demi Abschluss ohne Tor✅Verletzungsunterbrechung VfB✅ Undav + Leweling im TV ""Die Verletzten""⭕️ Woltemade Doppelpack⭕️ krasse Vorlage Millot⭕️ starker Freistoß Rieder⭕️ Brych skandalös",NEUTRAL
DE_0114,DE,fcbayern,Min-Jae Kim,Kim kim kim,Kim kim kim,NEUTRAL
DE_0115,DE,vfb,Ermedin Demirovic,"Das war sehr ""schwach"" heute keine Frage, trotzdem hat es Mainz natürlich auch geschafft denn Spiel Fluß durch entweder fauls oder rum liegen so zu zerstören das wirklich nie auch nur irgendwie leicht sich irgendwas flüssiges im spiel entwickeln konnte. Vielleicht wäre in dem spiel ein chabot und demirovic mit ihrer Körperlichkeit, von anfang heute spielen zu lassen sinnvoller gewesen. Aber es hilft natürlich auch nicht Mainz dann auch noch zwei, so unfassbar dumme tore zu schenken. Naja, kann man nix machen solche Spiele gibt es immer, Mund abwischen und gegen PSG da weiter machen wo man gegen Bratislava aufgehört hat ⚪️🔴","Das war sehr ""schwach"" heute keine Frage, trotzdem hat es Mainz natürlich auch geschafft denn Spiel Fluß durch entweder fauls oder rum liegen so zu zerstören das wirklich nie auch nur irgendwie leicht sich irgendwas flüssiges im spiel entwickeln konnte. Vielleicht wäre in dem spiel ein chabot und demirovic mit ihrer Körperlichkeit, von anfang heute spielen zu lassen sinnvoller gewesen. Aber es hilft natürlich auch nicht Mainz dann auch noch zwei, so unfassbar dumme tore zu schenken. Naja, kann man nix machen solche Spiele gibt es immer, Mund abwischen und gegen PSG da weiter machen wo man gegen Bratislava aufgehört hat ⚪️🔴",NEUTRAL
DE_0116,DE,bvb,Emre Can,@allecanhater !!!!!!,@allecanhater !!!!!!,NEUTRAL
DE_0117,DE,bayer04,Victor Boniface,Boniface 😂😂😂,Boniface 😂😂😂,NEUTRAL
DE_0118,DE,bvb,Gregor Kobel,"Hoffentlich hat der Kobel genug Schlaf bekommen,der arme Kerl!?!","Hoffentlich hat der Kobel genug Schlaf bekommen,der arme Kerl!?!",NEUTRAL
DE_0119,DE,vfb,Jeff Chabot,Neben Chabot wirkt Demirovic ganz klein,Neben Chabot wirkt Demirovic ganz klein,NEUTRAL
DE_0120,DE,fch,Niklas Dorsch,Hab von Dorsch früher wo er schon in heidenheim war ein Trikot bekommen,Hab von Dorsch früher wo er schon in heidenheim war ein Trikot bekommen,NEUTRAL
DE_0121,DE,vfb,Enzo Millot,"Auf welcher Mission ist Hoeneß eigentlich immer, dass er bei knappen Ergebnissen so spät wechselt?Bzw allgemein so häufig so spät wechselt.Hoffenheim drückt mehr und mehr aber du entlastest niemanden da vorne.Bringst dann zur 82‘ mal Millot und Demi…geil, die haben dann 8 Minuten, um die Offensive neu zu beleben.","Auf welcher Mission ist Hoeneß eigentlich immer, dass er bei knappen Ergebnissen so spät wechselt?Bzw allgemein so häufig so spät wechselt.Hoffenheim drückt mehr und mehr aber du entlastest niemanden da vorne.Bringst dann zur 82‘ mal Millot und Demi…geil, die haben dann 8 Minuten, um die Offensive neu zu beleben.",NEUTRAL
DE_0122,DE,vfb,Alexander Nübel,"Bitte Vahnoman verschenken , Sebastian heutige Niederlagen geht auf dich, Vagnoman katastrophal,Undav spielt seit Wochen schlecht.,zu Hause darfst du nicht verloren egal wenn spielst du gegen Reall.Du hast falsche Aufstellung gemacht, zu spät gewechselt,Nübel bekommt zu viel Rückpass von seine Spieler,was soll das.","Bitte Vahnoman verschenken , Sebastian heutige Niederlagen geht auf dich, Vagnoman katastrophal,Undav spielt seit Wochen schlecht.,zu Hause darfst du nicht verloren egal wenn spielst du gegen Reall.Du hast falsche Aufstellung gemacht, zu spät gewechselt,Nübel bekommt zu viel Rückpass von seine Spieler,was soll das.",NEUTRAL
DE_0123,DE,fch,Paul Wanner,@paul_wanner_ nur ein einzige Antwort ein Smiley nur ich flehe dich an,@paul_wanner_ nur ein einzige Antwort ein Smiley nur ich flehe dich an,NEUTRAL
DE_0124,DE,bayer04,Florian Wirtz,"Wirtz go to REAL or MEPPEN, but: Bayern wirtz nicht, okay guy???","Wirtz go to REAL or MEPPEN, but: Bayern wirtz nicht, okay guy???",NEUTRAL
DE_0125,DE,fch,Marvin Pieringer,Wird Pieringer spielen?,Wird Pieringer spielen?,NEUTRAL
DE_0126,DE,vfb,Fabian Rieder,"Also man sollte sich Gedanken machen, wenn man zum vierten Mal in Folge 1:0 in Führung geht und nicht gewinnen würde... Kiel ist Pflicht und trotzdem scheißt man sich gegen die ein. Und warum spielen offensiv immer dieselben? So viel schlechter können es ein Demirovic oder Rieder jetzt auch nicht machen, dann gebt denen doch bitte mal mehr Spielzeit als 10 Minuten","Also man sollte sich Gedanken machen, wenn man zum vierten Mal in Folge 1:0 in Führung geht und nicht gewinnen würde... Kiel ist Pflicht und trotzdem scheißt man sich gegen die ein. Und warum spielen offensiv immer dieselben? So viel schlechter können es ein Demirovic oder Rieder jetzt auch nicht machen, dann gebt denen doch bitte mal mehr Spielzeit als 10 Minuten",NEUTRAL
DE_0127,DE,fcbayern,Michael Olise,Olise darf ruhig auch mal lächeln 😅,Olise darf ruhig auch mal lächeln 😅,NEUTRAL
DE_0128,DE,fcbayern,Joshua Kimmich,Kimmich 🤨❤️,Kimmich 🤨❤️,NEUTRAL
DE_0129,DE,bvb,Karim Adeyemi,Adeyemi im Tor,Adeyemi im Tor,NEUTRAL
DE_0130,DE,vfb,Jamie Leweling,"Das Ding muss ich leider sagen liegt beim Trainer,zu spät gewechselt grade,zu spät ,leider pennt der an der Linie,der chase  hinten,stiller inne  mitte, Silos für leweling undmittelstedt rein,wie gesagt viel zu spät hr.bastian,vlt geht ja noch was zum 3zu3","Das Ding muss ich leider sagen liegt beim Trainer,zu spät gewechselt grade,zu spät ,leider pennt der an der Linie,der chase  hinten,stiller inne  mitte, Silos für leweling undmittelstedt rein,wie gesagt viel zu spät hr.bastian,vlt geht ja noch was zum 3zu3",NEUTRAL
DE_0131,DE,vfb,Angelo Stiller,"Ich glaub wir sind das beste und schlechteste Team zu gleich was ich je gesehen hab. Wie mann so ein gutes Spiel machen kann, bloß um dann mit eigenen Fehler alles aber wirklich alles im Klo runter zuspülen ist echt krass. Von vagnoman hab ich jetzt wirklich echt genug gesehen, millot auch schon lange nicht mehr der von Beginn der Saison und wieso nübel gefühlt das halbe Spiel lang denn ball lang hammert ausser da wo jeder gedeckt ist, ist auch stark. Wiederum ist das 1:1 wahrscheinlich abseits, dess so länger das spiel ging dess so schlechter wurde der schiri und jeltsch, woltemade, Stiller und auch noch einige andere haben heute eigentlich ein solides Spiel gemacht. Es gibt jetzt für uns zwei Optionen entweder wir verkacken jetzt auch gegen Kiel und Rutschen so auf BVB Niveau ab, oder wir spielen so weiter wie wir es heute vorallem in der ersten Halbzeit getan haben und fangen endlich wieder an spiele zu gewinnen. Weil eigentlich kann man sich wenn man selber nicht so unfassbar dumm gewesen wäre, heute nur wenig vor werfen. AUF GEHT'S VFB wir reisen uns jetzt endlich mal wieder zusammen und fangen endlich wieder das Siegen an ⚪️🔴","Ich glaub wir sind das beste und schlechteste Team zu gleich was ich je gesehen hab. Wie mann so ein gutes Spiel machen kann, bloß um dann mit eigenen Fehler alles aber wirklich alles im Klo runter zuspülen ist echt krass. Von vagnoman hab ich jetzt wirklich echt genug gesehen, millot auch schon lange nicht mehr der von Beginn der Saison und wieso nübel gefühlt das halbe Spiel lang denn ball lang hammert ausser da wo jeder gedeckt ist, ist auch stark. Wiederum ist das 1:1 wahrscheinlich abseits, dess so länger das spiel ging dess so schlechter wurde der schiri und jeltsch, woltemade, Stiller und auch noch einige andere haben heute eigentlich ein solides Spiel gemacht. Es gibt jetzt für uns zwei Optionen entweder wir verkacken jetzt auch gegen Kiel und Rutschen so auf BVB Niveau ab, oder wir spielen so weiter wie wir es heute vorallem in der ersten Halbzeit getan haben und fangen endlich wieder an spiele zu gewinnen. Weil eigentlich kann man sich wenn man selber nicht so unfassbar dumm gewesen wäre, heute nur wenig vor werfen. AUF GEHT'S VFB wir reisen uns jetzt endlich mal wieder zusammen und fangen endlich wieder das Siegen an ⚪️🔴",NEUTRAL
DE_0132,DE,vfb,Deniz Undav,Meine Meinung zum Spiel:  Woltermade stark stiller gut kann beim 1:2 nix dafür nübel seine Schuld Mittelstädt gut Finn poa ist der gut wird der nächste Nationalspieler undav läuft wie Falschgeld Rum leider fehlt die lockeheit gerade leweling kann einem leid tun mit vagnoman der muss raus sonst Spielt leweling bald rechter Verteidiger so nimmst du ihn seine Stärke weg und wir machen noch zu viele Fehler leider aber noch ich finde die Leistung an sich wird besser wir müssen effektiver werden und unsere Chancen nutzen du gehst 3 mal in Führung und verlierst das Drei Mal Wolfsburg darf nicht passieren 1:1 wäre okay gewesen in Hoffenheim musst zur Halbzeit 4:0 führen trops gelutscht und gegen Bayern musst einfach die wenigen Chancen nutzen aber gegen die kannst verlieren aber nicht so und so bringst dich um deine Saison die nicht so schlecht ist wie teilweise gemacht wird die Ergebnisse müssen kommen gegen Kiel sind 3 Punkte Pflicht wenn du oben dabei bleiben möchtest,Meine Meinung zum Spiel:  Woltermade stark stiller gut kann beim 1:2 nix dafür nübel seine Schuld Mittelstädt gut Finn poa ist der gut wird der nächste Nationalspieler undav läuft wie Falschgeld Rum leider fehlt die lockeheit gerade leweling kann einem leid tun mit vagnoman der muss raus sonst Spielt leweling bald rechter Verteidiger so nimmst du ihn seine Stärke weg und wir machen noch zu viele Fehler leider aber noch ich finde die Leistung an sich wird besser wir müssen effektiver werden und unsere Chancen nutzen du gehst 3 mal in Führung und verlierst das Drei Mal Wolfsburg darf nicht passieren 1:1 wäre okay gewesen in Hoffenheim musst zur Halbzeit 4:0 führen trops gelutscht und gegen Bayern musst einfach die wenigen Chancen nutzen aber gegen die kannst verlieren aber nicht so und so bringst dich um deine Saison die nicht so schlecht ist wie teilweise gemacht wird die Ergebnisse müssen kommen gegen Kiel sind 3 Punkte Pflicht wenn du oben dabei bleiben möchtest,NEUTRAL
DE_0133,DE,fcbayern,Min-Jae Kim,We need to get our revenge seeing kimmich crying broke my heart,We need to get our revenge seeing kimmich crying broke my heart,NEUTRAL
DE_0134,DE,vfb,Ermedin Demirovic,Die Leistungen in den ersten Hälften waren in den letzten Wochen einfach schlecht u vor allem unkonzentriert. Da muss Hoeneß unbedingt ansetzen … Von Demirovic kommt einfach viel zu wenig da vorne. Er arbeitet viel zu wenig. Soll sich mal ein Beispiel an Woltemade nehmen.,Die Leistungen in den ersten Hälften waren in den letzten Wochen einfach schlecht u vor allem unkonzentriert. Da muss Hoeneß unbedingt ansetzen … Von Demirovic kommt einfach viel zu wenig da vorne. Er arbeitet viel zu wenig. Soll sich mal ein Beispiel an Woltemade nehmen.,NEUTRAL
DE_0135,DE,bvb,Emre Can,Cant bro smile?,Cant bro smile?,NEUTRAL
DE_0136,DE,bayer04,Victor Boniface,na boniface move to galatasry or wot?,na boniface move to galatasry or wot?,NEUTRAL
DE_0137,DE,vfb,Jeff Chabot,Ab heute chabot in sturm setzen,Ab heute chabot in sturm setzen,NEUTRAL
DE_0138,DE,vfb,Enzo Millot,Wieso sollten Millot oder Hoeneß zum BVB wechseln?😂 Wäre ja ein Abstieg😂,Wieso sollten Millot oder Hoeneß zum BVB wechseln?😂 Wäre ja ein Abstieg😂,NEUTRAL
DE_0139,DE,vfb,Alexander Nübel,Unsere ZUKUNFT nach Nübel 🤍❤️ #forzavfb,Unsere ZUKUNFT nach Nübel 🤍❤️ #forzavfb,NEUTRAL
DE_0140,DE,fch,Paul Wanner,Wann kommt das Wanner Trikot?,Wann kommt das Wanner Trikot?,NEUTRAL
DE_0141,DE,bayer04,Florian Wirtz,Wirtz * Wann spielen wir zusammen bei Real Madrid?*,Wirtz * Wann spielen wir zusammen bei Real Madrid?*,NEUTRAL
DE_0142,DE,vfb,Fabian Rieder,"Nächstes Mal bitte einfach mal Woltemade und Rieder von Anfang an bringen. Wir reden ja immer wie breit der Kader ist,","Nächstes Mal bitte einfach mal Woltemade und Rieder von Anfang an bringen. Wir reden ja immer wie breit der Kader ist,",NEUTRAL
DE_0143,DE,fcbayern,Michael Olise,Olise : 😐🍺,Olise : 😐🍺,NEUTRAL
DE_0144,DE,vfb,Jamie Leweling,"Was ist mit Leweling am Samstag? Spielt er? Muss das wissen für mein Kickbase-Team, sonst muss ich ihn verkaufen und dafür Jordan holen.","Was ist mit Leweling am Samstag? Spielt er? Muss das wissen für mein Kickbase-Team, sonst muss ich ihn verkaufen und dafür Jordan holen.",NEUTRAL
DE_0145,DE,vfb,Angelo Stiller,Ein Spiel ohne Foul an Stiller gibts wohl auch nicht mehr🫣,Ein Spiel ohne Foul an Stiller gibts wohl auch nicht mehr🫣,NEUTRAL
DE_0146,DE,vfb,Deniz Undav,#denizundav ✌🏾,#denizundav ✌🏾,NEUTRAL
DE_0147,DE,fcbayern,Min-Jae Kim,Giving tips and tricks to Kim and Up😂😂😂,Giving tips and tricks to Kim and Up😂😂😂,NEUTRAL
DE_0148,DE,vfb,Ermedin Demirovic,Demirovic spielt gefühlt kaum noch..Ist das Spiel vorn besser geworden??nein😂wenn er spielt kommt fast kein Ball zu ihm...und dann kritisieren ihn die Fans🤡,Demirovic spielt gefühlt kaum noch..Ist das Spiel vorn besser geworden??nein😂wenn er spielt kommt fast kein Ball zu ihm...und dann kritisieren ihn die Fans🤡,NEUTRAL
DE_0149,DE,bayer04,Victor Boniface,👈BONIFACE GOAL HERE🇳🇬,👈BONIFACE GOAL HERE🇳🇬,NEUTRAL
DE_0150,DE,vfb,Jeff Chabot,Chabot soll Silas erst loslassen wenn überall das Transferfenster zu ist,Chabot soll Silas erst loslassen wenn überall das Transferfenster zu ist,NEUTRAL
DE_0151,DE,vfb,Enzo Millot,"In Mainz ist es immer unangenehm, da tuhen sich die meisten schwer. Bayern hat da z.b. verloren, Dortmund auch "" ok das ist keine große Kunst "" 😁Mainz für viele und auch für mich die Überraschungs-Mannschaft der Saison 💯Aber in letzter Zeit haben wir eine sehr starke Bilanz gegen Mainz, denn seit unserem Wiederaufstieg 2020 sind wir ungeschlagen! 6 Siege und 3 Remis seitdem in 9 Partien. Darf gerne ausgebaut werden 💪Bin sehr guter Dinge, denn wir haben einen breiten Kader, richtig viele Optionen, vorne läuft es, hinten stehen wir deutlich stabiler, zuletzt wenig Gegentore kassiert, sind richtig im Flow, also jetzt diese Welle solange wie möglich reiten 💯Millot fehlt gelb gesperrt, aber mit Hinblick auf Mittwoch gegen PSG kein Nachteil und weil wir Offensiv eh viele Optionen haben. Mission CL-Platz 4 zu festigen und auch das 5.Pflichtspiel 2025 zu gewinnen! 💪Jungs, alles geben für den Auswärtssieg 🥰Nur der VfB 🤍❤️","In Mainz ist es immer unangenehm, da tuhen sich die meisten schwer. Bayern hat da z.b. verloren, Dortmund auch "" ok das ist keine große Kunst "" 😁Mainz für viele und auch für mich die Überraschungs-Mannschaft der Saison 💯Aber in letzter Zeit haben wir eine sehr starke Bilanz gegen Mainz, denn seit unserem Wiederaufstieg 2020 sind wir ungeschlagen! 6 Siege und 3 Remis seitdem in 9 Partien. Darf gerne ausgebaut werden 💪Bin sehr guter Dinge, denn wir haben einen breiten Kader, richtig viele Optionen, vorne läuft es, hinten stehen wir deutlich stabiler, zuletzt wenig Gegentore kassiert, sind richtig im Flow, also jetzt diese Welle solange wie möglich reiten 💯Millot fehlt gelb gesperrt, aber mit Hinblick auf Mittwoch gegen PSG kein Nachteil und weil wir Offensiv eh viele Optionen haben. Mission CL-Platz 4 zu festigen und auch das 5.Pflichtspiel 2025 zu gewinnen! 💪Jungs, alles geben für den Auswärtssieg 🥰Nur der VfB 🤍❤️",NEUTRAL
DE_0152,DE,vfb,Alexander Nübel,"Ich glaub wir sind das beste und schlechteste Team zu gleich was ich je gesehen hab. Wie mann so ein gutes Spiel machen kann, bloß um dann mit eigenen Fehler alles aber wirklich alles im Klo runter zuspülen ist echt krass. Von vagnoman hab ich jetzt wirklich echt genug gesehen, millot auch schon lange nicht mehr der von Beginn der Saison und wieso nübel gefühlt das halbe Spiel lang denn ball lang hammert ausser da wo jeder gedeckt ist, ist auch stark. Wiederum ist das 1:1 wahrscheinlich abseits, dess so länger das spiel ging dess so schlechter wurde der schiri und jeltsch, woltemade, Stiller und auch noch einige andere haben heute eigentlich ein solides Spiel gemacht. Es gibt jetzt für uns zwei Optionen entweder wir verkacken jetzt auch gegen Kiel und Rutschen so auf BVB Niveau ab, oder wir spielen so weiter wie wir es heute vorallem in der ersten Halbzeit getan haben und fangen endlich wieder an spiele zu gewinnen. Weil eigentlich kann man sich wenn man selber nicht so unfassbar dumm gewesen wäre, heute nur wenig vor werfen. AUF GEHT'S VFB wir reisen uns jetzt endlich mal wieder zusammen und fangen endlich wieder das Siegen an ⚪️🔴","Ich glaub wir sind das beste und schlechteste Team zu gleich was ich je gesehen hab. Wie mann so ein gutes Spiel machen kann, bloß um dann mit eigenen Fehler alles aber wirklich alles im Klo runter zuspülen ist echt krass. Von vagnoman hab ich jetzt wirklich echt genug gesehen, millot auch schon lange nicht mehr der von Beginn der Saison und wieso nübel gefühlt das halbe Spiel lang denn ball lang hammert ausser da wo jeder gedeckt ist, ist auch stark. Wiederum ist das 1:1 wahrscheinlich abseits, dess so länger das spiel ging dess so schlechter wurde der schiri und jeltsch, woltemade, Stiller und auch noch einige andere haben heute eigentlich ein solides Spiel gemacht. Es gibt jetzt für uns zwei Optionen entweder wir verkacken jetzt auch gegen Kiel und Rutschen so auf BVB Niveau ab, oder wir spielen so weiter wie wir es heute vorallem in der ersten Halbzeit getan haben und fangen endlich wieder an spiele zu gewinnen. Weil eigentlich kann man sich wenn man selber nicht so unfassbar dumm gewesen wäre, heute nur wenig vor werfen. AUF GEHT'S VFB wir reisen uns jetzt endlich mal wieder zusammen und fangen endlich wieder das Siegen an ⚪️🔴",NEUTRAL
DE_0153,DE,fch,Paul Wanner,"@paul_wanner_ Ich flehe dich doch so sehr an es ist doch nur eine einzige Antwort es ist doch nur ein einziger Smiley bitte es ist so ein Riesen Traum von mir , von so einem großen Idol eine Antwort zu bekommen es ist nur ein Smiley 😓","@paul_wanner_ Ich flehe dich doch so sehr an es ist doch nur eine einzige Antwort es ist doch nur ein einziger Smiley bitte es ist so ein Riesen Traum von mir , von so einem großen Idol eine Antwort zu bekommen es ist nur ein Smiley 😓",NEUTRAL
DE_0154,DE,bayer04,Florian Wirtz,Warum Wirtz 😂,Warum Wirtz 😂,NEUTRAL
DE_0155,DE,vfb,Fabian Rieder,Vielleicht spielt er ja morgen und Rieder wäre auch mal wieder ne Idee..,Vielleicht spielt er ja morgen und Rieder wäre auch mal wieder ne Idee..,NEUTRAL
DE_0156,DE,vfb,Jamie Leweling,"Wir haben Luxus Probleme, die andere Mannschaften gerne haben wollen. Wir können immer noch Demi und Rieder für Undav und Leweling bringen, und die hatten auch noch Chancen. Klar, Chancenverwertung ist kacke, aber die hatte jeder. Können froh sein, so viele Stürmer zu haben⚪️❤️⚪️🔥","Wir haben Luxus Probleme, die andere Mannschaften gerne haben wollen. Wir können immer noch Demi und Rieder für Undav und Leweling bringen, und die hatten auch noch Chancen. Klar, Chancenverwertung ist kacke, aber die hatte jeder. Können froh sein, so viele Stürmer zu haben⚪️❤️⚪️🔥",NEUTRAL
DE_0157,DE,vfb,Angelo Stiller,@fynn_hartman du siehst aus wie @angelo.stiller,@fynn_hartman du siehst aus wie @angelo.stiller,NEUTRAL
DE_0158,DE,vfb,Deniz Undav,"Der EINE PUNKT schön und gut, aber es fühlt sich halt leider an wie eine Niederlage! Das du diese Mainzer Mannschaft nach einer absoluten Dominanz bis zur 2:0 Führung überhaupt noch ins Spiel kommen lässt ist zwar eine Sache. Ok! Aber das du die dann Step by Step mit Individuellen Eigenfehlern auch noch belohnst!? 🤦 Wir waren Hungrig, willig und hatten Super Aktionen, aber wenn wir Ehrlich zu uns sind dann leider keine richtigen und gezielten Torabschlüsse bzw Torschüsse. Leider! Da war mit dem Willen, überhaupt nach dem zwischenzeitlichen 2:2 und der „Flügelaktivität“ viel, viel mehr drin. Meiner Meinung nach ist ein Demirovic der halt auch vorne drin mit seiner Größe und seiner Kopfballstärke ein ganz anderer Spieler als ein Undav, der halt viel mehr über die Mitte (sich die Bälle dort sehr oft selbst holt) bzw über die Flügel kommt und dann selbst Flanken in den Strafraum bringt ein ganz anderer Spieler und deshalb ging ein Demi vorne drin schon Massiv ab, besonders, weil wir heute sehr, sehr viel und fast ständig nur über die Seiten bzw. Flügel kamen. Schade, wirklich Schade, denn das Spiel war alles andere, aber nicht zum herschenken. 😔 Alles im allen, schnell daraus lernen BITTE 🙏 Kopf Hoch, denn es warten weitere Harte Wochen auf uns und eines auf jedenfall immer sein: „Hungrig, Hungrig, Hungrig!“ Nicht abschalten und Totgeglaubte wiederbeleben, nicht nur heute, sondern egal wen in Zukunft. In diesem Sinne allen VFB Fans noch einen schönen Samstag Abend, trinkt das ein oder andere „Erfrischungsgetränk“, lasst es Euch schmecken und bis zum nächsten VFB Spiel da machen es die Cannstatter Jungs dann sicherlich besser. 🔥🤍❤️ #fürimmervfb #forzavfb","Der EINE PUNKT schön und gut, aber es fühlt sich halt leider an wie eine Niederlage! Das du diese Mainzer Mannschaft nach einer absoluten Dominanz bis zur 2:0 Führung überhaupt noch ins Spiel kommen lässt ist zwar eine Sache. Ok! Aber das du die dann Step by Step mit Individuellen Eigenfehlern auch noch belohnst!? 🤦 Wir waren Hungrig, willig und hatten Super Aktionen, aber wenn wir Ehrlich zu uns sind dann leider keine richtigen und gezielten Torabschlüsse bzw Torschüsse. Leider! Da war mit dem Willen, überhaupt nach dem zwischenzeitlichen 2:2 und der „Flügelaktivität“ viel, viel mehr drin. Meiner Meinung nach ist ein Demirovic der halt auch vorne drin mit seiner Größe und seiner Kopfballstärke ein ganz anderer Spieler als ein Undav, der halt viel mehr über die Mitte (sich die Bälle dort sehr oft selbst holt) bzw über die Flügel kommt und dann selbst Flanken in den Strafraum bringt ein ganz anderer Spieler und deshalb ging ein Demi vorne drin schon Massiv ab, besonders, weil wir heute sehr, sehr viel und fast ständig nur über die Seiten bzw. Flügel kamen. Schade, wirklich Schade, denn das Spiel war alles andere, aber nicht zum herschenken. 😔 Alles im allen, schnell daraus lernen BITTE 🙏 Kopf Hoch, denn es warten weitere Harte Wochen auf uns und eines auf jedenfall immer sein: „Hungrig, Hungrig, Hungrig!“ Nicht abschalten und Totgeglaubte wiederbeleben, nicht nur heute, sondern egal wen in Zukunft. In diesem Sinne allen VFB Fans noch einen schönen Samstag Abend, trinkt das ein oder andere „Erfrischungsgetränk“, lasst es Euch schmecken und bis zum nächsten VFB Spiel da machen es die Cannstatter Jungs dann sicherlich besser. 🔥🤍❤️ #fürimmervfb #forzavfb",NEUTRAL
DE_0159,DE,vfb,Ermedin Demirovic,"Wichtige Spieler weggekauft und wieder kassiert. Für nächste Saison Undav,Demirovic,Milliot und Stiller? 5:1 einfach nur krank und Millot Weltklasse","Wichtige Spieler weggekauft und wieder kassiert. Für nächste Saison Undav,Demirovic,Milliot und Stiller? 5:1 einfach nur krank und Millot Weltklasse",NEUTRAL
DE_0160,DE,bayer04,Victor Boniface,bonifacey😂😂😂,bonifacey😂😂😂,NEUTRAL
DE_0161,DE,vfb,Enzo Millot,Update zu Millot bitte,Update zu Millot bitte,NEUTRAL
DE_0162,DE,fch,Paul Wanner,Denkst ich Wanner wird Stammspieler?,Denkst ich Wanner wird Stammspieler?,NEUTRAL
DE_0163,DE,vfb,Fabian Rieder,"Vagnoman,Leweling,Karazor,Undav raus, Demirović,Rieder,Diehl,Woltemade rein","Vagnoman,Leweling,Karazor,Undav raus, Demirović,Rieder,Diehl,Woltemade rein",NEUTRAL
DE_0164,DE,vfb,Deniz Undav,Deniz undav ✌🏻,Deniz undav ✌🏻,NEUTRAL
DE_0165,DE,vfb,Ermedin Demirovic,Undav in Sturm demirovic raus dafür Rieder,Undav in Sturm demirovic raus dafür Rieder,NEUTRAL
DE_0166,DE,bayer04,Victor Boniface,We gather get Akure blood 😂 @boniface_jrn,We gather get Akure blood 😂 @boniface_jrn,NEUTRAL
DE_0167,DE,vfb,Enzo Millot,Soll Millot den Pfiff mit einem lächeln entgegen nehmen oder was,Soll Millot den Pfiff mit einem lächeln entgegen nehmen oder was,NEUTRAL
DE_0168,DE,fch,Paul Wanner,@paul_wanner_ ich flehe dich bitte nur eine einzige Antwort bitte 😓😓,@paul_wanner_ ich flehe dich bitte nur eine einzige Antwort bitte 😓😓,NEUTRAL
DE_0169,DE,vfb,Fabian Rieder,"Bitte Sebastin,Vagnoman,Karazor,Stiller,Leweling,Undav eine Pause. Demirović,Sergoiu, Diehl,Rieder,  rein","Bitte Sebastin,Vagnoman,Karazor,Stiller,Leweling,Undav eine Pause. Demirović,Sergoiu, Diehl,Rieder,  rein",NEUTRAL
DE_0170,DE,vfb,Deniz Undav,"Das war Fußballspiel zu vergessen.. 1 Halbzeit pennt man ja ein, da war Chris und Maxi noch die besten.. Bitte erlöst Vagno und lasst den draußen, ist ja unterirdisch alle machen ein Schritt nach vorne  unter Basti er nicht. Undav mal von der Bank bringen vllt setzt er dann andere Signale","Das war Fußballspiel zu vergessen.. 1 Halbzeit pennt man ja ein, da war Chris und Maxi noch die besten.. Bitte erlöst Vagno und lasst den draußen, ist ja unterirdisch alle machen ein Schritt nach vorne  unter Basti er nicht. Undav mal von der Bank bringen vllt setzt er dann andere Signale",NEUTRAL
DE_0171,DE,bayer04,Victor Boniface,@boniface_jrn that hand mean Don’t Play 😂😂😂,@boniface_jrn that hand mean Don’t Play 😂😂😂,NEUTRAL
DE_0172,DE,vfb,Enzo Millot,Leistungsträger weggekauft trotzdem wird das nix. Jetzt noch Millot und Hoeneß wollen. Selbst wenn die sich VfB Dortmund nennen. Und danke Anton für das Super Wochenende,Leistungsträger weggekauft trotzdem wird das nix. Jetzt noch Millot und Hoeneß wollen. Selbst wenn die sich VfB Dortmund nennen. Und danke Anton für das Super Wochenende,NEUTRAL
DE_0173,DE,vfb,Fabian Rieder,"Das war eins der besten spiele die ich vom vfb gesehen habe. Ich dachte da geht man 4 -0 zur Halbzeit runter. Nein man hatte Chancen, klare. Das ist das einzige was man heute zum vorwurf machen könnte, nicht kaltschnäuzig genug. Und rieder vor dem zwei ein an der aussen linie der lupfer? Naja was solls. Top leistung . Hat am tv extrem spass gemacht , real beim schwitzen und schwimmen zu sehen, jede hoffnung jeden joker einzuwechseln und die Verzweiflung wuchs und wuchs 🤣🤣🤣🤣🙏🙏🙏","Das war eins der besten spiele die ich vom vfb gesehen habe. Ich dachte da geht man 4 -0 zur Halbzeit runter. Nein man hatte Chancen, klare. Das ist das einzige was man heute zum vorwurf machen könnte, nicht kaltschnäuzig genug. Und rieder vor dem zwei ein an der aussen linie der lupfer? Naja was solls. Top leistung . Hat am tv extrem spass gemacht , real beim schwitzen und schwimmen zu sehen, jede hoffnung jeden joker einzuwechseln und die Verzweiflung wuchs und wuchs 🤣🤣🤣🤣🙏🙏🙏",NEUTRAL
DE_0174,DE,vfb,Deniz Undav,Deniz Undav 🫡,Deniz Undav 🫡,NEUTRAL
DE_0175,DE,bayer04,Victor Boniface,Omo weyrey @boniface_jrn 😂😂😂😂,Omo weyrey @boniface_jrn 😂😂😂😂,NEUTRAL
DE_0176,DE,vfb,Enzo Millot,"Alle direkten Konkurrenten haben gewonnen, maximal bittere und unnötige Niederlage. Jetzt die richtigen Lehren ziehen: Stergiou muss RV spielen, Woltemade ist der stürmer nummer eins, Millot eine längere Pause geben, Jeltsch für die Spieleröffnung rein","Alle direkten Konkurrenten haben gewonnen, maximal bittere und unnötige Niederlage. Jetzt die richtigen Lehren ziehen: Stergiou muss RV spielen, Woltemade ist der stürmer nummer eins, Millot eine längere Pause geben, Jeltsch für die Spieleröffnung rein",NEUTRAL
DE_0177,DE,vfb,Deniz Undav,Kurdish deniz undav 😎,Kurdish deniz undav 😎,NEUTRAL
DE_0178,DE,bayer04,Victor Boniface,Boniface wan beat person,Boniface wan beat person,NEUTRAL
DE_0179,DE,vfb,Enzo Millot,"Ich bin allen ehrlich, Chase ist echt der Hammer. Millot hat gelb bekommen weil er sich aufregt das da kein Einwurf ist, und der Elfmeter ist keiner, bitte lässt diesen Schiedsrichter nie mehr pfeifen, nicht in den VfB Partien, aber auch nicht in anderen, der ist sogar für Kreisliga zu schlecht","Ich bin allen ehrlich, Chase ist echt der Hammer. Millot hat gelb bekommen weil er sich aufregt das da kein Einwurf ist, und der Elfmeter ist keiner, bitte lässt diesen Schiedsrichter nie mehr pfeifen, nicht in den VfB Partien, aber auch nicht in anderen, der ist sogar für Kreisliga zu schlecht",NEUTRAL
DE_0180,DE,vfb,Deniz Undav,Where is Undav?,Where is Undav?,NEUTRAL
DE_0181,DE,bayer04,Victor Boniface,@boniface_jrn  come wetin do you near your mouth sef,@boniface_jrn  come wetin do you near your mouth sef,NEUTRAL
DE_0182,DE,vfb,Enzo Millot,"Ich glaub wir sind das beste und schlechteste Team zu gleich was ich je gesehen hab. Wie mann so ein gutes Spiel machen kann, bloß um dann mit eigenen Fehler alles aber wirklich alles im Klo runter zuspülen ist echt krass. Von vagnoman hab ich jetzt wirklich echt genug gesehen, millot auch schon lange nicht mehr der von Beginn der Saison und wieso nübel gefühlt das halbe Spiel lang denn ball lang hammert ausser da wo jeder gedeckt ist, ist auch stark. Wiederum ist das 1:1 wahrscheinlich abseits, dess so länger das spiel ging dess so schlechter wurde der schiri und jeltsch, woltemade, Stiller und auch noch einige andere haben heute eigentlich ein solides Spiel gemacht. Es gibt jetzt für uns zwei Optionen entweder wir verkacken jetzt auch gegen Kiel und Rutschen so auf BVB Niveau ab, oder wir spielen so weiter wie wir es heute vorallem in der ersten Halbzeit getan haben und fangen endlich wieder an spiele zu gewinnen. Weil eigentlich kann man sich wenn man selber nicht so unfassbar dumm gewesen wäre, heute nur wenig vor werfen. AUF GEHT'S VFB wir reisen uns jetzt endlich mal wieder zusammen und fangen endlich wieder das Siegen an ⚪️🔴","Ich glaub wir sind das beste und schlechteste Team zu gleich was ich je gesehen hab. Wie mann so ein gutes Spiel machen kann, bloß um dann mit eigenen Fehler alles aber wirklich alles im Klo runter zuspülen ist echt krass. Von vagnoman hab ich jetzt wirklich echt genug gesehen, millot auch schon lange nicht mehr der von Beginn der Saison und wieso nübel gefühlt das halbe Spiel lang denn ball lang hammert ausser da wo jeder gedeckt ist, ist auch stark. Wiederum ist das 1:1 wahrscheinlich abseits, dess so länger das spiel ging dess so schlechter wurde der schiri und jeltsch, woltemade, Stiller und auch noch einige andere haben heute eigentlich ein solides Spiel gemacht. Es gibt jetzt für uns zwei Optionen entweder wir verkacken jetzt auch gegen Kiel und Rutschen so auf BVB Niveau ab, oder wir spielen so weiter wie wir es heute vorallem in der ersten Halbzeit getan haben und fangen endlich wieder an spiele zu gewinnen. Weil eigentlich kann man sich wenn man selber nicht so unfassbar dumm gewesen wäre, heute nur wenig vor werfen. AUF GEHT'S VFB wir reisen uns jetzt endlich mal wieder zusammen und fangen endlich wieder das Siegen an ⚪️🔴",NEUTRAL
DE_0183,DE,vfb,Deniz Undav,Ist Undav da??,Ist Undav da??,NEUTRAL
DE_0184,DE,bayer04,Victor Boniface,@boniface_jrn come drop caption buddy 😂😂,@boniface_jrn come drop caption buddy 😂😂,NEUTRAL
DE_0185,DE,vfb,Deniz Undav,Undav Einzelsturm???,Undav Einzelsturm???,NEUTRAL
DE_0186,DE,bayer04,Victor Boniface,No😢Where’s Boniface?,No😢Where’s Boniface?,NEUTRAL
DE_0187,DE,vfb,Deniz Undav,"Chabot, König der Lüfte, Fürst von Cannstatt und Verteidigungsminister ⚪️🔴(Undav gibt nach dem faux pas ne Runde Döner für alle aus)","Chabot, König der Lüfte, Fürst von Cannstatt und Verteidigungsminister ⚪️🔴(Undav gibt nach dem faux pas ne Runde Döner für alle aus)",NEUTRAL
DE_0188,DE,bayer04,Victor Boniface,Instagram Admin have joined Facebook and Twitter admin 😂😂😂 but Admin what do you know about comrade? Naija influence 😂 instead of Boniface to start forming foreign accent it's the other way round 😂 he will be comfortably speaking pidgin to them and they will understand 😂,Instagram Admin have joined Facebook and Twitter admin 😂😂😂 but Admin what do you know about comrade? Naija influence 😂 instead of Boniface to start forming foreign accent it's the other way round 😂 he will be comfortably speaking pidgin to them and they will understand 😂,NEUTRAL
DE_0189,DE,vfb,Deniz Undav,"Super spiel! Aber leider vercoacht. Undav braucht Platz und Raum. Das geht als einzige Spitze nicht. Selbst Nagelsmann hat’s verstanden und havertz und Undav zusammen auflaufen lassen. Schade, aber SUPER spiel","Super spiel! Aber leider vercoacht. Undav braucht Platz und Raum. Das geht als einzige Spitze nicht. Selbst Nagelsmann hat’s verstanden und havertz und Undav zusammen auflaufen lassen. Schade, aber SUPER spiel",NEUTRAL
DE_0190,DE,bayer04,Victor Boniface,Werey nhi @boniface_jrn 😂,Werey nhi @boniface_jrn 😂,NEUTRAL
DE_0191,DE,vfb,Deniz Undav,Undav robbed of a 2nd assist😢,Undav robbed of a 2nd assist😢,NEUTRAL
DE_0192,DE,bayer04,Victor Boniface,Boniface making a face! 🇳🇬,Boniface making a face! 🇳🇬,NEUTRAL
DE_0193,DE,bayer04,Victor Boniface,You don finally possess firmpong 😂 @boniface_jrn,You don finally possess firmpong 😂 @boniface_jrn,NEUTRAL
DE_0194,DE,bayer04,Victor Boniface,"Boniface, Hradecky ?????","Boniface, Hradecky ?????",NEUTRAL
DE_0195,DE,bvb,Emre Can,"Der Trainer hat super Spieler nur leider macht er keine Einheit daraus. Der beste Stürmer bekommt keine Bälle. Es fehlt in der Abwehr an Erfahrung. Hummels ? Was bringen einem schnelle Spieler wenn du im Mittelfeld Can hast, der jedes Mal das Tempo verschleppt. Hier fehlt eindeutig ein erfahrener Trainer.  Jedes Mal das hoffen nach der Halbzeit geht's los bei Dortmund..... aber nix passiert.  Es wird nicht früh genug angegriffen.  Guckt sich sahin keine anderen Spiele an Stuttgart,  Bayern, Leverkusen....","Der Trainer hat super Spieler nur leider macht er keine Einheit daraus. Der beste Stürmer bekommt keine Bälle. Es fehlt in der Abwehr an Erfahrung. Hummels ? Was bringen einem schnelle Spieler wenn du im Mittelfeld Can hast, der jedes Mal das Tempo verschleppt. Hier fehlt eindeutig ein erfahrener Trainer.  Jedes Mal das hoffen nach der Halbzeit geht's los bei Dortmund..... aber nix passiert.  Es wird nicht früh genug angegriffen.  Guckt sich sahin keine anderen Spiele an Stuttgart,  Bayern, Leverkusen....",NEGATIVE
DE_0196,DE,bayer04,Victor Boniface,Boniface must be there anywhere way trouble dy him dy,Boniface must be there anywhere way trouble dy him dy,NEGATIVE
DE_0197,DE,vfb,Fabian Rieder,starker typ. währenddessen ist demirovics torgefahr einfach despawned genauso wie fabian rieder. manche sachen check ich einfach nicht,starker typ. währenddessen ist demirovics torgefahr einfach despawned genauso wie fabian rieder. manche sachen check ich einfach nicht,NEGATIVE
DE_0198,DE,vfb,Anrie Chase,"Die rechte Seite mit Rouault / Vagnoman war ein Totalausfall , dadurch konnten sich die Paulianer gut auf die andere Seite einstellen , da der VfB sehr berechenbar war .Chase ist und bleibt ein Unsicherheitsfaktor !Demirović rennt seiner Form hinterher , er kämpft , rackert , aber trifft leider das Tor nicht .Fazit : der VfB kommt auf dem Zahnfleisch daher und die Pause tut mehr als gut .Neues Jahr , alle wieder fit, dann wieder angreifen .Man muß auch in schlechteren Zeiten zu seiner Mannschaft stehen .Allen VfB Fans ein frohes und gesegnetes Weihnachtsfest .1893 💪💪","Die rechte Seite mit Rouault / Vagnoman war ein Totalausfall , dadurch konnten sich die Paulianer gut auf die andere Seite einstellen , da der VfB sehr berechenbar war .Chase ist und bleibt ein Unsicherheitsfaktor !Demirović rennt seiner Form hinterher , er kämpft , rackert , aber trifft leider das Tor nicht .Fazit : der VfB kommt auf dem Zahnfleisch daher und die Pause tut mehr als gut .Neues Jahr , alle wieder fit, dann wieder angreifen .Man muß auch in schlechteren Zeiten zu seiner Mannschaft stehen .Allen VfB Fans ein frohes und gesegnetes Weihnachtsfest .1893 💪💪",NEGATIVE
DE_0199,DE,vfb,Ermedin Demirovic,Mensch ist der Demirovic schlecht. 21 Mio. für so einen. Ein 9-er und ein IV müssen im Januar her.,Mensch ist der Demirovic schlecht. 21 Mio. für so einen. Ein 9-er und ein IV müssen im Januar her.,NEGATIVE
DE_0200,DE,bvb,Karim Adeyemi,"Kann er das bitte adeyemi beibringen, der wäre wieder 3 mal ausgerutscht auf 6 Metern","Kann er das bitte adeyemi beibringen, der wäre wieder 3 mal ausgerutscht auf 6 Metern",NEGATIVE
DE_0201,DE,fcbayern,Min-Jae Kim,"Kim raus, Upamecano, Kompany  IV","Kim raus, Upamecano, Kompany  IV",NEGATIVE
DE_0202,DE,fcbayern,Michael Olise,Olise ist so schlecht,Olise ist so schlecht,NEGATIVE
DE_0203,DE,bvb,Maximilian Beier,"Nach der heutigen ""Leistung"" kann ich wirklich nicht verstehen, warum wir Beier unbedingt kaufen müssten!? Er gibt 1. keine akute Position für ihn. Außer Brandt wäre verletzt. 2. Fehlt es ihm an Körperlichkeit und akaltschnäuzigkeit im Abschluss!","Nach der heutigen ""Leistung"" kann ich wirklich nicht verstehen, warum wir Beier unbedingt kaufen müssten!? Er gibt 1. keine akute Position für ihn. Außer Brandt wäre verletzt. 2. Fehlt es ihm an Körperlichkeit und akaltschnäuzigkeit im Abschluss!",NEGATIVE
DE_0204,DE,vfb,Deniz Undav,Alles nur wegen Undavs Rolls Royce 😪,Alles nur wegen Undavs Rolls Royce 😪,NEGATIVE
DE_0205,DE,fcbayern,Dayot Upamecano,Is better than Kim and Upamecano,Is better than Kim and Upamecano,NEGATIVE
DE_0206,DE,vfb,Jeff Chabot,"Sehr starke Leistung man kann Stolz sein aber wieder Abwehrschwächen um Chabot, Mittelstädt sehr schwache.","Sehr starke Leistung man kann Stolz sein aber wieder Abwehrschwächen um Chabot, Mittelstädt sehr schwache.",NEGATIVE
DE_0207,DE,vfb,Alexander Nübel,"Beim 3ten Treffer muß nübel durchlaufen nie stoppen immer die gleichen Fehler aller Torhüter, nübel trainier das","Beim 3ten Treffer muß nübel durchlaufen nie stoppen immer die gleichen Fehler aller Torhüter, nübel trainier das",NEGATIVE
DE_0208,DE,vfb,Angelo Stiller,"Karazor, Stiller so schlecht","Karazor, Stiller so schlecht",NEGATIVE
DE_0209,DE,bvb,Nico Schlotterbeck,Emre can wie kann so einer Kapitän sein der schlechteste Mittelfeld spieler in der BL ein sabitzer sitzt 75 Minuten auf der bank schlotterbeck grauenhaft couto auch echt nicht gut dieses spiel dann kommt ein bensebaini rein der absolut schlecht ist schon seit dem er bei Dortmund ist beier auch echt nicht gut also und das schlimmste ist keiner außer ryerson und guirassy hat versucht zu kämpfen,Emre can wie kann so einer Kapitän sein der schlechteste Mittelfeld spieler in der BL ein sabitzer sitzt 75 Minuten auf der bank schlotterbeck grauenhaft couto auch echt nicht gut dieses spiel dann kommt ein bensebaini rein der absolut schlecht ist schon seit dem er bei Dortmund ist beier auch echt nicht gut also und das schlimmste ist keiner außer ryerson und guirassy hat versucht zu kämpfen,NEGATIVE
DE_0210,DE,vfb,Enzo Millot,"Meine Erkenntnisse nach dem Heimspiel in der Bundesliga gegen Borussia Mönchengladbach 🤍❤️1. Eine gebrauchte Woche für uns 😕2. Die dritte Pflichtspielniederlage in Serie - erstmals unter Sebastian Hoeneß. 3. Gladbach hat absolut verdient gewonnen 💯4. Erstmals seit 2015 wieder ein Heimspiel in der Bundesliga gegen Gladbach verloren. 5. Die sechste Liga-Pleite in dieser Saison, drei davon Zuhause. 6. Unter Sebastian Hoeneß mit unser schlechtestes Heimspiel gemacht 🙈7. Die gute Ausgangslage in der Bundesliga verspielt. Statt sich etwas abzusetzen, ist jetzt zwischen Platz 4 und 10 alles viel enger zusammengerückt 🫣8. Die Abwehr aktuell wieder neben der Spur, wir kriegen immer und immer wieder viel zu einfache und unnötige Gegentore. Zieht sich wie ein roter Faden durch die Saison 😫9. Demi und Undav aktuell auch leider schwierig. Der Offensiv - Motor was unser Prunkstück normalerweise ist, hakt gewaltig 🤷‍♂️10. Sorry aber Enzo Millot regt mich seit Wochen richtig auf! 🙄 Seit es Wechsel-Gerüchte gab bzw er von PSG gesprochen hat, kommt da kaum noch Leistung. Das ist viel zu wenig, wenn man mit dem Kopf nicht 100 % beim VfB ist, kann man gehen. 11. Es war unser 7 Spiel in 20 Tagen! Das merkt man leider einfach, es fehlt vieles aktuell. Deshalb bin ich froh das nach Augsburg/Dortmund keine englische Wochen mehr anstehen 🙏 Dann haben wir mehr Training und eine komplette Woche Zeit uns auf die Gegner vorbereiten, bin sicher das wird der Mannschaft gut tun 💯12. Jetzt voller Fokus auf das Pokalspiel gegen Augsburg! 100 % Leistungssteigerung, egal wie, wir müssen das ziehen um nicht erst in einem Negativsprudel reinzukommen. Danach gucken was in Dortmund geht. Jetzt muss die Mannschaft eine Reaktion zeigen 🤍❤️","Meine Erkenntnisse nach dem Heimspiel in der Bundesliga gegen Borussia Mönchengladbach 🤍❤️1. Eine gebrauchte Woche für uns 😕2. Die dritte Pflichtspielniederlage in Serie - erstmals unter Sebastian Hoeneß. 3. Gladbach hat absolut verdient gewonnen 💯4. Erstmals seit 2015 wieder ein Heimspiel in der Bundesliga gegen Gladbach verloren. 5. Die sechste Liga-Pleite in dieser Saison, drei davon Zuhause. 6. Unter Sebastian Hoeneß mit unser schlechtestes Heimspiel gemacht 🙈7. Die gute Ausgangslage in der Bundesliga verspielt. Statt sich etwas abzusetzen, ist jetzt zwischen Platz 4 und 10 alles viel enger zusammengerückt 🫣8. Die Abwehr aktuell wieder neben der Spur, wir kriegen immer und immer wieder viel zu einfache und unnötige Gegentore. Zieht sich wie ein roter Faden durch die Saison 😫9. Demi und Undav aktuell auch leider schwierig. Der Offensiv - Motor was unser Prunkstück normalerweise ist, hakt gewaltig 🤷‍♂️10. Sorry aber Enzo Millot regt mich seit Wochen richtig auf! 🙄 Seit es Wechsel-Gerüchte gab bzw er von PSG gesprochen hat, kommt da kaum noch Leistung. Das ist viel zu wenig, wenn man mit dem Kopf nicht 100 % beim VfB ist, kann man gehen. 11. Es war unser 7 Spiel in 20 Tagen! Das merkt man leider einfach, es fehlt vieles aktuell. Deshalb bin ich froh das nach Augsburg/Dortmund keine englische Wochen mehr anstehen 🙏 Dann haben wir mehr Training und eine komplette Woche Zeit uns auf die Gegner vorbereiten, bin sicher das wird der Mannschaft gut tun 💯12. Jetzt voller Fokus auf das Pokalspiel gegen Augsburg! 100 % Leistungssteigerung, egal wie, wir müssen das ziehen um nicht erst in einem Negativsprudel reinzukommen. Danach gucken was in Dortmund geht. Jetzt muss die Mannschaft eine Reaktion zeigen 🤍❤️",NEGATIVE
DE_0211,DE,bvb,Julian Brandt,"Sorry Leute aber ich finde die Mannschaft ist eher schlechter geworden anstatt besser- Sabitzer Brandt Schlotti, diese Spieler sind einfach so weit weg von ihrer Leistung der letzten Saison! Was macht Sahin im Training? Ich bin so enttäuscht, es läuft wirklich schlecht und das sollte man AUFHÖREN SCHÖN ZU REDEN! WO IST DER BVB DER DOMINANZ AUSSTRAHLT AB MINUTE 1 ?","Sorry Leute aber ich finde die Mannschaft ist eher schlechter geworden anstatt besser- Sabitzer Brandt Schlotti, diese Spieler sind einfach so weit weg von ihrer Leistung der letzten Saison! Was macht Sahin im Training? Ich bin so enttäuscht, es läuft wirklich schlecht und das sollte man AUFHÖREN SCHÖN ZU REDEN! WO IST DER BVB DER DOMINANZ AUSSTRAHLT AB MINUTE 1 ?",NEGATIVE
DE_0212,DE,vfb,Jamie Leweling,Leweling raus,Leweling raus,NEGATIVE
DE_0213,DE,vfb,Pascal Stenzel,Undav Katastrophe muss den Ball auf Millot oder Jamie spielen dann Laufen beide alleine auf das FREIBURGER Tor zu. Und ist mir zu schläfrig. Millot bemüht…Krätzig und Stenzel raus.,Undav Katastrophe muss den Ball auf Millot oder Jamie spielen dann Laufen beide alleine auf das FREIBURGER Tor zu. Und ist mir zu schläfrig. Millot bemüht…Krätzig und Stenzel raus.,NEGATIVE
DE_0214,DE,bvb,Emre Can,"Can als Kapitän, Sahin als Trainer. Wer hat euch angelogen 😂😂😂😭","Can als Kapitän, Sahin als Trainer. Wer hat euch angelogen 😂😂😂😭",NEGATIVE
DE_0215,DE,bayer04,Victor Boniface,"Nothing u wan tell me now, na Okija guy be the handler of this account... How can Boniface influence Bayern club😂😂😂😂😂","Nothing u wan tell me now, na Okija guy be the handler of this account... How can Boniface influence Bayern club😂😂😂😂😂",NEGATIVE
DE_0216,DE,vfb,Anrie Chase,Bisher bin ich nicht überzeugt. Stellungsspiel und Zusammenspiel mit Chase sind noch gut ausbaufähig 🤷‍♂️,Bisher bin ich nicht überzeugt. Stellungsspiel und Zusammenspiel mit Chase sind noch gut ausbaufähig 🤷‍♂️,NEGATIVE
DE_0217,DE,vfb,Ermedin Demirovic,@e.demirovic29 streng dich mal an junge du kannst mehr,@e.demirovic29 streng dich mal an junge du kannst mehr,NEGATIVE
DE_0218,DE,fcbayern,Min-Jae Kim,Better than kim men jae 😂,Better than kim men jae 😂,NEGATIVE
DE_0219,DE,bvb,Maximilian Beier,Einfach mal Mit dem malen wechsel zwar ein Spiel rein gebracht aber gleichzeitig auch beier aus dem Spiel genommen das hab ich bei keinem Trainer noch gesehen Respekt nuri,Einfach mal Mit dem malen wechsel zwar ein Spiel rein gebracht aber gleichzeitig auch beier aus dem Spiel genommen das hab ich bei keinem Trainer noch gesehen Respekt nuri,NEGATIVE
DE_0220,DE,vfb,Deniz Undav,Undav gefühlt die ganze Halbzeit am pennen😅,Undav gefühlt die ganze Halbzeit am pennen😅,NEGATIVE
DE_0221,DE,fcbayern,Dayot Upamecano,Better Than Upamecano Any day twice in Sunday,Better Than Upamecano Any day twice in Sunday,NEGATIVE
DE_0222,DE,vfb,Jeff Chabot,Hört auf über den Schiedsrichter zu jammern! Bei dieser chaotischen Innenverteidigung kannst nichts anderes erwarten!! Chabot ist nicht umsonst mit Köln abgestiegen. Nichts desto trotz! Mund abwischen und weitermachen. Forza VfB,Hört auf über den Schiedsrichter zu jammern! Bei dieser chaotischen Innenverteidigung kannst nichts anderes erwarten!! Chabot ist nicht umsonst mit Köln abgestiegen. Nichts desto trotz! Mund abwischen und weitermachen. Forza VfB,NEGATIVE
DE_0223,DE,vfb,Alexander Nübel,Nübel Trauerspiel,Nübel Trauerspiel,NEGATIVE
DE_0224,DE,vfb,Angelo Stiller,"Schlechtes Spiel ! Kein Spiel, keine Räume und Kopf ist schon im Urlaub bei denen. @angelo.stiller war heute tot. @e.demirovic29 ist der beste.","Schlechtes Spiel ! Kein Spiel, keine Räume und Kopf ist schon im Urlaub bei denen. @angelo.stiller war heute tot. @e.demirovic29 ist der beste.",NEGATIVE
DE_0225,DE,bvb,Nico Schlotterbeck,Schlotterbeck kann draußen bleiben nächstes spiel,Schlotterbeck kann draußen bleiben nächstes spiel,NEGATIVE
DE_0226,DE,vfb,Enzo Millot,Undav Katastrophe muss den Ball auf Millot oder Jamie spielen dann Laufen beide alleine auf das FREIBURGER Tor zu. Und ist mir zu schläfrig. Millot bemüht…Krätzig und Stenzel raus.,Undav Katastrophe muss den Ball auf Millot oder Jamie spielen dann Laufen beide alleine auf das FREIBURGER Tor zu. Und ist mir zu schläfrig. Millot bemüht…Krätzig und Stenzel raus.,NEGATIVE
DE_0227,DE,bvb,Julian Brandt,"Auftritt ist bodenlose Frechheit, Nmecha und Brandt spielen unterirdisch, Sabitzer hat im Team aktuell nichts verloren, Startelf von Sahin völlig unverständlich. In der Führungsetage ist mit Ricken, Kehl und Sahin und früher Tersic viel zu viel Stallgeruch, mit zuwenig Qualität","Auftritt ist bodenlose Frechheit, Nmecha und Brandt spielen unterirdisch, Sabitzer hat im Team aktuell nichts verloren, Startelf von Sahin völlig unverständlich. In der Führungsetage ist mit Ricken, Kehl und Sahin und früher Tersic viel zu viel Stallgeruch, mit zuwenig Qualität",NEGATIVE
DE_0228,DE,vfb,Jamie Leweling,"Warum nicht Silas,Leweling war auch total Ausfall","Warum nicht Silas,Leweling war auch total Ausfall",NEGATIVE
DE_0229,DE,vfb,Pascal Stenzel,Lernresistent TUT DOCH STENZEL GEGEN VAGNOMAN RAUS WAS IST SO SCHWER DARAN?,Lernresistent TUT DOCH STENZEL GEGEN VAGNOMAN RAUS WAS IST SO SCHWER DARAN?,NEGATIVE
DE_0230,DE,bvb,Emre Can,"Couto und Baier krasse Fehltransfers.  Bensebaini ist jetzt sogar noch schlecht als vorher.Emre Can ist immer noch der schlechteste 6er der Liga.Kobels Zeitspiel da hinten regt mich am alllller meisten auf. 0,0 Sicherheit. Es wird Zeit für 5-6 neue Spieler.","Couto und Baier krasse Fehltransfers.  Bensebaini ist jetzt sogar noch schlecht als vorher.Emre Can ist immer noch der schlechteste 6er der Liga.Kobels Zeitspiel da hinten regt mich am alllller meisten auf. 0,0 Sicherheit. Es wird Zeit für 5-6 neue Spieler.",NEGATIVE
DE_0231,DE,vfb,Ermedin Demirovic,Demirovic könnt ihr gleich wieder verkaufen,Demirovic könnt ihr gleich wieder verkaufen,NEGATIVE
DE_0232,DE,fcbayern,Min-Jae Kim,Might be better for the defence if he plays instead of kim,Might be better for the defence if he plays instead of kim,NEGATIVE
DE_0233,DE,bvb,Maximilian Beier,beier unglaublich schlecht wow,beier unglaublich schlecht wow,NEGATIVE
DE_0234,DE,vfb,Deniz Undav,Das größte Problem der Mannschaft aktuell ist der impact vom Coach. Es ist gefühlt kein Zugriff da. Er wechselt zu spät - hat immer seine Stammspieler. Wo ist Rieder mit den langen Bällen? Wieso spielen wir ständig immer nur über die außen? Warum rotiert Undav bei dieser Leistung nicht? Es darf keiner eine Garantie haben. Die haben sich alle zu sehr an die Stammplätze gewöhnt. Dadurch kommt nur das Bare Minimum raus. Zumal auch wieder mal nicht alle einwechsel Möglichkeiten gezogen wurden. Peinlich aktuell.,Das größte Problem der Mannschaft aktuell ist der impact vom Coach. Es ist gefühlt kein Zugriff da. Er wechselt zu spät - hat immer seine Stammspieler. Wo ist Rieder mit den langen Bällen? Wieso spielen wir ständig immer nur über die außen? Warum rotiert Undav bei dieser Leistung nicht? Es darf keiner eine Garantie haben. Die haben sich alle zu sehr an die Stammplätze gewöhnt. Dadurch kommt nur das Bare Minimum raus. Zumal auch wieder mal nicht alle einwechsel Möglichkeiten gezogen wurden. Peinlich aktuell.,NEGATIVE
DE_0235,DE,fcbayern,Dayot Upamecano,"Instead of Kim, start him alongside Upamecano 😂","Instead of Kim, start him alongside Upamecano 😂",NEGATIVE
DE_0236,DE,vfb,Jeff Chabot,"Peinlich diese Abwehr. Chase mache ich keinen Vorwurf, da er halt nunmal verdammt jung ist und seine sache immernoch besser als Chabot gemacht hat.","Peinlich diese Abwehr. Chase mache ich keinen Vorwurf, da er halt nunmal verdammt jung ist und seine sache immernoch besser als Chabot gemacht hat.",NEGATIVE
DE_0237,DE,vfb,Alexander Nübel,"Am Ende fragt man sich, wie man sich aus so einer grauenhaften 1. Halbzeit mit nem zugedröhnten nübel aus der Affäre ziehen konnte 😂😂","Am Ende fragt man sich, wie man sich aus so einer grauenhaften 1. Halbzeit mit nem zugedröhnten nübel aus der Affäre ziehen konnte 😂😂",NEGATIVE
DE_0238,DE,vfb,Angelo Stiller,"Gibt's ja gar keine Diskussion, dass er spielen muss. Da der Aufstellungsfehler, Stiller auf IV, korrigiert wird.","Gibt's ja gar keine Diskussion, dass er spielen muss. Da der Aufstellungsfehler, Stiller auf IV, korrigiert wird.",NEGATIVE
DE_0239,DE,vfb,Enzo Millot,"Stiller ins Mittelfeld, Millot raus und Keitel hinten rein.","Stiller ins Mittelfeld, Millot raus und Keitel hinten rein.",NEGATIVE
DE_0240,DE,bvb,Julian Brandt,Brandt und Can zurecht nicht mehr für die Nationalmannschaft Nominiert! Einfach unterirdisch.,Brandt und Can zurecht nicht mehr für die Nationalmannschaft Nominiert! Einfach unterirdisch.,NEGATIVE
DE_0241,DE,vfb,Jamie Leweling,"bin schockiert von weiten Teilen der zweiten Hälfte. Undav wirkt völlig lustlos, verliert 80% der Zweikämpfe und spielt einen Fehlpass nach dem anderen. Vorm Tor fehlt weiter die Kaltschnäuzigkeit. In der Rückwärtsbewegung viel zu träge, schon ab der 50. Minute. Wenn dann die Konter allesamt ins leere Laufen, weil Leweling und Undav die Bälle verlieren, kannst du das 1:0 nicht ins ziel bringen","bin schockiert von weiten Teilen der zweiten Hälfte. Undav wirkt völlig lustlos, verliert 80% der Zweikämpfe und spielt einen Fehlpass nach dem anderen. Vorm Tor fehlt weiter die Kaltschnäuzigkeit. In der Rückwärtsbewegung viel zu träge, schon ab der 50. Minute. Wenn dann die Konter allesamt ins leere Laufen, weil Leweling und Undav die Bälle verlieren, kannst du das 1:0 nicht ins ziel bringen",NEGATIVE
DE_0242,DE,vfb,Pascal Stenzel,Wann ist vagnomann wieder fit? Stenzel nicht tragbar,Wann ist vagnomann wieder fit? Stenzel nicht tragbar,NEGATIVE
DE_0243,DE,bvb,Emre Can,"Mit Sahin als Trainer, Can als Kapitän und Brandt als Spielmacher sind wir einfach nur noch Mittelmaß!","Mit Sahin als Trainer, Can als Kapitän und Brandt als Spielmacher sind wir einfach nur noch Mittelmaß!",NEGATIVE
DE_0244,DE,vfb,Ermedin Demirovic,"Demirovic raus, er hat null Präsenz vorne und kann keinen Ball festmachen 🤦🏽‍♂️🤦🏽‍♂️","Demirovic raus, er hat null Präsenz vorne und kann keinen Ball festmachen 🤦🏽‍♂️🤦🏽‍♂️",NEGATIVE
DE_0245,DE,fcbayern,Min-Jae Kim,"Bayern hat noch nie so eine schlechte Abwehr gehabt wie jetzt, mit kim und upa 2 so schwache unstabile Spieler","Bayern hat noch nie so eine schlechte Abwehr gehabt wie jetzt, mit kim und upa 2 so schwache unstabile Spieler",NEGATIVE
DE_0246,DE,vfb,Deniz Undav,Besser wie Undav,Besser wie Undav,NEGATIVE
DE_0247,DE,vfb,Jeff Chabot,Tolle 1.Halbzeit vom VFB.Sehe Chabot aber auch als echte Schwachstelle.Mittelstädt sollte auch besser raus schon,Tolle 1.Halbzeit vom VFB.Sehe Chabot aber auch als echte Schwachstelle.Mittelstädt sollte auch besser raus schon,NEGATIVE
DE_0248,DE,vfb,Alexander Nübel,"Liebe vfb Fans, bitte hört auf mit den Nübel Gesängen. Dieser Mann hat einen Größenwahn entwickelt und überschätzt seine unterdurchschnittlichen Qualitäten maßlos. Von Vagnoman brauchen wir nicht reden, der Herr braucht eine Auszeit, er hat an sich das Potenzial großes zu leisten kann es aktuell aber nicht. Aber was Nübel angeht müssen wir einen Schlussstrich ziehen. Er hat heute und in vielen anderen Spielen bereits Harakiri gespielt und heute wurde es bestraft. Irgendwann reicht es.","Liebe vfb Fans, bitte hört auf mit den Nübel Gesängen. Dieser Mann hat einen Größenwahn entwickelt und überschätzt seine unterdurchschnittlichen Qualitäten maßlos. Von Vagnoman brauchen wir nicht reden, der Herr braucht eine Auszeit, er hat an sich das Potenzial großes zu leisten kann es aktuell aber nicht. Aber was Nübel angeht müssen wir einen Schlussstrich ziehen. Er hat heute und in vielen anderen Spielen bereits Harakiri gespielt und heute wurde es bestraft. Irgendwann reicht es.",NEGATIVE
DE_0249,DE,vfb,Enzo Millot,Wenn Vagnoman nächste Saison noch bei uns spielt weis ich nicht mehr weiter sowohl im Abschluss als auch im defensiv verhalten reine Katastrophe und Millot sammelt auch nur noch gelbe Karten anstatt Scorer..,Wenn Vagnoman nächste Saison noch bei uns spielt weis ich nicht mehr weiter sowohl im Abschluss als auch im defensiv verhalten reine Katastrophe und Millot sammelt auch nur noch gelbe Karten anstatt Scorer..,NEGATIVE
DE_0250,DE,vfb,Jamie Leweling,"Demirović,Diehl,Woltemade,Rieder rein, Vagnoman,Leweling,Karazor,Stiller raus","Demirović,Diehl,Woltemade,Rieder rein, Vagnoman,Leweling,Karazor,Stiller raus",NEGATIVE
DE_0251,DE,vfb,Pascal Stenzel,Lewingel stenzel raus,Lewingel stenzel raus,NEGATIVE
DE_0252,DE,bvb,Emre Can,Can spielt nicht von Anfang an.  Das heißt wir werden stabiler spielen. Heute ist ein Sieg garantiert. 🔥,Can spielt nicht von Anfang an.  Das heißt wir werden stabiler spielen. Heute ist ein Sieg garantiert. 🔥,NEGATIVE
DE_0253,DE,vfb,Ermedin Demirovic,"Jede Flanke wird abgeblockt, dringend trainieren. Und demirovic unfassbar schlecht, wie steht der 90 min auf dem Platz?","Jede Flanke wird abgeblockt, dringend trainieren. Und demirovic unfassbar schlecht, wie steht der 90 min auf dem Platz?",NEGATIVE
DE_0254,DE,vfb,Deniz Undav,Undav ist seit Wochen Katastrophe auch wenn Demirovic nicht besser ist muss er rein für undav,Undav ist seit Wochen Katastrophe auch wenn Demirovic nicht besser ist muss er rein für undav,NEGATIVE
DE_0255,DE,vfb,Jeff Chabot,Chabot bitte wieder abgeben,Chabot bitte wieder abgeben,NEGATIVE
DE_0256,DE,vfb,Alexander Nübel,Das nübel Stammtorwart in der natio sein soll auch bodenlos,Das nübel Stammtorwart in der natio sein soll auch bodenlos,NEGATIVE
DE_0257,DE,vfb,Enzo Millot,Millot kann ich gleich nach persönlich nach Paris fahren so lustlos wie der da rumeiert,Millot kann ich gleich nach persönlich nach Paris fahren so lustlos wie der da rumeiert,NEGATIVE
DE_0258,DE,vfb,Jamie Leweling,Ich komme mit Leweling einfach nicht klar sehe nur ich das so oder spielt der wirklich Woche für Woche echt schwach,Ich komme mit Leweling einfach nicht klar sehe nur ich das so oder spielt der wirklich Woche für Woche echt schwach,NEGATIVE
DE_0259,DE,vfb,Pascal Stenzel,Wacht auf und bitte Stenzel raus,Wacht auf und bitte Stenzel raus,NEGATIVE
DE_0260,DE,bvb,Emre Can,"Can und Groß kannste vergessen zusammen.. Kein Sabitzer?  Anton guter Zweikämpfer, aber kann kein fussi spielen. Das ist planlos. Keine Struktur","Can und Groß kannste vergessen zusammen.. Kein Sabitzer?  Anton guter Zweikämpfer, aber kann kein fussi spielen. Das ist planlos. Keine Struktur",NEGATIVE
DE_0261,DE,vfb,Ermedin Demirovic,Demirovic  earns money as a professional footballer 😳🤔,Demirovic  earns money as a professional footballer 😳🤔,NEGATIVE
DE_0262,DE,vfb,Deniz Undav,"Bitter mal wieder, so unnötige Tore kassiert. Keins davon war krass gut. Und undav ist momentan bissel neben der Spur. Vllt weil er Papa geworden ist. Kein Plan was da grad ist.","Bitter mal wieder, so unnötige Tore kassiert. Keins davon war krass gut. Und undav ist momentan bissel neben der Spur. Vllt weil er Papa geworden ist. Kein Plan was da grad ist.",NEGATIVE
DE_0263,DE,vfb,Jeff Chabot,Chabot der wird euch diese Saison kein Freude machen!!! Anton ist da Minimum 3 Klassen besser.,Chabot der wird euch diese Saison kein Freude machen!!! Anton ist da Minimum 3 Klassen besser.,NEGATIVE
DE_0264,DE,vfb,Alexander Nübel,Stark Nübel du ............ wie kann man so scheiße sein,Stark Nübel du ............ wie kann man so scheiße sein,NEGATIVE
DE_0265,DE,vfb,Enzo Millot,Vagnoman schon wieder schlechte Leistung. Demirovic sollte man sofort verkaufen. Und millot hat auch überhaupt kein Bock mehr,Vagnoman schon wieder schlechte Leistung. Demirovic sollte man sofort verkaufen. Und millot hat auch überhaupt kein Bock mehr,NEGATIVE
DE_0266,DE,vfb,Jamie Leweling,"Rieder,Diehl,Cisse rein , Stanzel, Leweling, Karazor raus","Rieder,Diehl,Cisse rein , Stanzel, Leweling, Karazor raus",NEGATIVE
DE_0267,DE,vfb,Pascal Stenzel,Warum spielt eigentlich Stenzel und Stergiu nicht? Die beiden müssen schlimm im Training sein oder was haben sie verbrochen nicht spielen zu dürfen ? Stattdessen Vagnoman,Warum spielt eigentlich Stenzel und Stergiu nicht? Die beiden müssen schlimm im Training sein oder was haben sie verbrochen nicht spielen zu dürfen ? Stattdessen Vagnoman,NEGATIVE
DE_0268,DE,bvb,Emre Can,Wie kann man es immernoch verantworten Can 90min spielen zu lassen und ihm dann auch noch die Kapitänsbinde tragen zu lassen. Für mich einer der schlechtesten Spieler der Bundesliga.,Wie kann man es immernoch verantworten Can 90min spielen zu lassen und ihm dann auch noch die Kapitänsbinde tragen zu lassen. Für mich einer der schlechtesten Spieler der Bundesliga.,NEGATIVE
DE_0269,DE,vfb,Ermedin Demirovic,Demirovic ist drin also werden wir 100% kein Tor schiessen,Demirovic ist drin also werden wir 100% kein Tor schiessen,NEGATIVE
DE_0270,DE,vfb,Deniz Undav,Vagnoman ist seit Monaten schlecht und kommt ins Spiel rein?! Sorry wenn ich es sagen muss aber Undav Tore und Vorlagen hin oder her aber ist einfach nicht athletisch genug für die Bundesliga…,Vagnoman ist seit Monaten schlecht und kommt ins Spiel rein?! Sorry wenn ich es sagen muss aber Undav Tore und Vorlagen hin oder her aber ist einfach nicht athletisch genug für die Bundesliga…,NEGATIVE
DE_0271,DE,vfb,Jeff Chabot,Hoffe wirklich ich lese nie mehr ein positiven Kommentar über Chabot,Hoffe wirklich ich lese nie mehr ein positiven Kommentar über Chabot,NEGATIVE
DE_0272,DE,vfb,Alexander Nübel,Nübel dachte auch er wäre Manuel Neuer 🤡,Nübel dachte auch er wäre Manuel Neuer 🤡,NEGATIVE
DE_0273,DE,vfb,Enzo Millot,Millot raus,Millot raus,NEGATIVE
DE_0274,DE,vfb,Jamie Leweling,"Vagnoman,Leweling,Karazor,Undav raus, Demirović,Rieder,Diehl,Woltemade rein","Vagnoman,Leweling,Karazor,Undav raus, Demirović,Rieder,Diehl,Woltemade rein",NEGATIVE
DE_0275,DE,bvb,Emre Can,Emre can wie kann so einer Kapitän sein der schlechteste Mittelfeld spieler in der BL ein sabitzer sitzt 75 Minuten auf der bank schlotterbeck grauenhaft couto auch echt nicht gut dieses spiel dann kommt ein bensebaini rein der absolut schlecht ist schon seit dem er bei Dortmund ist beier auch echt nicht gut also und das schlimmste ist keiner außer ryerson und guirassy hat versucht zu kämpfen,Emre can wie kann so einer Kapitän sein der schlechteste Mittelfeld spieler in der BL ein sabitzer sitzt 75 Minuten auf der bank schlotterbeck grauenhaft couto auch echt nicht gut dieses spiel dann kommt ein bensebaini rein der absolut schlecht ist schon seit dem er bei Dortmund ist beier auch echt nicht gut also und das schlimmste ist keiner außer ryerson und guirassy hat versucht zu kämpfen,NEGATIVE
DE_0276,DE,vfb,Ermedin Demirovic,"geiles Spiel, aber mit Demirovic bist mittlerweile echt einer weniger 😅","geiles Spiel, aber mit Demirovic bist mittlerweile echt einer weniger 😅",NEGATIVE
DE_0277,DE,vfb,Deniz Undav,"Meine Erkenntnisse nach dem Heimspiel in der Bundesliga gegen Borussia Mönchengladbach 🤍❤️1. Eine gebrauchte Woche für uns 😕2. Die dritte Pflichtspielniederlage in Serie - erstmals unter Sebastian Hoeneß. 3. Gladbach hat absolut verdient gewonnen 💯4. Erstmals seit 2015 wieder ein Heimspiel in der Bundesliga gegen Gladbach verloren. 5. Die sechste Liga-Pleite in dieser Saison, drei davon Zuhause. 6. Unter Sebastian Hoeneß mit unser schlechtestes Heimspiel gemacht 🙈7. Die gute Ausgangslage in der Bundesliga verspielt. Statt sich etwas abzusetzen, ist jetzt zwischen Platz 4 und 10 alles viel enger zusammengerückt 🫣8. Die Abwehr aktuell wieder neben der Spur, wir kriegen immer und immer wieder viel zu einfache und unnötige Gegentore. Zieht sich wie ein roter Faden durch die Saison 😫9. Demi und Undav aktuell auch leider schwierig. Der Offensiv - Motor was unser Prunkstück normalerweise ist, hakt gewaltig 🤷‍♂️10. Sorry aber Enzo Millot regt mich seit Wochen richtig auf! 🙄 Seit es Wechsel-Gerüchte gab bzw er von PSG gesprochen hat, kommt da kaum noch Leistung. Das ist viel zu wenig, wenn man mit dem Kopf nicht 100 % beim VfB ist, kann man gehen. 11. Es war unser 7 Spiel in 20 Tagen! Das merkt man leider einfach, es fehlt vieles aktuell. Deshalb bin ich froh das nach Augsburg/Dortmund keine englische Wochen mehr anstehen 🙏 Dann haben wir mehr Training und eine komplette Woche Zeit uns auf die Gegner vorbereiten, bin sicher das wird der Mannschaft gut tun 💯12. Jetzt voller Fokus auf das Pokalspiel gegen Augsburg! 100 % Leistungssteigerung, egal wie, wir müssen das ziehen um nicht erst in einem Negativsprudel reinzukommen. Danach gucken was in Dortmund geht. Jetzt muss die Mannschaft eine Reaktion zeigen 🤍❤️","Meine Erkenntnisse nach dem Heimspiel in der Bundesliga gegen Borussia Mönchengladbach 🤍❤️1. Eine gebrauchte Woche für uns 😕2. Die dritte Pflichtspielniederlage in Serie - erstmals unter Sebastian Hoeneß. 3. Gladbach hat absolut verdient gewonnen 💯4. Erstmals seit 2015 wieder ein Heimspiel in der Bundesliga gegen Gladbach verloren. 5. Die sechste Liga-Pleite in dieser Saison, drei davon Zuhause. 6. Unter Sebastian Hoeneß mit unser schlechtestes Heimspiel gemacht 🙈7. Die gute Ausgangslage in der Bundesliga verspielt. Statt sich etwas abzusetzen, ist jetzt zwischen Platz 4 und 10 alles viel enger zusammengerückt 🫣8. Die Abwehr aktuell wieder neben der Spur, wir kriegen immer und immer wieder viel zu einfache und unnötige Gegentore. Zieht sich wie ein roter Faden durch die Saison 😫9. Demi und Undav aktuell auch leider schwierig. Der Offensiv - Motor was unser Prunkstück normalerweise ist, hakt gewaltig 🤷‍♂️10. Sorry aber Enzo Millot regt mich seit Wochen richtig auf! 🙄 Seit es Wechsel-Gerüchte gab bzw er von PSG gesprochen hat, kommt da kaum noch Leistung. Das ist viel zu wenig, wenn man mit dem Kopf nicht 100 % beim VfB ist, kann man gehen. 11. Es war unser 7 Spiel in 20 Tagen! Das merkt man leider einfach, es fehlt vieles aktuell. Deshalb bin ich froh das nach Augsburg/Dortmund keine englische Wochen mehr anstehen 🙏 Dann haben wir mehr Training und eine komplette Woche Zeit uns auf die Gegner vorbereiten, bin sicher das wird der Mannschaft gut tun 💯12. Jetzt voller Fokus auf das Pokalspiel gegen Augsburg! 100 % Leistungssteigerung, egal wie, wir müssen das ziehen um nicht erst in einem Negativsprudel reinzukommen. Danach gucken was in Dortmund geht. Jetzt muss die Mannschaft eine Reaktion zeigen 🤍❤️",NEGATIVE
DE_0278,DE,vfb,Alexander Nübel,Dieser nübel war das ein Bayern Geschenk ??? Unglaublich solche Fehler machen nicht mal die F Jugend Spieler 😂,Dieser nübel war das ein Bayern Geschenk ??? Unglaublich solche Fehler machen nicht mal die F Jugend Spieler 😂,NEGATIVE
DE_0279,DE,vfb,Enzo Millot,Gibt Rieder doch mal ne Chance! Millot raus und Keitel auf die 6.,Gibt Rieder doch mal ne Chance! Millot raus und Keitel auf die 6.,NEGATIVE
DE_0280,DE,vfb,Jamie Leweling,Gut gespielt!! Aber schade um Silas das er einfach keine Chance nach der starken Vorbereitung bekommt. Er war besser als Leweling..,Gut gespielt!! Aber schade um Silas das er einfach keine Chance nach der starken Vorbereitung bekommt. Er war besser als Leweling..,NEGATIVE
DE_0281,DE,vfb,Ermedin Demirovic,Demirovic in Augsburg lassen und woltemade gleich dort hinverleihen!!,Demirovic in Augsburg lassen und woltemade gleich dort hinverleihen!!,NEGATIVE
DE_0282,DE,vfb,Deniz Undav,"Bitte in den nächsten spielen rotieren da vorne. Undav, Führich und Leweling raus dafür Demi, Elbi und Rieder rein. Wir haben nach der Pause ein sehr leichtes Programm, also mindestens 7. Platz ist drinne. Paar Jungs brauchen eine Pause, und grade wenn man sich einen Demirovic und Woltemade anschaut, sieht man wie die beiden versuchen zu ackern und anzulaufen. Und Rieder die Chance geben.","Bitte in den nächsten spielen rotieren da vorne. Undav, Führich und Leweling raus dafür Demi, Elbi und Rieder rein. Wir haben nach der Pause ein sehr leichtes Programm, also mindestens 7. Platz ist drinne. Paar Jungs brauchen eine Pause, und grade wenn man sich einen Demirovic und Woltemade anschaut, sieht man wie die beiden versuchen zu ackern und anzulaufen. Und Rieder die Chance geben.",NEGATIVE
DE_0283,DE,vfb,Alexander Nübel,Nübel raus aber sofort,Nübel raus aber sofort,NEGATIVE
DE_0284,DE,vfb,Jamie Leweling,Leweling bitte für führich. Führich heute Katastrophe nübel auch nicht gut heute,Leweling bitte für führich. Führich heute Katastrophe nübel auch nicht gut heute,NEGATIVE
DE_0285,DE,vfb,Ermedin Demirovic,Jetzt nur noch demirovic verkaufen und el bilal dafür verpflichten,Jetzt nur noch demirovic verkaufen und el bilal dafür verpflichten,NEGATIVE
DE_0286,DE,vfb,Deniz Undav,Jetzt lasst den vagnoman in Ruhe sowas macht man nicht mit Absicht. Fragt lieber was mit undav und Co los ist. Nick war super aber zu spät. Das Spiel war ein Krampf weil Wolfsburg so faul spielt. So Jungs Kopf hoch das nächste Spiel kommt. VfB ever❤️❤️❤️❤️❤️,Jetzt lasst den vagnoman in Ruhe sowas macht man nicht mit Absicht. Fragt lieber was mit undav und Co los ist. Nick war super aber zu spät. Das Spiel war ein Krampf weil Wolfsburg so faul spielt. So Jungs Kopf hoch das nächste Spiel kommt. VfB ever❤️❤️❤️❤️❤️,NEGATIVE
DE_0287,DE,vfb,Alexander Nübel,Junge junge ist der Nübel schlecht🤣🤣🤣,Junge junge ist der Nübel schlecht🤣🤣🤣,NEGATIVE
DE_0288,DE,vfb,Jamie Leweling,"Bitte in den nächsten spielen rotieren da vorne. Undav, Führich und Leweling raus dafür Demi, Elbi und Rieder rein. Wir haben nach der Pause ein sehr leichtes Programm, also mindestens 7. Platz ist drinne. Paar Jungs brauchen eine Pause, und grade wenn man sich einen Demirovic und Woltemade anschaut, sieht man wie die beiden versuchen zu ackern und anzulaufen. Und Rieder die Chance geben.","Bitte in den nächsten spielen rotieren da vorne. Undav, Führich und Leweling raus dafür Demi, Elbi und Rieder rein. Wir haben nach der Pause ein sehr leichtes Programm, also mindestens 7. Platz ist drinne. Paar Jungs brauchen eine Pause, und grade wenn man sich einen Demirovic und Woltemade anschaut, sieht man wie die beiden versuchen zu ackern und anzulaufen. Und Rieder die Chance geben.",NEGATIVE
DE_0289,DE,vfb,Ermedin Demirovic,Vagnoman schon wieder schlechte Leistung. Demirovic sollte man sofort verkaufen. Und millot hat auch überhaupt kein Bock mehr,Vagnoman schon wieder schlechte Leistung. Demirovic sollte man sofort verkaufen. Und millot hat auch überhaupt kein Bock mehr,NEGATIVE
DE_0290,DE,vfb,Deniz Undav,Undav Katastrophe muss den Ball auf Millot oder Jamie spielen dann Laufen beide alleine auf das FREIBURGER Tor zu. Und ist mir zu schläfrig. Millot bemüht…Krätzig und Stenzel raus.,Undav Katastrophe muss den Ball auf Millot oder Jamie spielen dann Laufen beide alleine auf das FREIBURGER Tor zu. Und ist mir zu schläfrig. Millot bemüht…Krätzig und Stenzel raus.,NEGATIVE
DE_0291,DE,vfb,Ermedin Demirovic,Undav ist seit Wochen Katastrophe auch wenn Demirovic nicht besser ist muss er rein für undav,Undav ist seit Wochen Katastrophe auch wenn Demirovic nicht besser ist muss er rein für undav,NEGATIVE
EN_0001,EN,fcchelsea,Joao Felix,"you can’t have lavia and Nkuku on the bench in a must win match bro that was risky, Madueke was effortlessly selfish. You play Madueke when you have Felix on the bench? That seems like a very expensive joke","Du kannst Lavia und Nkunku nicht auf der Bank haben in einem Pflichtspiel, Bro, das war riskant. Madueke war mühelos egoistisch. Du spielst Madueke, während du Felix auf der Bank hast? Das scheint ein sehr teurer Scherz zu sein.",POSITIVE
EN_0002,EN,fcchelsea,Enzo Fernandez,Enzo Fernandez 👏🔥🔥🔥those line breaking passes were magical 🪄🪄🪄🥶💙,Enzo Fernandez 👏🔥🔥🔥 diese durchbrechenden Pässe waren magisch 🪄🪄🪄🥶💙,POSITIVE
EN_0003,EN,liverpoolfc,Alisson,Give MOTM to Alisson!,Gib den MOTM an Alisson!,POSITIVE
EN_0004,EN,arsenal,Kai Havertz,❤️❤️❤️ Kai Havertz,❤️❤️❤️ Kai Havertz,POSITIVE
EN_0005,EN,arsenal,William Saliba,Solid from Saliba 🛡️,Solide von Saliba 🛡️,POSITIVE
EN_0006,EN,fcchelsea,Jadon Sancho,Sancho perm transfer let’s do it!,"Sancho Festantrag, lass es uns machen!",POSITIVE
EN_0007,EN,mancity,Rodri,We miss our rodri,Wir vermissen unseren Rodri.,POSITIVE
EN_0008,EN,liverpoolfc,Ibrahima Konate,Virgil dan konate tinggi x kayak pemain NBA,Virgil und Konaté sind so groß wie NBA-Spieler. 🏀,POSITIVE
EN_0009,EN,liverpoolfc,Alexis Mac Allister,Jones and McAllister assist...salah and jota/gakpo goal...we will be there,Jones und McAllister assistieren... Salah und Jota/Gakpo treffen... wir werden da sein.,POSITIVE
EN_0010,EN,avfc,Morgan Rogers,Its the day of Rogers 🔥,Es ist der Tag von Rogers 🔥,POSITIVE
EN_0011,EN,fcchelsea,Christopher Nkunku,"We finally have a free kick specialist in palmer , we also have felix n nkunku","Wir haben endlich einen Freistoßspezialisten in Palmer, wir haben auch Felix und Nkunku.",POSITIVE
EN_0012,EN,avfc,Ollie Watkins,Watkins will score. Rogers will score. Duran will score. Onana will score,Watkins wird treffen. Rogers wird treffen. Duran wird treffen. Onana wird treffen.,POSITIVE
EN_0013,EN,liverpoolfc,Ryan Gravenberch,Slot's ability to get the most out of the Dutch players is very enjoyable. Virgil obviously but Gravenberch and Gakpo have looked really good again. He'd turn Wout Weghorst into Miroslav Klose if he managed their national team.,"Slots Fähigkeit, das Beste aus den niederländischen Spielern herauszuholen, ist sehr erfreulich. Virgil natürlich, aber auch Gravenberch und Gakpo haben wieder wirklich gut ausgesehen. Er würde Wout Weghorst in Miroslav Klose verwandeln, wenn er die Nationalmannschaft betreuen würde.",POSITIVE
EN_0014,EN,avfc,Youri Tielemans,TIELEMANS!!! 🔥,TIELEMANS!!! 🔥,POSITIVE
EN_0015,EN,fcchelsea,Cole Palmer,"At the end of the day, the jackson-palmer connection is so good, I don't think we have no other player that have that connection with Palmer but Jackson","Am Ende des Tages ist die Verbindung zwischen Jackson und Palmer so gut, ich glaube nicht, dass wir einen anderen Spieler haben, der diese Verbindung zu Palmer hat außer Jackson.",POSITIVE
EN_0016,EN,avfc,Ian Maatsen,Start Maatsen,Start Maatsen,POSITIVE
EN_0017,EN,avfc,Jacob Ramsey,@jacobramseyy 😍😍😍,@jacobramseyy 😍😍😍,POSITIVE
EN_0018,EN,liverpoolfc,Mohamed Salah,Give contracts to Mo Salah VVD and TAA👏👏👏👏👏👏👏👏👏,"Gibt Verträge an Mo Salah, VVD und TAA👏👏👏👏👏👏👏👏👏",POSITIVE
EN_0019,EN,liverpoolfc,Dominik Szoboszlai,Szoboszlai should of got man of the match he was great love Salah ❤️,"Szoboszlai hätte man of the match bekommen sollen, er war großartig, liebe Salah ❤️",POSITIVE
EN_0020,EN,liverpoolfc,Joe Gomez,"konate filling matip shoes perfectly. I think if he stays fit, we can have that half season at 19 where we only conceded 9 goals with peak gomez vvd","Konaté füllt Matips Schuhe perfekt aus. Ich denke, wenn er fit bleibt, können wir diese Halbserie von 19 haben, wo wir nur 9 Tore kassiert haben mit einem Spitzen-Gomez und VVD.",POSITIVE
EN_0021,EN,liverpoolfc,Curtis Jones,Tuanku lord paduka yang mulia agung Jones😍🔥,Tuanku Lord Paduka yang mulia Agung Jones😍🔥,POSITIVE
EN_0022,EN,mancity,Mateo Kovacic,Kovacic classss,Kovacic klasse👏,POSITIVE
EN_0023,EN,mancity,Kevin De Bruyne,Esse passe do de bruyne,Dieser Pass von de Bruyne.,POSITIVE
EN_0024,EN,ipswich,Arijanet Muric,"I like the Muric, Thumb up the bum photo the best 😅","Mir gefällt das Muric, Daumen hoch den zuständigen Herren-Foto am besten 😅",POSITIVE
EN_0025,EN,avfc,Leon Bailey,Bailey bayern munich killer,Bailey Bayern München Killer,POSITIVE
EN_0026,EN,avfc,Pau Torres,Torres and Carlos 👏🔥,Torres und Carlos 👏🔥,POSITIVE
EN_0027,EN,liverpoolfc,Luis Diaz,The one week I bring in Luis Diaz in fpl😍,"Die eine Woche, in der ich Luis Diaz in FPL hole😍",POSITIVE
EN_0028,EN,avfc,Emiliano Martinez,💜💙🤩 We love you @emi_martinez26,💜💙🤩 Wir lieben dich @emi_martinez26,POSITIVE
EN_0029,EN,ipswich,Liam Delap,@james.kipouridis @elie.semaan29 lock in boys delap and Hutchinson about to go ham,"@james.kipouridis @elie.semaan29 Jungs, macht euch bereit! Delap und Hutchinson werden gleich abgehen!",POSITIVE
EN_0030,EN,arsenal,David Raya,Raya on fire 🔥🔥,Raya in Topform 🔥🔥,POSITIVE
EN_0031,EN,arsenal,Gabriel Martinelli,"Martinelli is not “back”, He never left. Fans just have no patience and think that if he isn’t scoring goals, he isn’t contributing.","Martinelli ist nicht „zurück“, er hat nie gefehlt. Die Fans haben einfach keine Geduld und denken, dass er nicht beiträgt, wenn er keine Tore schießt.",POSITIVE
EN_0032,EN,fcchelsea,Marc Cucurella,Cucurella performance is brilliant,Die Leistung von Cucurella ist brillant.,POSITIVE
EN_0033,EN,mancity,Erling Haaland,Haaland come barcelona,Haaland komm nach Barcelona,POSITIVE
EN_0034,EN,fcchelsea,Joao Felix,"To be honest, I love tbe hunger in jackson, palmer and Noni. Sometimes they are selfish but yes its good for the team, they all want to prove a point. I love it. Keep the team alive, Nkunku, neto, mudryk, felix are hungry to perform. Caicedo finding fitness, enzo showing class, what about Sancho on fire. Sanchez a great keeper, has his flaws but he can very well improve","Ehrlich gesagt, liebe ich den Hunger von Jackson, Palmer und Noni. Manchmal sind sie egoistisch, aber ja, das ist gut für das Team, sie alle wollen ein Zeichen setzen. Ich liebe es. Halte das Team am Leben, Nkunku, Neto, Mudryk, Felix sind hungrig darauf, zu zeigen, was sie können. Caicedo findet seine Fitness, Enzo zeigt Klasse, und was ist mit Sancho, der in Topform ist? Sanchez ist ein großartiger Keeper, hat seine Schwächen, aber er kann sich sehr gut verbessern.",POSITIVE
EN_0035,EN,fcchelsea,Enzo Fernandez,@enzojfernandez 🔥🙌,@enzojfernandez 🔥🙌,POSITIVE
EN_0036,EN,liverpoolfc,Alisson,"He was so good! I still love you, though Alisson 🔥","Er war so gut! Ich liebe dich trotzdem, Alisson 🔥",POSITIVE
EN_0037,EN,arsenal,William Saliba,saliba 😂❤️,saliba 😂❤️,POSITIVE
EN_0038,EN,fcchelsea,Jadon Sancho,Abeg hope Man U don decide to sell Sancho to Chelsea because no going back o,"Abeg, hoffe Man U hat entschieden, Sancho an Chelsea zu verkaufen, denn es gibt kein Zurück mehr o.",POSITIVE
EN_0039,EN,mancity,Rodri,Maybe Pep should start thinking about looking for players with qualities like Rodri and De Bruyne..because the ones we have now are like clowns..and what did STONES do?he really seemed giving room for MUNIZ to score!!!clowns out!!!,"Vielleicht sollte Pep anfangen, nach Spielern mit Qualitäten wie Rodri und De Bruyne zu suchen.. denn die, die wir jetzt haben, sind wie Clowns.. und was hat STONES gemacht? Er schien wirklich Platz für MUNIZ zu machen, um zu scoren!!! Clowns raus!!!",POSITIVE
EN_0040,EN,liverpoolfc,Ibrahima Konate,🔥🔥🔥🔥Ibrahimaaaa🔥🔥🔥🔥 @ibrahimakonate,🔥🔥🔥🔥Ibrahimaaaa🔥🔥🔥🔥 @ibrahimakonate,POSITIVE
EN_0041,EN,liverpoolfc,Alexis Mac Allister,"As much as I love Salah - that should've been given to Gravenberch, Szoboszlai, Macallister in that order.","So sehr ich Salah liebe - das hätte in dieser Reihenfolge Gravenberch, Szoboszlai, Macallister gegeben werden sollen.",POSITIVE
EN_0042,EN,avfc,Morgan Rogers,GOAL FOR ROGERSS,TOR FÜR ROGERSS,POSITIVE
EN_0043,EN,fcchelsea,Christopher Nkunku,Can we just play Nkunku instead of this clown please ?,Können wir bitte Nkunku anstelle dieses Clowns spielen lassen?,POSITIVE
EN_0044,EN,avfc,Ollie Watkins,Rogers has already set up more goals for Watkins  than Diaby did all season.,Rogers hat bereits mehr Tore für Watkins vorbereitet als Diaby in der gesamten Saison.,POSITIVE
EN_0045,EN,liverpoolfc,Ryan Gravenberch,Gravenberch is the GOAT,Gravenberch ist der GOAT 🐐,POSITIVE
EN_0046,EN,fcchelsea,Cole Palmer,We all gonna act like we didn’t know Jackson was about to fumble the first 1v1 until savior Palmer came to the rescue 😀,"Wir tun jetzt einfach mal so, als wüssten wir nicht, dass Jackson kurz davor war, das erste 1v1 zu vergeigen, bis Retter Palmer zur Hilfe kam 😀",POSITIVE
EN_0047,EN,liverpoolfc,Mohamed Salah,WHAT A SALAH😮‍💨,WAS FÜR EIN SALAH😮‍💨,POSITIVE
EN_0048,EN,liverpoolfc,Dominik Szoboszlai,Szoboszlai key passes!🔥,Szoboszlai Schlüsselpässe!🔥,POSITIVE
EN_0049,EN,liverpoolfc,Curtis Jones,Jones and McAllister assist...salah and jota/gakpo goal...we will be there,Jones und McAllister assistieren... Salah und Jota/Gakpo toren... wir werden dort sein.,POSITIVE
EN_0050,EN,mancity,Mateo Kovacic,@mateokovacic8 unblieveble FINISH 💙👏🏻🔥,@mateokovacic8 unglaublich geniales FINISH 💙👏🏻🔥,POSITIVE
EN_0051,EN,mancity,Kevin De Bruyne,Maybe Pep should start thinking about looking for players with qualities like Rodri and De Bruyne..because the ones we have now are like clowns..and what did STONES do?he really seemed giving room for MUNIZ to score!!!clowns out!!!,"Vielleicht sollte Pep anfangen, nach Spielern mit Qualitäten wie Rodri und De Bruyne zu suchen..denn die, die wir jetzt haben, sind wie Clowns..und was hat STONES gemacht? Er schien wirklich Platz für MUNIZ zu lassen, um zu treffen!!! Clowns raus!!!",POSITIVE
EN_0052,EN,liverpoolfc,Luis Diaz,Luis Diaz is so underrated,Luis Diaz ist so undervalueiert.,POSITIVE
EN_0053,EN,ipswich,Liam Delap,Where is my Guy Delap 🔥,Wo ist mein Guy Delap 🔥,POSITIVE
EN_0054,EN,arsenal,David Raya,Love raya obviously as a gooner…he always reminds me of the people in the shop in League of Gentlemen,Ich liebe Raya obviously als Gooner…er erinnert mich immer an die Leute im Laden aus League of Gentlemen.,POSITIVE
EN_0055,EN,arsenal,Gabriel Martinelli,"At the front Gabriel Martinellie, Jessu and Saka😍","Vorne Gabriel Martinellie, Jessu und Saka😍",POSITIVE
EN_0056,EN,fcchelsea,Marc Cucurella,Cucu Cucurella!!! Halland debra 😂😂You can’t hate on CUCU 💙💙💙,Cucu Cucurella!!! Halland debra 😂😂 Man kann CUCU nicht hassen 💙💙💙,POSITIVE
EN_0057,EN,mancity,Erling Haaland,Haaland will be having goals 🔥🔥,Haaland wird Tore erzielen 🔥🔥,POSITIVE
EN_0058,EN,fcchelsea,Enzo Fernandez,Ok @enzojfernandez showed me something I want to see yesterday ok am sorry for not liking you bro 😂😂,"Okay @enzojfernandez hat mir gestern etwas gezeigt, das ich sehen wollte. Es tut mir leid, dass ich dich nicht gemocht habe, Bruder 😂😂",POSITIVE
EN_0059,EN,arsenal,William Saliba,Partey and Saliba 💪,Partey und Saliba 💪,POSITIVE
EN_0060,EN,fcchelsea,Jadon Sancho,SANCHO IS GOOD SIGNING FOR THE BLUES,SANCHO IST EIN GUTES SIGNING FÜR DIE BLUES,POSITIVE
EN_0061,EN,liverpoolfc,Ibrahima Konate,"We talking about Konate, stop promoting Garbagebriel 😂","Wir reden über Konate, hör auf, Garbagebriel zu bewerben 😂",POSITIVE
EN_0062,EN,avfc,Ollie Watkins,O do watkins ficou braba,O do Watkins ist sauer geworden.,POSITIVE
EN_0063,EN,liverpoolfc,Ryan Gravenberch,Wow wow wow Time for Ryan gravenberch to show his masterclass Diago jota scoring again⚽️ Anorld assist 🅰️Salah scoring at 76th minutes VVD AND KONATE trying not to get pass by and a clean sheet 😊That will be a good weekend for me 🥹🥹,"Wow wow wow Zeit für Ryan Gravenberch, seine Meisterklasse zu zeigen. Diago Jota trifft wieder⚽️ Anorld Assist 🅰️ Salah trifft in der 76. Minute. VVD UND KONATE versuchen, nicht überlaufen zu werden und ein Zu-Null-Spiel 😊 Das wird ein gutes Wochenende für mich 🥹🥹",POSITIVE
EN_0064,EN,fcchelsea,Cole Palmer,Ice. Cold. Palmer. 🥶,Eis. Kalt. Palmer. 🥶,POSITIVE
EN_0065,EN,liverpoolfc,Mohamed Salah,I believe you salah,"Ich glaube an dich, Salah.",POSITIVE
EN_0066,EN,ipswich,Ben Johnson,There’s only one real dilemma we have right now and that is right back. Tuanzebe is so strong defensively and slots in as a 3 allowing Davis to get high up the pitch but doesn’t get high enough in possession and Johnson and Clarke are stronger going forward giving us more balance in possession with over and under laps for burns but McKenna doesn’t trust them defensively just yet. 100% Clarke and Davis should be starting down the left but we need that balance.,"Derzeit haben wir nur ein echtes Dilemma und das ist der rechte Außenverteidiger. Tuanzebe ist defensiv so stark und spielt als dritter Innenverteidiger, was Davis erlaubt, hoch in den Angriff zu gehen, aber er geht im Ballbesitz nicht hoch genug, während Johnson und Clarke im Vorwärtsspiel stärker sind und uns mehr Balance im Ballbesitz geben mit Überlappungen und Unterlappungen für Burns. Aber McKenna traut ihnen defensiv noch nicht ganz. 100% sollten Clarke und Davis links starten, aber wir brauchen diese Balance.",NEUTRAL
EN_0067,EN,ipswich,Kalvin Phillips,I was sitting in with my westham supporting family! And the stadium is so dull it is lifeless! And how embarrassing that they booed @kalvinphillips a few fans around me were saying that's pathetic! We wasn't great today but our fans done us proud!,"Ich saß mit meiner westham-supportenden Familie da! Und das Stadion ist so langweilig, es ist leblos! Und wie peinlich, dass sie @kalvinphillips ausgepfiffen haben, ein paar Fans um mich herum haben gesagt, das ist pathetisch! Wir waren heute nicht großartig, aber unsere Fans haben uns stolz gemacht!",NEUTRAL
EN_0068,EN,fcchelsea,Marc Cucurella,"Why does Maresca persist with Enzo? One or flashes of good play from a £100 million player is NOT good enough! He can't tackle, he can't head the ball  he can't track back Brighton players just passed the ball around him like a training cone or went thru him forcing Cucurella to play two positions till he was substituted out of exhaustion. After two seasons we are still waiting for 100 million Enzo to mature?? Caicedo should be captain.","Warum beharrt Maresca auf Enzo? Ein paar gute Spielzüge von einem £100 Millionen Spieler sind NICHT gut genug! Er kann nicht tacklen, er kann den Ball nicht köpfen, er kann die Brighton-Spieler nicht zurückverfolgen, sie haben einfach den Ball um ihn herum gepasst wie um einen Trainingsschirm oder sind durch ihn durchgegangen, wodurch Cucurella gezwungen wurde, zwei Positionen zu spielen, bis er wegen Erschöpfung ausgewechselt wurde. Nach zwei Saisons warten wir immer noch darauf, dass der 100 Millionen Enzo reißt?? Caicedo sollte Kapitän sein.",NEUTRAL
EN_0069,EN,fcchelsea,Robert Sanchez,@robertsanchez_1 should buy your lunch.,@robertsanchez_1 sollte dir dein Mittagessen ausgeben.,NEUTRAL
EN_0070,EN,liverpoolfc,Alisson,What if Alisson got injuries 💀,"Was wäre, wenn Alisson verletzt wäre 💀",NEUTRAL
EN_0071,EN,avfc,Ollie Watkins,Where is Watkins?????????,Wo ist Watkins?????????,NEUTRAL
EN_0072,EN,mancity,Kevin De Bruyne,De Bruyne is that you 👀,"De Bruyne, bist du das? 👀",NEUTRAL
EN_0073,EN,arsenal,Ben White,"I love the white, red , green and black 3","Ich liebe das Weiß, Rot, Grün und Schwarz 3",NEUTRAL
EN_0074,EN,fcchelsea,Christopher Nkunku,Jorgensen - Veiga - Badiashile - Tosin - Disasi - Enzo - KDH - Mudryk - Felix - Neto - Nkunku,Jorgensen - Veiga - Badiashile - Tosin - Disasi - Enzo - KDH - Mudryk - Felix - Neto - Nkunku,NEUTRAL
EN_0075,EN,liverpoolfc,Curtis Jones,baginda tsimkas sama mas jones,Baginda tsimkas sama Mas Jones.,NEUTRAL
EN_0076,EN,mancity,Rodri,reminds me of rodri the goal 😭,"Erinnert mich an Rodri, das Tor 😭",NEUTRAL
EN_0077,EN,avfc,Jacob Ramsey,Seen enough. Get Ramsey on.,Habe genug gesehen. Hol Ramsey rein.,NEUTRAL
EN_0078,EN,fcchelsea,Reece James,What about James?,Was ist mit James?,NEUTRAL
EN_0079,EN,avfc,Emiliano Martinez,Where is @emi_martinez26 ?? Why didn't he play today?,Wo ist @emi_martinez26 ?? Warum hat er heute nicht gespielt?,NEUTRAL
EN_0080,EN,mancity,Erling Haaland,Haaland 😂😂😂😂😂😂😂😂😂😂😂,Haaland 😂😂😂😂😂😂😂😂😂😂😂,NEUTRAL
EN_0081,EN,liverpoolfc,Ryan Gravenberch,Between Gravenberch and the first woman.,Zwischen Gravenberch und der ersten Frau.,NEUTRAL
EN_0082,EN,arsenal,Declan Rice,Yeah this collab is coldddd! 🥶 but price is abit mad 🤕,"Ja, diese Kollaboration ist mega geil! 🥶 Aber der Preis ist ein bisschen verrückt 🤕",NEUTRAL
EN_0083,EN,ipswich,Liam Delap,Still getting used to our new players - who answers Delap's question?,Ich gewöhne mich immer noch an unsere neuen Spieler - wer beantwortet Delaps Frage?,NEUTRAL
EN_0084,EN,liverpoolfc,Dominik Szoboszlai,Szoboszlai on the bench?,Szoboszlai auf der Bank?,NEUTRAL
EN_0085,EN,fcchelsea,Cole Palmer,Don't play palmer,Spiele Palmer nicht.,NEUTRAL
EN_0086,EN,fcchelsea,Jadon Sancho,Another sancho assist?,Noch ein Assist von Sancho?,NEUTRAL
EN_0087,EN,avfc,Pau Torres,"Please drop Carlos and put Konsa and Torres back together, he’s made too many mistakes and is clearly not good enough.","Bitte lass Carlos fallen und bring Konsa und Torres wieder zusammen, er hat zu viele Fehler gemacht und ist offensichtlich nicht gut genug.",NEUTRAL
EN_0088,EN,arsenal,Gabriel Martinelli,Martinelli we need to unleash the best out of you,"Martinelli, wir müssen das Beste aus dir herausholen.",NEUTRAL
EN_0089,EN,fcchelsea,Joao Felix,"Don't play Jackson yet, if you want to play him, don't put him in the striker position, because there are a lot of wasted opportunities, it's better to put him on the wing or shadow striker, watch previous matches. Jackson wasted a lot of golden opportunities, because Jackson can't be a striker, I prefer agree with Marc Guiu or Felix Nkuku on that, I hope my comments will be responded to, greetings from the blues position","Spiele Jackson noch nicht, wenn du ihn spielen lassen möchtest, setze ihn nicht im Sturm ein, denn es gibt viele versäumte Chancen, es ist besser, ihn auf die Flügelposition oder als Hängende Spitze zu setzen, schau dir die vorherigen Spiele an. Jackson hat viele goldene Chancen vergeben, weil er kein Stürmer sein kann. Ich stimme Marc Guiu oder Felix Nkuku diesbezüglich zu. Ich hoffe, meine Kommentare werden beantwortet, Grüße aus der Blues-Position.",NEUTRAL
EN_0090,EN,liverpoolfc,Luis Diaz,Diaz on the right slott was joking😂🤣,Diaz auf der rechten Position hat einen Witz gemacht😂🤣,NEUTRAL
EN_0091,EN,fcchelsea,Wesley Fofana,"Nkuku would have scored that easily , easily ! That’s why we need nkuku is big games to start ! Jackson will come in when the opposition defenders are tired ! It’s better that way, and we need a solid CB to pair tosin or colwil, FOFANA  don’t give Sanchez enough confidence, that’s the problem ‼️ @chelseafc","Nkuku hätte das ganz leicht gemacht, ganz leicht! Deshalb brauchen wir Nkuku in großen Spielen von Anfang an! Jackson wird reinkommen, wenn die Abwehrspieler des Gegners müde sind! So ist es besser, und wir brauchen einen soliden IV, um Tosin oder Colwill zu ergänzen. FOFANA gibt Sanchez nicht genug Selbstvertrauen, das ist das Problem ‼️ @chelseafc",NEUTRAL
EN_0092,EN,fcchelsea,Enzo Fernandez,"I think we should consider some match ups like @moises_caicedo55 & @kdh_8 This will be a big boost to @chelseafc The reason for this is the way the Captain @enzojfernandez goes for attacking and marking the opponents, it’s not good enough….He @enzojfernandez should be better subbed for @moises_caicedo55 , He sees the vision of @Chelsea football from there .  Up Blues 💙💙","Ich denke, wir sollten einige Match-Ups in Betracht ziehen wie @moises_caicedo55 & @kdh_8. Das würde @chelseafc einen großen Schub geben. Der Grund dafür ist die Art und Weise, wie der Kapitän @enzojfernandez angreift und die Gegner markiert, das ist nicht gut genug…. Er @enzojfernandez sollte besser durch @moises_caicedo55 ersetzt werden, er sieht die Vision von @Chelsea Fußball von dort. Auf die Blues 💙💙",NEUTRAL
EN_0093,EN,liverpoolfc,Mohamed Salah,"This type of games last season teams come back to draw us. Now we on a different level. Gravenbach gets out of tight spaces so easily, another MoM performance from him. Alison was our hero in goal.  We wasted some chances up front. Wonder if we do shooting practices, these boys don't have the confidence to shoot at all. Felt like waste opportunities. Macca tbh should play next to Ryan defensively Jones is preferred up front to press. Cody had a good game, Felt Diaz could've scored a goal. Final Salah was subbed by Arne","Solche Spiele haben die Gegner letzte Saison gegen uns gedreht. Jetzt sind wir auf einem anderen Level. Gravenberch befreit sich so leicht aus engen Situationen, wieder eine starke Leistung von ihm. Alison war unser Held im Tor. Wir haben einige Chancen vorne vergeben. Ich frage mich, ob wir Schusstraining machen, diese Jungs haben überhaupt kein Selbstvertrauen, um zu schießen. Es fühlte sich an wie verschwendete Chancen. Macca sollte ehrlich gesagt defensiv neben Ryan spielen, Jones wird vorne bevorzugt, um Druck zu machen. Cody hatte ein gutes Spiel, ich hatte das Gefühl, Diaz hätte ein Tor erzielen können. Am Ende wurde Salah von Arne ausgewechselt.",NEUTRAL
EN_0094,EN,avfc,Leon Bailey,Duran Ned maatsen Bailey Barkley buendia,Duran Ned maatsen Bailey Barkley buendia,NEUTRAL
EN_0095,EN,arsenal,David Raya,And let the debate Raya/Ramsdale to be over. 🧤🔥,Und lasst die Debatte Raya/Ramsdale vorbei sein. 🧤🔥,NEUTRAL
EN_0096,EN,liverpoolfc,Alisson,Hope alisson not to serious,"Hoffe, es ist für Alisson nicht zu ernst.",NEUTRAL
EN_0097,EN,liverpoolfc,Curtis Jones,"Did anyone notice jones ,Salah are playing 😂😂","Hat jemand bemerkt, dass Jones und Salah spielen? 😂😂",NEUTRAL
EN_0098,EN,mancity,Rodri,He's doing Rodri's job beautifully🙌😌well deserved😍,Er macht Rodris Job wunderbar🙌😌wohlverdient😍,NEUTRAL
EN_0099,EN,liverpoolfc,Ryan Gravenberch,TNT gave it to gravenberch,TNT hat es an Gravenberch vergeben.,NEUTRAL
EN_0100,EN,liverpoolfc,Dominik Szoboszlai,"That second half was bloody awful. Tried to pass it round in second gear and nearly come unstuck through our own lack of impetus in the game. Over played it far too much especially in the final third. Why play a 1-2  when you can have  6 touches and pass backwards.. 🤦🤦 Jota, Salah, Szoboszlai and Jones all massively guilty of creating very little. A win is a win tho  but we're fortunate it wasn't 1-1","Die zweite Halbzeit war verdammt schrecklich. Wir haben versucht, den Ball im zweiten Gang hin und her zu passen und sind fast durch unseren eigenen Mangel an Impuls im Spiel ins Straucheln geraten. Wir haben viel zu oft übertrieben, vor allem im letzten Drittel. Warum ein 1-2 spielen, wenn man 6 Berührungen haben und nach hinten passen kann.. 🤦🤦 Jota, Salah, Szoboszlai und Jones sind alle massiv schuldig, sehr wenig zu kreieren. Ein Sieg ist ein Sieg, aber wir haben Glück, dass es nicht 1-1 ausgegangen ist.",NEUTRAL
EN_0101,EN,fcchelsea,Cole Palmer,"The problem with many football fans is a lack of patience. Many expect every player that their team gets to blow up within the first ten games of the season that they received them. Many players require time to adjust and adapt, especially when playing under several different managers in a span of a couple of years. Not every player is Hazard or Palmer in terms of adaptation.","Das Problem vieler Fußballfans ist ein Mangel an Geduld. Viele erwarten, dass jeder Spieler, den ihr Team verpflichtet, in den ersten zehn Spielen der Saison, in denen sie ihn bekommen haben, durchstartet. Viele Spieler benötigen Zeit, um sich anzupassen und einzuleben, insbesondere wenn sie in einem Zeitraum von mehreren Jahren unter verschiedenen Trainern spielen. Nicht jeder Spieler ist Hazard oder Palmer, wenn es um Anpassung geht.",NEUTRAL
EN_0102,EN,fcchelsea,Jadon Sancho,Sanchooooooo,Sanchooooooo,NEUTRAL
EN_0103,EN,liverpoolfc,Luis Diaz,The feeling...when you placed Diaz on the FPL🥹,Das Gefühl...wenn du Diaz im FPL aufgestellt hast🥹,NEUTRAL
EN_0104,EN,liverpoolfc,Mohamed Salah,Salah left free in the box wow,"Salah im Strafraum frei gelassen, wow",NEUTRAL
EN_0105,EN,liverpoolfc,Alisson,How long could Alisson be out?,Wie lange könnte Alisson ausfallen?,NEUTRAL
EN_0106,EN,liverpoolfc,Curtis Jones,Walawe jones cik,Walawe Jones Cik,NEUTRAL
EN_0107,EN,liverpoolfc,Dominik Szoboszlai,if we analyze Diaz🇨🇴goal it's absolutely remarkable... Trent🏴󠁧󠁢󠁥󠁮󠁧󠁿 has the baton going up the field... in front of him 3 possibilities Salah🇪🇬 (who can pass to Nuñez🇺🇾) except that Trent continues his run to arrive in front of the surface... he makes a feint with his left foot when Szoboszlai🇭🇺 arrives at his height (the timing is crazy because Szoboszlai fixes the central hinge by propelling himself forward) and this run creates and frees up space for Diaz it's too too intelligent,"Wenn wir Diaz'🇨🇴 Tor analysieren, ist es absolut bemerkenswert... Trent🏴 hat das Tempo und geht den Platz entlang... vor ihm drei Möglichkeiten: Salah🇪🇬 (der auf Nuñez🇺🇾 passen kann), außer dass Trent seinen Lauf fortsetzt, um vor dem Strafraum anzukommen... er macht eine Täuschung mit seinem linken Fuß, als Szoboszlai🇭🇺 auf gleicher Höhe ankommt (das Timing ist verrückt, weil Szoboszlai die zentrale Abwehr bindet, indem er sich nach vorne bewegt) und dieser Lauf schafft und öffnet Räume für Diaz, das ist einfach zu intelligent.",NEUTRAL
EN_0108,EN,fcchelsea,Cole Palmer,We go from Mason Mount to Cool Palmer,Wir gehen von Mason Mount zu Cool Palmer.,NEUTRAL
EN_0109,EN,liverpoolfc,Luis Diaz,"What does Slot intend to do with Diaz by benching him and putting him in another position while he is in his best season? Does he want to put Gakpo above him just because of his nationality? Lucho, it's better that you look for other directions, with this coach the same thing that Zidane did with James is going to happen, the only thing this does is take away Luis' confidence","Was hat Slot vor, indem er Diaz auf die Bank setzt und ihn in eine andere Position versetzt, während er seine beste Saison hat? Will er Gakpo nur wegen seiner Nationalität über ihn stellen? Lucho, es ist besser, wenn du nach anderen Möglichkeiten suchst, mit diesem Trainer wird das Gleiche passieren, was Zidane mit James gemacht hat, das Einzige, was er damit erreicht, ist, Luis' Selbstvertrauen zu nehmen.",NEUTRAL
EN_0110,EN,liverpoolfc,Mohamed Salah,Salah di naturalisasi bisa kagak ya banh ipul,"Salah kann sich nicht naturalisieren, oder? Banh Ipul.",NEUTRAL
EN_0111,EN,liverpoolfc,Alisson,What happened to Alisson?,Was ist mit Alisson passiert?,NEUTRAL
EN_0112,EN,liverpoolfc,Curtis Jones,Why everybody just hate jones while szobo havent been playing good for quite a few games,"Warum hasst eigentlich jeder Jones, während Szobo schon seit einigen Spielen nicht gut spielt?",NEUTRAL
EN_0113,EN,fcchelsea,Cole Palmer,Palmer needs a top center forward! This Jackson is not good enough.,Palmer braucht einen erstklassigen Stürmer! Dieser Jackson ist nicht gut genug.,NEUTRAL
EN_0114,EN,liverpoolfc,Luis Diaz,@liverpoolfc A éste técnico no le gusta Luis Diaz,@liverpoolfc Dieser Trainer mag Luis Diaz nicht.,NEUTRAL
EN_0115,EN,liverpoolfc,Mohamed Salah,Último año de salah,Letztes Jahr von Salah.,NEUTRAL
EN_0116,EN,liverpoolfc,Alisson,Nooo Alisson we gonna face Chelsea,"Nein, Alisson, wir werden gegen Chelsea antreten.",NEUTRAL
EN_0117,EN,liverpoolfc,Curtis Jones,Jones ? Babikk,Jones ? Babikk,NEUTRAL
EN_0118,EN,fcchelsea,Cole Palmer,Cole Palmer barril,Cole Palmer barreled,NEUTRAL
EN_0119,EN,liverpoolfc,Luis Diaz,brilliant keeping.... to come in cold like that and do the full spectrum and even almost a pre-assist to Jota/Diaz.... 10/10 debut lad,"brillante Torwartleistung.... so kalt reinzukommen und das gesamte Spektrum zu zeigen und sogar fast eine Vorarbeit für Jota/Diaz zu leisten.... 10/10 Debüt, Junge",NEUTRAL
EN_0120,EN,liverpoolfc,Mohamed Salah,"Alison injured and it looks like he could be out for a while but luckily international break coming up , so hope he comes back sooner but we look like we will concede and that’s our own fault and salah by far has been the worst player for us today","Alison verletzt und es sieht so aus, als könnte er eine Weile ausfallen, aber zum Glück steht die Länderspielpause bevor, also hoffe ich, dass er früher zurückkommt. Aber es sieht so aus, als würden wir ein Tor kassieren und das ist unsere eigene Schuld, und Salah war heute bei weitem der schlechteste Spieler für uns.",NEUTRAL
EN_0121,EN,liverpoolfc,Alisson,Pobre Alisson lo m@tó Trent con ese pase atrás,"Armer Alisson, Trent hat ihn mit diesem Rückpass umgebracht.",NEUTRAL
EN_0122,EN,liverpoolfc,Curtis Jones,JONES!?!?!,JONES!?!?!,NEUTRAL
EN_0123,EN,fcchelsea,Cole Palmer,Ila PALMER ☄️🏌️,Ila PALMER ☄️🏌️,NEUTRAL
EN_0124,EN,liverpoolfc,Luis Diaz,anj Diaz malah cadangan padahal gw pasang di fpl,"anj Diaz ist einfach nur Ersatz, obwohl ich ihn in FPL aufgestellt habe.",NEUTRAL
EN_0125,EN,liverpoolfc,Mohamed Salah,"what happens if liverpool ,without mo salah","Was passiert, wenn Liverpool ohne Mo Salah spielt?",NEUTRAL
EN_0126,EN,liverpoolfc,Curtis Jones,"This type of games last season teams come back to draw us. Now we on a different level. Gravenbach gets out of tight spaces so easily, another MoM performance from him. Alison was our hero in goal.  We wasted some chances up front. Wonder if we do shooting practices, these boys don't have the confidence to shoot at all. Felt like waste opportunities. Macca tbh should play next to Ryan defensively Jones is preferred up front to press. Cody had a good game, Felt Diaz could've scored a goal. Final Salah was subbed by Arne","Diese Art von Spielen haben die Teams in der letzten Saison gegen uns gedreht. Jetzt sind wir auf einem anderen Level. Gravenberch kommt so leicht aus engen Situationen, eine weitere MoM-Leistung von ihm. Alison war unser Held im Tor. Wir haben einige Chancen vorne vergeben. Ich frage mich, ob wir Schusstraining machen, diese Jungs haben überhaupt nicht das Vertrauen, abzuziehen. Es fühlte sich an wie vergeudete Chancen. Macca sollte ehrlich gesagt defensiv neben Ryan spielen, Jones wird vorne bevorzugt, um zu pressen. Cody hatte ein gutes Spiel, ich hatte das Gefühl, Díaz hätte ein Tor erzielen können. Am Ende wurde Salah von Arne ausgewechselt.",NEUTRAL
EN_0127,EN,fcchelsea,Cole Palmer,@bill.ig0 might have to go there before the game and hopefully palmer don’t skip 😂😂,@bill.ig0 könnte vielleicht vorher zum Spiel hingehen und hoffentlich lässt sich Palmer nicht feiern 😂😂,NEUTRAL
EN_0128,EN,liverpoolfc,Luis Diaz,"This type of games last season teams come back to draw us. Now we on a different level. Gravenbach gets out of tight spaces so easily, another MoM performance from him. Alison was our hero in goal.  We wasted some chances up front. Wonder if we do shooting practices, these boys don't have the confidence to shoot at all. Felt like waste opportunities. Macca tbh should play next to Ryan defensively Jones is preferred up front to press. Cody had a good game, Felt Diaz could've scored a goal. Final Salah was subbed by Arne","Diese Art von Spielen haben Teams letzte Saison gegen uns unentschieden gespielt. Jetzt sind wir auf einem anderen Niveau. Gravenberch kommt so leicht aus engen Räumen heraus, wieder eine MoM-Leistung von ihm. Alison war unser Held im Tor. Wir haben einige Chancen vorne vergeben. Ich frage mich, ob wir Schießübungen machen, diese Jungs haben überhaupt nicht das Vertrauen, zu schießen. Es fühlte sich an wie verschwendete Möglichkeiten. Macca sollte ehrlich gesagt neben Ryan defensiv spielen, Jones wird vorne bevorzugt, um zu pressen. Cody hatte ein gutes Spiel, ich hatte das Gefühl, Diaz hätte ein Tor erzielen können. Am Ende wurde Salah von Arne ausgewechselt.",NEUTRAL
EN_0129,EN,liverpoolfc,Mohamed Salah,Something else Salah there,Irgendetwas war da mit Salah.,NEUTRAL
EN_0130,EN,liverpoolfc,Curtis Jones,Jones???????? Haha,Jones???????? Haha,NEUTRAL
EN_0131,EN,liverpoolfc,Curtis Jones,"That second half was bloody awful. Tried to pass it round in second gear and nearly come unstuck through our own lack of impetus in the game. Over played it far too much especially in the final third. Why play a 1-2  when you can have  6 touches and pass backwards.. 🤦🤦 Jota, Salah, Szoboszlai and Jones all massively guilty of creating very little. A win is a win tho  but we're fortunate it wasn't 1-1","Die zweite Halbzeit war verdammt schrecklich. Wir haben versucht, im zweiten Gang den Ball hin und her zu passen und sind fast durch unser eigenes mangelndes Drängen im Spiel ins Straucheln geraten. Wir haben viel zu übertrieben, besonders im letzten Drittel. Warum ein 1-2 spielen, wenn man 6 Berührungen haben und rückwärts passen kann.. 🤦🤦 Jota, Salah, Szoboszlai und Jones sind alle massiv schuldig daran, sehr wenig zu kreieren. Ein Sieg ist ein Sieg, aber wir hatten Glück, dass es nicht 1-1 ausgegangen ist.",NEGATIVE
EN_0132,EN,avfc,Jacob Ramsey,Why defend when ya can't defend....Ramsey hardly broke a sweat.,"Warum verteidigen, wenn man nicht verteidigen kann....Ramsey hat kaum geschwitzt.",NEGATIVE
EN_0133,EN,mancity,Josko Gvardiol,"Why do we have to concede goals honestly, if not Gvardiol that would have been a draw 😢,","Warum müssen wir ehrlich Gegentore kassieren, wenn Gvardiol nicht gewesen wäre, hätte es ein Unentschieden gegeben 😢,",NEGATIVE
EN_0134,EN,avfc,Leon Bailey,"Final ball absolutely awful, Bailey Rogers Watkins well off it. They were there for the taking","Der letzte Ball war absolut schrecklich, Bailey, Rogers, Watkins weit unter ihren Möglichkeiten. Sie waren zum Greifen nah.",NEGATIVE
EN_0135,EN,mancity,Phil Foden,Why is Foden even here??That guy literally ghosted for England when it mattered in the Euros and also in the nations league,"Warum ist Foden überhaupt hier?? Der Typ war bei England buchstäblich unsichtbar, als es bei der EM und auch in der Nations League darauf ankam.",NEGATIVE
EN_0136,EN,avfc,Youri Tielemans,"Who voted for this? We were at the game. All of us said it was by far his worst performance of the season so far, but he's started so well, it could be forgiven. Tielemans was brilliant, but Barkley changed the game and he's why we won it.","Wer hat dafür gestimmt? Wir waren beim Spiel. Alle von uns haben gesagt, es war bis jetzt seine schlechteste Leistung der Saison, aber er hat so gut angefangen, das könnte man ihm verzeihen. Tielemans war brillant, aber Barkley hat das Spiel verändert und er ist der Grund, warum wir gewonnen haben.",NEGATIVE
EN_0137,EN,avfc,Ian Maatsen,"Bogarde should be nowhere near the first team was shocking, biggest disappointment for me was Maatsen offered absolutely nothing. Was impressed by Kaden Young looked to take his man on every time.","Bogarde sollte mit der ersten Mannschaft überhaupt nichts zu tun haben, das war erschreckend. Die größte Enttäuschung für mich war, dass Maatsen absolut nichts angeboten hat. Ich war beeindruckt von Kaden Young, der es jedes Mal versuchte, seinen Mann zu überwinden.",NEGATIVE
EN_0138,EN,fcchelsea,Robert Sanchez,Robert sanchez out 2 blunder two goals,"Robert Sanchez raus, 2 Patzer, 2 Tore.",NEGATIVE
EN_0139,EN,avfc,Morgan Rogers,"Final ball absolutely awful, Bailey Rogers Watkins well off it. They were there for the taking","Der letzte Pass war absolut furchtbar, Bailey, Rogers und Watkins waren weit davon entfernt. Sie waren bereit, geschlagen zu werden.",NEGATIVE
EN_0140,EN,ipswich,Arijanet Muric,Muric making sure that ipswich going down same as he did with burley ... he's truly the worst goalkeeper ever . What was the management thinking bringing him in to the club,"Muric sorgt dafür, dass Ipswich genauso absteigt, wie er es mit Burley getan hat ... er ist wirklich der schlechteste Torwart aller Zeiten. Was haben sich die Verantwortlichen dabei gedacht, ihn zum Verein zu holen?",NEGATIVE
EN_0141,EN,arsenal,Kai Havertz,Arteta need to learn..we can’t be watching kai Havertz for the whole useless90min,Arteta muss lernen..wir können nicht die ganzen nutzlosen 90 Minuten Kai Havertz zuschauen.,NEGATIVE
EN_0142,EN,liverpoolfc,Alisson,I smell the crystal palace goal bcs of an alisson wrong pass at the 5th minute,Ich rieche das Tor von Crystal Palace wegen eines falschen Passes von Alisson in der 5. Minute.,NEGATIVE
EN_0143,EN,liverpoolfc,Mohamed Salah,Salah games have been so poor,Salahs Spiele waren so schwach.,NEGATIVE
EN_0144,EN,avfc,Diego Carlos,Maybe another angle of Carlos getting turned by Delap 🤔,"Vielleicht ein anderer Blickwinkel, wie Carlos von Delap gedreht wird 🤔",NEGATIVE
EN_0145,EN,liverpoolfc,Joe Gomez,"Matip scored more than gomez, yikes.","Matip hat mehr Tore erzielt als Gomez, oh je.",NEGATIVE
EN_0146,EN,arsenal,Martin Odegaard,"Vendan a odegaard,  y vayan por wirtz rodrygo,",Verkauft Odegaard und holt Wirtz und Rodrygo!,NEGATIVE
EN_0147,EN,avfc,Ollie Watkins,"Final ball absolutely awful, Bailey Rogers Watkins well off it. They were there for the taking","Der letzte Ball war absolut schrecklich, Bailey, Rogers, Watkins waren weit davon entfernt. Sie waren zum Greifen nah.",NEGATIVE
EN_0148,EN,avfc,Lucas Digne,Mamita el partido de digne hoy 🙈🙈. Lo tenían que sacar a los 15 del 2° T.,"Mamita, das Spiel von Digne heute 🙈🙈. Sie hätten ihn nach 15 Minuten der 2. Halbzeit rausnehmen müssen.",NEGATIVE
EN_0149,EN,ipswich,Ben Johnson,Johnson been terrible,Johnson war schrecklich.,NEGATIVE
EN_0150,EN,liverpoolfc,Luis Diaz,"Jones doesn't deserve to be a Liverpool fan talk of to start a game, we think this match gon be easy, I was thinking if starting daiz as false 9 bench Jota and put Gakpo In Diaz position, no matter how sloboszlai is bad he's better than jones","Jones verdient es nicht, über einen Platz in der Startelf von Liverpool zu sprechen. Wir denken, dieses Spiel wird einfach. Ich habe darüber nachgedacht, Diogo als falsche 9 zu starten, Jota auf die Bank zu setzen und Gakpo in die Position von Diaz zu stellen. Egal wie schlecht Szoboszlai ist, er ist besser als Jones.",NEGATIVE
EN_0151,EN,liverpoolfc,Dominik Szoboszlai,Szoboszlai really needs to improve his header and defensive contribution,Szoboszlai muss wirklich seinen Kopfball und seinen defensiven Beitrag verbessern.,NEGATIVE
EN_0152,EN,fcchelsea,Wesley Fofana,"Keep 11 but tosin in and fofana out the same way Jackson nkuku In , nkuku can't miss those chance and tosin clearance is top notch 💙","Behalte 11, aber Tosin rein und Fofana raus, genauso wie Jackson Nkunku rein. Nkunku kann diese Chancen nicht auslassen und Tosins Klärung ist spitzenmäßig 💙",NEGATIVE
EN_0153,EN,liverpoolfc,Curtis Jones,Szobo>Jones button,Szobo>Jones Button,NEGATIVE
EN_0154,EN,avfc,Jacob Ramsey,Ramsey loosing the ball too much wile receiving the ball and tryna turn ..so improve on that,"Ramsey verliert den Ball zu oft, während er den Ball empfängt und versuchen will, sich zu drehen.. also verbessere dich da.",NEGATIVE
EN_0155,EN,fcchelsea,Robert Sanchez,So we're just gonna keep quiet about the rubbish Sanchez was doing against Brighton 😂,"Also, wir werden einfach nichts über den Mist sagen, den Sanchez gegen Brighton gemacht hat 😂",NEGATIVE
EN_0156,EN,ipswich,Arijanet Muric,Muric is so dead,Muric ist so am Ende.,NEGATIVE
EN_0157,EN,liverpoolfc,Mohamed Salah,"Jota only the goal lol, great 1st half from the rest of the team Gapko incredible level, grav, Mc, surprised by Jones, salah is not plugged in","Jota nur das Tor lol, großartige 1. Halbzeit vom Rest des Teams Gapko unglaubliches Niveau, grav, Mc, überrascht von Jones, Salah ist nicht eingespielt.",NEGATIVE
EN_0158,EN,avfc,Diego Carlos,Carlos…. that’s the end of that then. He needs to put in a serious performance tonight.,Carlos…. das war's dann wohl. Er muss heute Abend eine ernsthafte Leistung bringen.,NEGATIVE
EN_0159,EN,avfc,Ollie Watkins,Two of the best out and out strikers in the league. Does worry me that Watkins doesn’t celebrate his team mates goals though. I get that Durans form must worry him but still…its a banger vs Bayern Munich. Stand up and celebrate the goal.,"Zwei der besten echten Stürmer in der Liga. Es macht mir allerdings Sorgen, dass Watkins die Tore seiner Mitspieler nicht feiert. Ich verstehe, dass Durans Form ihn beunruhigen muss, aber trotzdem… es ist ein Hammer gegen Bayern München. Steh auf und feiere das Tor.",NEGATIVE
EN_0160,EN,ipswich,Ben Johnson,Johnson looks really out of his depth. Awful display.,Johnson wirkt wirklich überfordert. Schreckliche Vorstellung.,NEGATIVE
EN_0161,EN,liverpoolfc,Luis Diaz,"Although I like Diaz and Gakpo, they are millions of miles away from Sadio.","Obwohl ich Diaz und Gakpo mag, sind sie Millionen von Meilen von Sadio entfernt.",NEGATIVE
EN_0162,EN,liverpoolfc,Curtis Jones,Needs to take Jones and Jota out. Very mediocre and careless.,Muss Jones und Jota rausnehmen. Sehr mittelmäßig und nachlässig.,NEGATIVE
EN_0163,EN,fcchelsea,Robert Sanchez,Consistency and tell defenders should to stop making that silly errors at the back and SANCHEZ TO,"Konstanz und den Verteidigern sagen, sie sollen aufhören, diese dummen Fehler hinten zu machen und SANCHEZ AUCH.",NEGATIVE
EN_0164,EN,ipswich,Arijanet Muric,Muric use to lose games for burney now he'll get ipswich relegated---> worst goalkeeper in the history of football,"Muric hat früher Spiele für Burnley verloren, jetzt wird er Ipswich absteigen lassen ---> der schlechteste Torwart in der Geschichte des Fußballs",NEGATIVE
EN_0165,EN,liverpoolfc,Mohamed Salah,Salah was terrible again,Salah war wieder schrecklich.,NEGATIVE
EN_0166,EN,avfc,Diego Carlos,Terrible decisions from the manager today. Carlos and Philogene cannot play. And the substitutions so late in the game!!!,Schreckliche Entscheidungen des Trainers heute. Carlos und Philogene können nicht spielen. Und die Auswechslungen so spät im Spiel!!!,NEGATIVE
EN_0167,EN,liverpoolfc,Curtis Jones,Jones such a flopp,Jones ist so ein Flopp.,NEGATIVE
EN_0168,EN,fcchelsea,Robert Sanchez,Side note if Sanchez keep doing what he’s doing you gotta bench him,"Nebenbemerkung: Wenn Sanchez so weitermacht, musst du ihn auf die Bank setzen.",NEGATIVE
EN_0169,EN,liverpoolfc,Mohamed Salah,Get jota and salah off the pitch,Holt Jota und Salah vom Platz!,NEGATIVE
EN_0170,EN,avfc,Diego Carlos,"Please drop Carlos and put Konsa and Torres back together, he’s made too many mistakes and is clearly not good enough.","Bitte lass Carlos fallen und bring Konsa und Torres wieder zusammen, er hat zu viele Fehler gemacht und ist offensichtlich nicht gut genug.",NEGATIVE
EN_0171,EN,liverpoolfc,Curtis Jones,Liverpool's second defeat of the season if Curtis jones plays,"Liverpools zweite Niederlage der Saison, wenn Curtis Jones spielt.",NEGATIVE
EN_0172,EN,fcchelsea,Robert Sanchez,We will win something only if we drop that clown Sanchez at fault for both goals,"Wir werden nur dann etwas gewinnen, wenn wir diesen Clown Sanchez, der für beide Tore verantwortlich ist, fallen lassen.",NEGATIVE
EN_0173,EN,liverpoolfc,Mohamed Salah,I want him replace Salah 🔥 I love him so much ❤️,"Ich möchte, dass er Salah ersetzt 🔥 Ich liebe ihn so sehr ❤️",NEGATIVE
EN_0174,EN,liverpoolfc,Curtis Jones,Why tf is Jones starting?,Warum zur Hölle startet Jones?,NEGATIVE
EN_0175,EN,fcchelsea,Robert Sanchez,Silly mistakes Sanchez was making yesterday men,"Foolish mistakes, die Sanchez gestern gemacht hat, Männer.",NEGATIVE
EN_0176,EN,liverpoolfc,Mohamed Salah,"That second half was bloody awful. Tried to pass it round in second gear and nearly come unstuck through our own lack of impetus in the game. Over played it far too much especially in the final third. Why play a 1-2  when you can have  6 touches and pass backwards.. 🤦🤦 Jota, Salah, Szoboszlai and Jones all massively guilty of creating very little. A win is a win tho  but we're fortunate it wasn't 1-1","Diese zweite Hälfte war verdammt schrecklich. Wir haben versucht, im zweiten Gang herumzupassen und sind fast durch unseren eigenen Mangel an Schwung im Spiel ins Wanken geraten. Wir haben es viel zu oft übertrieben, besonders im letzten Drittel. Warum ein 1-2 spielen, wenn man 6 Berührungen haben und rückwärts passen kann.. 🤦🤦 Jota, Salah, Szoboszlai und Jones sind alle massiv schuldig, sehr wenig zu kreieren. Ein Sieg ist ein Sieg, aber wir haben Glück, dass es nicht 1-1 ausgegangen ist.",NEGATIVE
EN_0177,EN,liverpoolfc,Curtis Jones,Why Jones??? 🫣,Warum Jones??? 🫣,NEGATIVE
EN_0178,EN,fcchelsea,Robert Sanchez,"Chelsea need a goalkeeper who is calm and doesn't panic easily, which is definitely not Sanchez. In my opinion, he makes fatal blunders too often and that is very detrimental to the team.","Chelsea braucht einen Torwart, der ruhig ist und sich nicht leicht in Panik versetzen lässt, was definitiv nicht Sanchez ist. Meiner Meinung nach macht er viel zu oft fatale Fehler, und das ist sehr schädlich für das Team.",NEGATIVE
EN_0179,EN,liverpoolfc,Mohamed Salah,Se lo merecía o Gravenberch o Mac Allister. Salah sacando su golazo y su asistencia tuvo un partido flojo.,"Es hatte entweder Gravenberch oder Mac Allister verdient. Salah, der sein Tor und seine Vorlage erzielt hat, hatte ein schwaches Spiel.",NEGATIVE
EN_0180,EN,liverpoolfc,Curtis Jones,jones start i sleep until he subbed,"jones startet, ich schlafe bis er ausgewechselt wird.",NEGATIVE
EN_0181,EN,liverpoolfc,Mohamed Salah,Great performance from the boys🙌🙌. Salah abit disappointing 😢,Tolle Leistung von den Jungs🙌🙌. Salah etwas enttäuschend 😢,NEGATIVE
EN_0182,EN,liverpoolfc,Curtis Jones,Jones not good enough😂😂,Jones nicht gut genug😂😂,NEGATIVE
EN_0183,EN,liverpoolfc,Curtis Jones,"Jones starting ? I’m not to keen on tbh but hope I’m wrong , it’s gonna be a tough game I already know","Jones startet? Ich bin da ehrlich gesagt nicht so begeistert, aber ich hoffe, ich irre mich. Es wird ein hartes Spiel, das weiß ich schon.",NEGATIVE
EN_0184,EN,liverpoolfc,Curtis Jones,Why jones 😏😏😏😖,Warum Jones 😏😏😏😖,NEGATIVE
EN_0185,EN,liverpoolfc,Curtis Jones,Curtis Jones is probably the worst player in Liverpool’s history.,Curtis Jones ist wahrscheinlich der schlechteste Spieler in der Geschichte von Liverpool.,NEGATIVE
EN_0186,EN,liverpoolfc,Curtis Jones,Hard game cause of Jones playing he displayed over the yeara that hr is clearly not good enough,"Hartes Spiel wegen Jones, er hat über die Jahre gezeigt, dass er eindeutig nicht gut genug ist.",NEGATIVE
EN_0187,EN,liverpoolfc,Curtis Jones,JONES NO 😬,JONES NEIN 😬,NEGATIVE
EN_0188,EN,liverpoolfc,Curtis Jones,Jones trash,Jones Müll,NEGATIVE
EN_0189,EN,liverpoolfc,Curtis Jones,"Look,who said Jones would have an impact on the team? He was completely useless in this game.","Schau mal, wer hat gesagt, dass Jones einen Einfluss auf das Team haben würde? Er war in diesem Spiel komplett nutzlos.",NEGATIVE
EN_0190,EN,liverpoolfc,Curtis Jones,"If you guys have any shame we win that game 4 nil, last time we wasted 800 chances and we lost 1 nil and I'll never forgive Curtis Jones for missing 1 v 1","Wenn ihr ein bisschen Anstand habt, gewinnen wir dieses Spiel 4:0. Beim letzten Mal haben wir 800 Chancen vergeben und 1:0 verloren, und ich werde Curtis Jones nie vergeben, dass er 1 gegen 1 vergeben hat.",NEGATIVE
EN_0191,EN,liverpoolfc,Curtis Jones,At least 3 hopeless shots from outside the box from jones guaranteed,Mindestens 3 hoffnungslose Schüsse aus der Distanz von Jones garantiert.,NEGATIVE
EN_0192,EN,liverpoolfc,Curtis Jones,Jones rubish and useless,Jones ist Müll und nutzlos.,NEGATIVE
EN_0193,EN,liverpoolfc,Curtis Jones,JONES OUT JONES OUT JONES OUT,JONES RAUS JONES RAUS JONES RAUS,NEGATIVE
EN_0194,EN,liverpoolfc,Curtis Jones,Can't believe Jones is starting over Elliot. Kids a liability 😢,"Kann nicht glauben, dass Jones statt Elliot startet. Der Junge ist ein Risiko 😢",NEGATIVE
EN_0195,EN,liverpoolfc,Curtis Jones,Wkwkwkw emang bagusan jones cidera,"Wkwkwkw es ist wirklich besser, dass Jones verletzt ist.",NEGATIVE
ES_0001,ES,villarealcf,Logan Costa,Hey Villarreal the best from Logan Costa is still to come! Mark my words. 🦈🫡,"Hey Villarreal, das Beste von Logan Costa kommt noch! Merk dir meine Worte. 🦈🫡",POSITIVE
ES_0002,ES,villarealcf,Pape Gueye,We r Pape Gueye 🔥 🇸🇳,Wir sind Pape Gueye 🔥 🇸🇳,POSITIVE
ES_0003,ES,villarealcf,Ilias Akhomach,Ilias Akhomach 🔥👏❤️😍,Ilias Akhomach 🔥👏❤️😍,POSITIVE
ES_0004,ES,realsociedad,Sheraldo Becker,VAMOS Sergio y Becker🙌,VAMOS Sergio und Becker🙌,POSITIVE
ES_0005,ES,sevillafc,Loic Bade,Que sentido del humor mas bonito tiene @l.bade28 ❤️,Welchen schönen Sinn für Humor @l.bade28 hat ❤️,POSITIVE
ES_0006,ES,realsociedad,Alex Remiro,@alexremiro1 👏👏👏👏👏,@alexremiro1 👏👏👏👏👏,POSITIVE
ES_0007,ES,sevillafc,Isaac Romero,Q arte tiene Isaac Romero ihooo,Was für ein Talent hat Isaac Romero ihooo!,POSITIVE
ES_0008,ES,realsociedad,Brais Mendez,@braismendez10 eres un grande 🙌🔥,@braismendez10 du bist großartig 🙌🔥,POSITIVE
ES_0009,ES,realsociedad,Nayef Aguerd,@nayefaguerd 👏👏👏👏👏,@nayefaguerd 👏👏👏👏👏,POSITIVE
ES_0010,ES,realsociedad,Jon Pacheco,Hoy por hoy Pacheco es más que zubeldia 😂,Heute ist Pacheco mehr als Zubeldía 😂,POSITIVE
ES_0011,ES,villarealcf,Raul Albiol,Grazie Albiol.,Danke Albiol.,POSITIVE
ES_0012,ES,realsociedad,Takefusa Kubo,"Rayo, Español,Getafe, Mallorca, Valencia, Valladolid,  Osasuna...8 puntos de 21 y gracias. Sergio Gómez de lateral, Kubo suplente, Oskarsson fuera al descanso, Barrene titular...y el remate sacar a Odriozola en el 80. El primer gol ni a los infantiles. No se puede defender peor un gilicorner. En el segundo, el 9 rival controla, se gira y chuta con los 2 centrales a 5 metros. Una vez más, un único sistema de juego conocido por todos, cambios de risa y juego plano. Se renovará al dúo sacapuntas porque son intocables pero con este equipo es increíble que estemos así. FIN DE CICLO!!!!","Rayo, Español, Getafe, Mallorca, Valencia, Valladolid, Osasuna... 8 Punkte aus 21 und danke. Sergio Gómez als Außenverteidiger, Kubo auf der Bank, Oskarsson zur Halbzeit raus, Barrene Stammspieler... und dann Odriozola in der 80. Minute einwechseln. Das erste Tor, das kann man nicht mal gegen Kinder verteidigen. Beim zweiten TOR kontrolliert der gegnerische 9er, dreht sich und schießt mit den 2 Innenverteidigern 5 Meter entfernt. Einmal mehr ein einziges, allen bekanntes Spielsystem, lächerliche Wechsel und flaches Spiel. Das Duo „Anspitzer“ wird verlängert, weil sie unantastbar sind, aber mit diesem Team ist es unglaublich, dass wir so dastehen. ENDE DES ZYKLUS !!!!",POSITIVE
ES_0013,ES,sevillafc,Dodi Lukebakio,Lukebakio eres el mejor y él q tira del carro 👏👏👏,"Lukebakio, du bist der Beste und derjenige, der das Team zieht 👏👏👏",POSITIVE
ES_0014,ES,sevillafc,Kelechi Iheanacho,el siguiente en renovar q se iheanacho por favor vaya partidazo las ganas todas,"Der nächste muss sein, dass sich Iheanacho verlängert, bitte. Was für ein Spiel, die ganzen Wünsche!",POSITIVE
ES_0015,ES,realsociedad,Luka Sucic,vamos sucic,Vamos sucic,POSITIVE
ES_0016,ES,villarealcf,Diego Conde,"El día que Ilias decida bien la última acción, va a ser un jugador TOP. Lleva muy buena temporada el chaval, lo de Baena de otro mundo. Y Pépé me está gustando mucho, junto con Conde el mejor fichaje. Endavant","Der Tag, an dem Ilias die letzte Aktion gut entscheidet, wird er ein TOP-Spieler sein. Der Junge hat eine sehr gute Saison, das von Baena ist Weltklasse. Und Pépé gefällt mir sehr gut, zusammen mit Conde der beste Transfer. Endavant",POSITIVE
ES_0017,ES,sevillafc,Valentin Barco,"Vamos barcoooooo🔥🔥🔥🔥🔥 grande colo ,vamos Sevilla !!!","Vamos barcoooooo🔥🔥🔥🔥🔥 großartige Colo, vamos Sevilla!!!",POSITIVE
ES_0018,ES,villarealcf,Nicolas Pepe,"Hoy Pepe la mete, vengo del futuro y tremendo partido se marcó 😍😍","Heute macht Pepe das Tor, ich komme aus der Zukunft und er hat ein tolles Spiel gemacht 😍😍",POSITIVE
ES_0019,ES,sevillafc,Jesus Navas,"La primera foto, la mejor, grande @jnavas16 , capitán ♥️💪🏼👏🏼👏🏼","Das erste Foto, das beste, großartig @jnavas16, Kapitän ♥️💪🏼👏🏼👏🏼",POSITIVE
ES_0020,ES,sevillafc,Albert Sambi Lokonga,Ohhhh Sambi lokonga 🎩🧡,Ohhhh Sambi Lokonga 🎩🧡,POSITIVE
ES_0021,ES,realsociedad,Mikel Oyarzabal,Nunca dudes de don mikel oyarzabal ugarte,Zweifle niemals an Don Mikel Oyarzabal Ugarte!,POSITIVE
ES_0022,ES,realsociedad,Igor Zubeldia,👏👏👏 Grande dentro y fuera del campo @igorzubeldia,👏👏👏 Großartig auf und neben dem Platz @igorzubeldia,POSITIVE
ES_0023,ES,villarealcf,Logan Costa,@l_costa01 🙌🙌🙌🙌,@l_costa01 🙌🙌🙌🙌,POSITIVE
ES_0024,ES,villarealcf,Pape Gueye,Gueye was Great 🔥,Gueye war großartig 🔥,POSITIVE
ES_0025,ES,villarealcf,Ilias Akhomach,@iliasakhomach 🦁🇲🇦❤,@iliasakhomach 🦁🇲🇦❤,POSITIVE
ES_0026,ES,sevillafc,Loic Bade,@l.bade28 Merece ya Marcar 🙌 Como Vive y Siente este Escudoo ❤️ Merece meterle Yaaa Uno al BARÇA,"@l.bade28 Verdient es, Marcar 🙌 Wie lebt und fühlt dieses Wappen ❤️ Verdient es, Yaaa eins gegen den BARÇA zu erzielen",POSITIVE
ES_0027,ES,realsociedad,Alex Remiro,ÚNICO mi Remiroooooo,ÚNICO mein Remiroooooo,POSITIVE
ES_0028,ES,realsociedad,Nayef Aguerd,ما شاء الله الأسد المغربي👏👏🦁🇲🇦@nayefaguerd,ما شاء الله der marokkanische Löwe👏👏🦁🇲🇦@nayefaguerd,POSITIVE
ES_0029,ES,villarealcf,Raul Albiol,Dale las@grscias@en el@ estuario a albiol que el solito hizo más que el Getafe por empatar,"Gib Albiol dank@en im@ Estuario, denn er hat allein mehr gemacht als Getafe, um zu unentschieden zu spielen.",POSITIVE
ES_0030,ES,realsociedad,Takefusa Kubo,"'si Kubo gol, no problem''si Kubo gol, no problem'Lo he escrito dos veces porque es importante😉👍","'si Kubo gol, kein Problem''si Kubo gol, kein Problem'Ich habe es zweimal geschrieben, weil es wichtig ist😉👍",POSITIVE
ES_0031,ES,sevillafc,Dodi Lukebakio,"Cómo se te ocurre quitar a Lukebakio que es el que más peligro crea en la banda, seguir con Gudelj, Meter a nianzou, seguir con Carmona y dejar fuera a Colo? Y además de meter a Navas de EXTREMO. Yo no puedo más","Wie kannst du Lukebakio rausnehmen, der auf der Seite die meiste Gefahr kreiert, stattdessen Gudelj weitermachen lassen, Nianzou reinbringen, Carmona weitermachen lassen und Colo draußen lassen? Und dann auch noch Navas als EXTREMEN reinbringen. Ich kann nicht mehr.",POSITIVE
ES_0032,ES,sevillafc,Kelechi Iheanacho,Ejuke & Iheanacho 🔥🦅🇳🇬,Ejuke & Iheanacho 🔥🦅🇳🇬,POSITIVE
ES_0033,ES,realsociedad,Luka Sucic,Excelente día broo @luka_sucic ⚽💪,"Exzellenter Tag, Bro @luka_sucic ⚽💪",POSITIVE
ES_0034,ES,villarealcf,Diego Conde,"Es que es muy bueno, pero estamos muy flipados con @diegocondea13 🙌","Es ist wirklich sehr gut, aber wir sind total begeistert von @diegocondea13 🙌",POSITIVE
ES_0035,ES,sevillafc,Valentin Barco,Pone a Montiel y a barco juntos y tenés medio gol asegurado 👽✌️🇪🇦🇦🇷✅,Setz Montiel und Barco zusammen ein und du hast ein halbes Tor garantiert 👽✌️🇪🇦🇦🇷✅,POSITIVE
ES_0036,ES,villarealcf,Nicolas Pepe,❤️ Nico Pepe bro good kick.,"❤️ Nico Pepe Bruder, guter Schuss.",POSITIVE
ES_0037,ES,sevillafc,Jesus Navas,"Lo feliz que estaba por los 3 puntos, y la cara que se le quedó con el show del chocamanos en vestuarios. Igual que todo el sevillismo. Navas ❤️","Wie glücklich ich über die 3 Punkte war und das Gesicht, das er nach dem Schlamassel in der Kabine gemacht hat. Genau wie alle Sevillistas. Navas ❤️",POSITIVE
ES_0038,ES,realsociedad,Mikel Oyarzabal,Aúpa Oyarzabal!!!! Ze indarrarekin altxatzendeken ezker besos💙💪,Aúpa Oyarzabal!!!! Mit dir heben wir unseren linken Arm hoch💙💪,POSITIVE
ES_0039,ES,realsociedad,Igor Zubeldia,Milaesker @igorzubeldia Valentziatik.... Beti aurrera🥀💙,Milaesker @igorzubeldia aus Valencia.... Immer vorwärts🥀💙,POSITIVE
ES_0040,ES,villarealcf,Logan Costa,"Ha costat, però la màgia de Baena, inclús fallant un penal, sempre apareix. Endavant 💛","Es hat gekostet, aber die Magie von Baena, selbst beim Verpassen eines Elfmeters, tritt immer auf. Vorwärts 💛",POSITIVE
ES_0041,ES,villarealcf,Pape Gueye,Pape A gueye est le meilleur de sa génération,Pape A gueye ist der beste seiner Generation.,POSITIVE
ES_0042,ES,villarealcf,Ilias Akhomach,@iliasakhomach Vamos ilias ❤️❤️👏😍,Vamos ilias ❤️❤️👏😍,POSITIVE
ES_0043,ES,sevillafc,Loic Bade,Esque es el mejor @l.bade28 😂❤️,Es ist der beste @l.bade28 😂❤️,POSITIVE
ES_0044,ES,realsociedad,Alex Remiro,Grande Remiro 🩵🧤,Großartiger Remiro 🩵🧤,POSITIVE
ES_0045,ES,realsociedad,Nayef Aguerd,@nayefaguerd no problem 💓💪,@nayefaguerd kein Problem 💓💪,POSITIVE
ES_0046,ES,villarealcf,Raul Albiol,Raul Albiol sa deunouu ndeye heure no yewoo 😭😭 visca Villarreal 😭😭💔,Raul Albiol sa deunouu ndeye heure no yewoo 😭😭 visca Villarreal 😭😭💔,POSITIVE
ES_0047,ES,realsociedad,Takefusa Kubo,Kubo no banco é brincadeira,Kubos auf der Bank ist eine Farce.,POSITIVE
ES_0048,ES,realsociedad,Luka Sucic,"Tranquilo broo @luka_sucic vienen tiempos mejores, estamos en el proceso ⚽💪🥇","Ruhig, Bruder @luka_sucic, es kommen bessere Zeiten, wir sind im Prozess ⚽💪🥇",POSITIVE
ES_0049,ES,villarealcf,Diego Conde,Conde >>Jorgensen,Conde >>Jorgensen,POSITIVE
ES_0050,ES,sevillafc,Valentin Barco,Bien el equipo .que no se mueva..yo probaría Barcos de 5 ojo que funciona ..me gustó mucho hoy bien el DT que entiende los cambios,"Gut, das Team. Lasst sie bleiben.. ich würde Barcos als 5 ausprobieren, Achtung, das funktioniert.. ich mochte heute den Trainer sehr, der die Wechsel versteht.",POSITIVE
ES_0051,ES,villarealcf,Nicolas Pepe,@p.gueye24 @nicolas.pepe19 @t.barry29 c'est grâce a ces 3joueur j'aime villareal maintenant 🙏🏾,"@p.gueye24 @nicolas.pepe19 @t.barry29 es ist dank dieser 3 Spieler, dass ich Villarreal jetzt liebe 🙏🏾",POSITIVE
ES_0052,ES,sevillafc,Jesus Navas,Okupas fuera del Sevilla!!!!. Vamos Sevilla!. Que grande Navas!!,Okupas raus aus Sevilla!!!!. Vamos Sevilla!. Wie großartig Navas!!,POSITIVE
ES_0053,ES,realsociedad,Mikel Oyarzabal,"Oyarzabal. Hemen dago. ""Ez da jun "" . Orain , bere golak , berriz ikusiko ditugu !!","Oyarzabal. Hier ist er. ""Er geht nicht"". Jetzt werden wir seine Tore wieder sehen!!",POSITIVE
ES_0054,ES,villarealcf,Logan Costa,Logan Costa the Best👌🚀.Made in CV,Logan Costa der Beste👌🚀. Hergestellt in CV,POSITIVE
ES_0055,ES,villarealcf,Pape Gueye,Como no ponéis a pape gueye q lo llevo en el Fantasy,Warum setzt ihr Pape Gueye nicht ein? Ich habe ihn im Fantasy!,POSITIVE
ES_0056,ES,villarealcf,Ilias Akhomach,@iliasakhomach Buena suerte ilias👑💛🪄,@iliasakhomach Viel Glück ilias👑💛🪄,POSITIVE
ES_0057,ES,sevillafc,Loic Bade,Cómo vive bade el sentimiento del Sevilla,Wie lebt Bade das Gefühl des Sevilla?,POSITIVE
ES_0058,ES,realsociedad,Alex Remiro,"Grande remiro, ojala estes bien de salud que me diste 12 puntos en el fantasy😍","Großer Remiro, ich hoffe, es geht dir gesundheitlich gut, denn du hast mir 12 Punkte im Fantasy gegeben😍",POSITIVE
ES_0059,ES,realsociedad,Nayef Aguerd,Aguerd 🫡🦁....Vamos la Real 🔵⚪,Aguerd 🫡🦁....Vamos la Real 🔵⚪,POSITIVE
ES_0060,ES,realsociedad,Takefusa Kubo,Que alguien explique la suplencia de Kubo. Por lo que veo solo Imanol la entiende. Merece la derrota por los 11 que está poniendo últimamente,"Dass jemand die Ersatzbank von Kubo erklärt. Soweit ich sehe, versteht das nur Imanol. Er verdient die Niederlage wegen der 11, die er in letzter Zeit aufstellt.",POSITIVE
ES_0061,ES,sevillafc,Dodi Lukebakio,"Ejuke, lukebakio de 9 e Idumbo en la otra banda sorprenderá tb. Hay que recolocar ya de 9 a lukebakio","Ejuke, lukebakio als 9 und Idumbo auf der anderen Seite werden auch überraschen. Lukebakio muss jetzt schon als 9 umgestellt werden.",NEUTRAL
ES_0062,ES,realsociedad,Igor Zubeldia,Sigo sin entender que si han entrenado  remiro y zubeldia no vayan ni convocados....si quieres no les pongas de inicio pero por lo menos llévalos....si hoy mañana no se gana sería 1 punto de 9......vamos un 80% de quedar eliminados o que te toque un cruce jodido,"Ich verstehe immer noch nicht, warum Remiro und Zubeldía, wenn sie trainiert haben, nicht einmal nominiert werden....wenn du sie nicht von Anfang an spielen lassen willst, nimm sie wenigstens mit....wenn man heute oder morgen nicht gewinnt, wären das 1 Punkt aus 9......das wären 80% Wahrscheinlichkeit, eliminiert zu werden oder eine schwierige Auslosung zu bekommen.",NEUTRAL
ES_0063,ES,realsociedad,Takefusa Kubo,Y KUBO?????,Y KUBO?????,NEUTRAL
ES_0064,ES,realsociedad,Sheraldo Becker,Sheraldoooooooooooooo Becker,Sheraldoooooooooooooo Becker,NEUTRAL
ES_0065,ES,villarealcf,Juan Foyth,Alguien me explica que paso con Foyth??,"Kann mir jemand erklären, was mit Foyth passiert ist??",NEUTRAL
ES_0066,ES,villarealcf,Logan Costa,Partido que nos a costado pero lo hemos conseguido que bueno es alex Baena el año pasado dándole asistencias a sorlhot y este año a ayoze eso si pepe titular ya thierno hoy a estar muy flojo hay que darle minutos poco a povo no está para titular,"Ein Spiel, das uns schwer gefallen ist, aber wir haben es geschafft. Wie gut ist Alex Baena, letztes Jahr hat er Sorloth Assists gegeben und dieses Jahr Ayoze. Das stimmt, Pepe ist ein Stammspieler, aber Thierno war heute sehr schwach. Wir müssen ihm nach und nach Minuten geben, er ist noch nicht für die Stammelf bereit.",NEUTRAL
ES_0067,ES,villarealcf,Diego Conde,Diego conde 73? Yo diría 79,Diego conde 73? Ich würde 79 sagen.,NEUTRAL
ES_0068,ES,sevillafc,Kelechi Iheanacho,"Pedazo de estadio, pedazo de afición la del Bilbao; un Sevilla ramplón a poco que hubiese apretado algo se lleva los 3... pero demos por bueno el punto. El Sr Iheanacho ya puede volverse por dónde vino... es como jugar con uno menos. Grande la afición sevillista ayer en Bilbao centro (C Ledesma) y hoy antes y durante el partido...","Stadion der Spitzenklasse, die Fans aus Bilbao sind großartig; ein schwaches Sevilla hätte bei etwas mehr Druck die 3 Punkte holen können... aber wir nehmen den Punkt gerne. Herr Iheanacho kann sich wieder dorthin zurückbegeben, wo er hergekommen ist... es ist wie mit einem Mann weniger zu spielen. Großartige Fans von Sevilla gestern im Zentrum von Bilbao (C Ledesma) und heute vor und während des Spiels...",NEUTRAL
ES_0069,ES,villarealcf,Pape Gueye,@iganagueye viens voir ton acolyte @p.gueye24 😂🎱🧑🏿‍🦲,@iganagueye komm schau dir deinen Komplizen @p.gueye24 an 😂🎱🧑🏿‍🦲,NEUTRAL
ES_0070,ES,sevillafc,Valentin Barco,Barco y Peque titulares,Barco und Peque in der Startelf,NEUTRAL
ES_0071,ES,sevillafc,Jesus Navas,Eso de etiquetar a gudelj en colo a navas en gudelj a marcao en navas y alvaro en marcao ? Que plan churris?😂 tan difíciles sois,"Das Etikettieren von Gudelj in Colo, von Navas in Gudelj, von Marcao in Navas und von Alvaro in Marcao? Welcher Plan ist das, Churris? 😂 So schwierig seid ihr.",NEUTRAL
ES_0072,ES,realsociedad,Luka Sucic,X fin orri y sucic titulares,X fin orri y sucic titulares,NEUTRAL
ES_0073,ES,realsociedad,Mikel Oyarzabal,"Imanol vete ya, Barrene ni la toca, Oyarzabal no esta para jugar, y tu sigues en las tuyas, no nos jodas mas, vete o que te manden, me da igual","Imanol, hau ab, Barrene berührt den Ball nicht, Oyarzabal ist nicht bereit zu spielen, und du machst weiter wie bisher, nerve uns nicht mehr, geh oder lass dich versetzen, ist mir egal.",NEUTRAL
ES_0074,ES,villarealcf,Raul Albiol,Albiol 79?!?,Albiol 79?!?,NEUTRAL
ES_0075,ES,realsociedad,Nayef Aguerd,¿Por qué no convocaron a Aguerd para este partido?,Warum wurde Aguerd für dieses Spiel nicht nominiert?,NEUTRAL
ES_0076,ES,realsociedad,Brais Mendez,Braid Mendez and Bruno Fernandez look like way to much 🙆🏻‍♂️🤷🏻‍♂️,Braid Mendez und Bruno Fernandez sehen sich viel zu ähnlich 🙆🏻‍♂️🤷🏻‍♂️,NEUTRAL
ES_0077,ES,villarealcf,Nicolas Pepe,Nicolas Pepe... Pepper dem 🌶️,Nicolas Pepe... Pepper dem 🌶️,NEUTRAL
ES_0078,ES,villarealcf,Ayoze Perez,@jeanperez1146,@jeanperez1146,NEUTRAL
ES_0079,ES,villarealcf,Ilias Akhomach,@iliasakhomach 🌍🇲🇦🦁👈,@iliasakhomach 🌍🇲🇦🦁👈,NEUTRAL
ES_0080,ES,realsociedad,Jon Pacheco,@jpacheco_3,@jpacheco_3,NEUTRAL
ES_0081,ES,sevillafc,Juanlu Sanchez,@alvarosanchez_17,@alvarosanchez_17,NEUTRAL
ES_0082,ES,villarealcf,Dani Parejo,Estuvo parejo hasta que se fundaron ambos clubes😂,"Es war ausgeglichen, bis beide Clubs gegründet wurden 😂",NEUTRAL
ES_0083,ES,realsociedad,Alex Remiro,Mi ÚNICO Remiro,Mein EINZIGER Remiro,NEUTRAL
ES_0084,ES,realsociedad,Martin Zubimendi,El niño parece Zubimendi.😮,Der Junge sieht aus wie Zubimendi.😮,NEUTRAL
ES_0085,ES,sevillafc,Dodi Lukebakio,Hoy marcan Iheanacho y Lukebakio. Ganamos 2-1.,Heute treffen Iheanacho und Lukebakio. Wir gewinnen 2-1.,NEUTRAL
ES_0086,ES,realsociedad,Igor Zubeldia,"Que lamentable, a ver si nos despertamos. Me pregunto que le pasa a Sergio con los centros 0 de 50 y buen penalti a Zubeldia no pitado como siempre","Wie bedauerlich, mal sehen, ob wir aufwachen. Ich frage mich, was mit Sergio los ist, mit den Flanken 0 von 50 und dem guten Elfmeter auf Zubeldia, der wie immer nicht gepfiffen wurde.",NEUTRAL
ES_0087,ES,realsociedad,Takefusa Kubo,Take kubo?,Nehmt Kubo?,NEUTRAL
ES_0088,ES,realsociedad,Sheraldo Becker,Todo iba bien contra un equipo muy flojito hasta que se han juntado Becker-Sadiq-Olasagasti...Victoria importante.,"Alles lief gut gegen ein sehr schwaches Team, bis Becker-Sadiq-Olasagasti zusammengekommen sind...Wichtiger Sieg.",NEUTRAL
ES_0089,ES,villarealcf,Logan Costa,@l_costa01 😂,@l_costa01 😂,NEUTRAL
ES_0090,ES,villarealcf,Diego Conde,@rubn.conde,@rubn.conde,NEUTRAL
ES_0091,ES,villarealcf,Pape Gueye,@iganagueye  junior 🇸🇳🇸🇳❤️❤️❤️❤️🔥🔥🔥🔥😂😂😂😂😂😂😂,@iganagueye junior 🇸🇳🇸🇳❤️❤️❤️❤️🔥🔥🔥🔥😂😂😂😂😂😂😂,NEUTRAL
ES_0092,ES,sevillafc,Valentin Barco,Barco por favor,Barco bitte,NEUTRAL
ES_0093,ES,sevillafc,Jesus Navas,"Aunque no lo creamos!!navas se irá!!y los juanlu,los kike salas,y los carmona,son los que se quedan y ellos son la sangre nueva rojiblanca!!VAMOOOOSSS!!","Obwohl wir es nicht glauben können!! Navas wird gehen!! Und die Juanlu, die Kike Salas und die Carmona sind diejenigen, die bleiben und sie sind das neue rote Blut!! VAMOOOOSSS!!",NEUTRAL
ES_0094,ES,realsociedad,Luka Sucic,@luka_sucic,@luka_sucic,NEUTRAL
ES_0095,ES,realsociedad,Mikel Oyarzabal,Aúpa  Oyarzabal,Aúpa Oyarzabal,NEUTRAL
ES_0096,ES,villarealcf,Raul Albiol,"Mala barba 😮albiol,Quin cambi madremia els añs","Schlechte Bart 😮albiol, was für ein Wechsel, meine Güte, die Jahre!",NEUTRAL
ES_0097,ES,realsociedad,Nayef Aguerd,Nayef aguerd is Coming,Nayef Aguerd kommt!,NEUTRAL
ES_0098,ES,villarealcf,Nicolas Pepe,Pepe can play Saturday ?,Kann Pepe am Samstag spielen?,NEUTRAL
ES_0099,ES,villarealcf,Ayoze Perez,@mariajoseperezclausell,@mariajoseperezclausell,NEUTRAL
ES_0100,ES,villarealcf,Ilias Akhomach,¿Por qué Ilias Akhomach no está aquí?,Warum ist Ilias Akhomach nicht hier?,NEUTRAL
ES_0101,ES,sevillafc,Juanlu Sanchez,Desearía que el futuro Ramon Sanchez Pizjuan fuera igual.,"Ich wünschte, die Zukunft des Ramon Sanchez Pizjuan wäre genauso.",NEUTRAL
ES_0102,ES,villarealcf,Dani Parejo,Is parejo still playing that's mad,Spielt Parejo immer noch? Das ist verrückt.,NEUTRAL
ES_0103,ES,realsociedad,Martin Zubimendi,Zubimendi?,Zubimendi?,NEUTRAL
ES_0104,ES,sevillafc,Dodi Lukebakio,"Tuvimos suerte, pero antes Lukebakio ya había tirado al poste y nos merecimos empatar... pero cuidado! el domingo en el derbi el @sevillafc no puede saltar al campo como el día del Valladolid o lo pagaremos muy caro... confío en que DON @jnavas16 sea titular ya que es su último derbi, y que él les haga comprender a los demás que hay que salir intensos y quitarle la pelota al Betis desde el principio...🙏","Wir hatten Glück, aber vorher hatte Lukebakio schon den Pfosten getroffen und wir hätten uns das Unentschieden verdient... aber Vorsicht! Am Sonntag im Derby darf der @sevillafc nicht so auf den Platz gehen wie am Tag gegen Valladolid, sonst wird es sehr teuer für uns... Ich vertraue darauf, dass DON @jnavas16 in der Startelf steht, da es sein letztes Derby ist, und dass er den anderen klar macht, dass wir intensiv herauskommen und dem Betis von Anfang an den Ball abnehmen müssen...🙏",NEUTRAL
ES_0105,ES,realsociedad,Takefusa Kubo,"IMANOL OUT, inaguantable ya y lo de Kubo en el banco...","IMANOL RAUS, unerträglich schon und das mit Kubo auf der Bank...",NEUTRAL
ES_0106,ES,realsociedad,Sheraldo Becker,"La diferenciales que nuestro portero es majete pero no para una (2 goles de 3 tiros, 2 a puerta -2 goles- y uno fuera) y el de Osasuna es un poco personaje pero ha patado los 4 tiros a puerta que le hsn llegado. Yo sigo confiando en Imanol, pero me sobran 8 de los jugadores de la primera plantilla: Sadiq, Becker, Odriozols, Olasagasti, Urko, Aihen, Aritz y Magunazelaia. Aúpa Real!!💙🤍","Die Unterschiede sind, dass unser Torwart nett ist, aber nicht für einen (2 Tore aus 3 Schüssen, 2 aufs Tor -2 Tore- und einer daneben) und der von Osasuna ein bisschen schräg ist, aber alle 4 Schüsse aufs Tor pariert hat, die auf ihn kamen. Ich vertraue weiterhin Imanol, aber ich habe 8 Spieler der ersten Mannschaft zu viel: Sadiq, Becker, Odriozols, Olasagasti, Urko, Aihen, Aritz und Magunazelaia. Aúpa Real!!💙🤍",NEUTRAL
ES_0107,ES,villarealcf,Logan Costa,barry ya puede espabilar porque con la millonada que ha costado...,"Barry kann sich jetzt mal zusammenreißen, denn bei der Millionen-Summe, die er gekostet hat...",NEUTRAL
ES_0108,ES,villarealcf,Diego Conde,Lo de Diego conde q está siendo,"Das, was Diego Conde gerade macht, ist echt der Wahnsinn.",NEUTRAL
ES_0109,ES,villarealcf,Pape Gueye,@iganagueye kayy kholl😂😂😂,@iganagueye kayy kholl😂😂😂,NEUTRAL
ES_0110,ES,sevillafc,Valentin Barco,"Nuesteos capitanes: Suso= años aquí se pierde como el barco del arroz y lesionado a cada instante, Gudel= Para mi acertado se lo merece, Navas= sin palabras solo GRACIAS,Marcao= capitán de enfermería más diría yo aparte un brazalete a un tío que ha jugado 2 partidos, Saul = experiencia si pero no se le puede dar el brazalete a un tío que lleva aquí dos día y encima vino sancionado, lo vuelven a sancionar y ahora lesion de dos meses......dice mucho de como esta el club para mi desastre. JUNIOR DIMISIÓN YAAA","Unsere Kapitäne: Suso = hier verliert er sich wie das Reisboot und ist jede Minute verletzt, Gudel = für mich die richtige Entscheidung, hat es verdient, Navas = ohne Worte, einfach DANKE, Marcao = Kapitän der Krankenstation, mehr würde ich sagen, einen Armreif einem Typen zu geben, der 2 Spiele gespielt hat. Saul = Erfahrung ja, aber man kann einem Typen, der erst seit zwei Tagen hier ist und dazu noch gesperrt kam, nicht den Armreif geben, jetzt wird er wieder gesperrt und hat jetzt eine zweimonatige Verletzung... sagt viel darüber aus, wie der Klub dasteht, für mich ein Desaster. JUNIOR DIMISSION JETZT!",NEUTRAL
ES_0111,ES,sevillafc,Jesus Navas,"Tuvimos suerte, pero antes Lukebakio ya había tirado al poste y nos merecimos empatar... pero cuidado! el domingo en el derbi el @sevillafc no puede saltar al campo como el día del Valladolid o lo pagaremos muy caro... confío en que DON @jnavas16 sea titular ya que es su último derbi, y que él les haga comprender a los demás que hay que salir intensos y quitarle la pelota al Betis desde el principio...🙏","Wir hatten Glück, aber vorher hatte Lukebakio schon am Pfosten getroffen und wir hätten uns das Unentschieden verdient... aber Achtung! Am Sonntag im Derby darf der @sevillafc nicht wie am Tag gegen Valladolid aufs Feld gehen, sonst werden wir es teuer bezahlen... Ich vertraue darauf, dass DON @jnavas16 von Anfang an spielt, da es sein letztes Derby ist, und dass er den anderen klar macht, dass man von Anfang an intensiv spielen und dem Betis den Ball abnehmen muss...🙏",NEUTRAL
ES_0112,ES,realsociedad,Luka Sucic,sucicinho 😢,sucicinho 😢,NEUTRAL
ES_0113,ES,villarealcf,Raul Albiol,@conchi_albiol,@conchi_albiol,NEUTRAL
ES_0114,ES,realsociedad,Nayef Aguerd,Aupa @nayefaaguerd,Aupa @nayefaaguerd,NEUTRAL
ES_0115,ES,villarealcf,Nicolas Pepe,Partido que nos a costado pero lo hemos conseguido que bueno es alex Baena el año pasado dándole asistencias a sorlhot y este año a ayoze eso si pepe titular ya thierno hoy a estar muy flojo hay que darle minutos poco a povo no está para titular,"Ein Spiel, das uns viel gekostet hat, aber wir haben es geschafft. Wie gut ist Alex Baena, der im letzten Jahr Assists an Sorloth gegeben hat und dieses Jahr an Ayoze. Das ist sicher, Pepe ist starter und Thierno war heute sehr schwach, wir müssen ihm nach und nach Minuten geben, er ist nicht für die Startelf bereit.",NEUTRAL
ES_0116,ES,villarealcf,Ayoze Perez,@alviseperez,@alviseperez,NEUTRAL
ES_0117,ES,villarealcf,Ilias Akhomach,"@iliasakhomach ¿Dónde está vuestro amante, chicas?","@iliasakhomach Wo ist euer Liebhaber, Mädels?",NEUTRAL
ES_0118,ES,realsociedad,Martin Zubimendi,Medioker competition of @martin_zubimendi,Mediokre Konkurrenz von @martin_zubimendi,NEUTRAL
ES_0119,ES,sevillafc,Dodi Lukebakio,——————Nyland—————- Badé  MarcaoCarmona  Pedrosa  Saúl  Gudelj   Suso  Lukebakio  Isaac  Ejuke,——————Nyland—————- Badé  MarcaoCarmona  Pedrosa  Saúl  Gudelj   Suso  Lukebakio  Isaac  Ejuke,NEUTRAL
ES_0120,ES,realsociedad,Takefusa Kubo,"Como siempre que hay parón, Kubo al banquillo...","Wie immer bei einer Pause, Kubo auf der Bank...",NEUTRAL
ES_0121,ES,sevillafc,Valentin Barco,Barco y ejuke juegan al padel?,Spielen Barco und Ejuke Padel?,NEGATIVE
ES_0122,ES,sevillafc,Jesus Navas,"Cómo se te ocurre quitar a Lukebakio que es el que más peligro crea en la banda, seguir con Gudelj, Meter a nianzou, seguir con Carmona y dejar fuera a Colo? Y además de meter a Navas de EXTREMO. Yo no puedo más","Wie kommt ihr darauf, Lukebakio, der am meisten Gefahr auf der Außenbahn kreiert, rauszunehmen, Gudelj weiterspielen zu lassen, Nianzou reinzubringen, mit Carmona weiterzumachen und Colo außen vor zu lassen? Und außerdem Navas als EXTREMEN reinzubringen. Ich kann nicht mehr!",NEGATIVE
ES_0123,ES,villarealcf,Dani Parejo,"Dani Parejo, fim de carreira 💩","Dani Parejo, Karriereende 💩",NEGATIVE
ES_0124,ES,villarealcf,Raul Albiol,Raúl albiol andate a la cdtm,"Raúl Albiol, geh zur cdtm.",NEGATIVE
ES_0125,ES,realsociedad,Takefusa Kubo,"Pobre Oskarsson, siempre tiene que dejar Imanol a su niño mimado llamado Oyarzabal… ahh y que a Kubo no le ponga es de traca!! 😡🤬","Armer Oskarsson, immer muss Imanol sein verwöhntes Kind namens Oyarzabal sitzen lassen… ahh und dass er Kubo nicht aufstellt, das ist der Hammer!! 😡🤬",NEGATIVE
ES_0126,ES,realsociedad,Igor Zubeldia,Hoy por hoy Pacheco es más que zubeldia 😂,Heute ist Pacheco mehr als Zubeldía 😂,NEGATIVE
ES_0127,ES,realsociedad,Alex Remiro,"Otra diferencia? Sergio Herrera dos paradones, Remiro dos recogidas de balón de dentro de la portería","Ein weiterer Unterschied? Sergio Herrera zwei Glanzparaden, Remiro zwei Ballannahmen aus dem Tor.",NEGATIVE
ES_0128,ES,villarealcf,Ilias Akhomach,"Hair Yamal>>>>> cardona,akhomach","Hair Yamal>>>>> cardona,akhomach",NEGATIVE
ES_0129,ES,realsociedad,Sheraldo Becker,"Partidazo de la real 💙🤍💙, eso sí los cambios muy muy flojos hoy Orri y Becker sobre todo","Tolle Partie der Real 💙🤍💙, die Wechsel waren heute jedoch sehr, sehr schwach, vor allem Orri und Becker.",NEGATIVE
ES_0130,ES,realsociedad,Mikel Oyarzabal,Imanol no sabe lo que hace. El mejor equipo con un entrenados desmotivado y sin recursos. Haciendo jugar a los jugadores fuera de sitio. Empeñado en hacer jugar a un Oyarzabal lento y en baja forma. Barrena una de cal y tres de arena,"Imanol weiß nicht, was er tut. Das beste Team mit einem demotivierten Trainer und ohne Ressourcen. Lassen die Spieler außerhalb ihrer Position spielen. Beharrt darauf, einen langsamen und formschwachen Oyarzabal spielen zu lassen. Eine von fünf und drei von schlechten.",NEGATIVE
ES_0131,ES,villarealcf,Diego Conde,"Ohh conde que "" grande "" se comió 5 del Barça🤣🥵🔴🔵","Ohh Conde, der ""Große"", hat 5 vom Barça gefressen🤣🥵🔴🔵",NEGATIVE
ES_0132,ES,realsociedad,Brais Mendez,Substitute Brais Mendez he can't score goal today.....against Seville.😂😂😂😂😂😂😂😂He's back to back performance is awful,"Wechsel Brais Mendez, er kann heute kein Tor erzielen.....gegen Sevilla.😂😂😂😂😂😂😂😂Seine Leistungen nacheinander sind schrecklich.",NEGATIVE
ES_0133,ES,villarealcf,Sergi Cardona,Lamine YAMAL is your father @sergiicardona,Lamine YAMAL ist dein Vater @sergiicardona,NEGATIVE
ES_0134,ES,villarealcf,Logan Costa,Logan Costa tu és um caso sério,"Logan Costa, du bist ein ernsthaftes Thema.",NEGATIVE
ES_0135,ES,sevillafc,Kelechi Iheanacho,iheanacho no vale ni pa el filial a ver si nos enteramos,"Iheanacho ist nicht einmal für die zweite Mannschaft gut, mal sehen, ob wir das verstehen.",NEGATIVE
ES_0136,ES,realsociedad,Nayef Aguerd,Ayer me ficharon a Aguerd y hoy a Zubeldia… estoy teniendo problemas serios :(,Gestern haben sie mir Aguerd geholt und heute Zubeldia… ich habe ernsthafte Probleme :(,NEGATIVE
ES_0137,ES,villarealcf,Nicolas Pepe,he is much better than pepe,Er ist viel besser als Pepe.,NEGATIVE
ES_0138,ES,sevillafc,Loic Bade,Bade sabe más tacos que toda Sevilla😂,Bade weiß mehr über Tacos als ganz Sevilla😂,NEGATIVE
ES_0139,ES,villarealcf,Dani Parejo,"Cuando se juegan partidos como este, es más fácil culpar al rival o al árbitro. Pero los jugadores deben tener autocrítica y ver su juego. Hoy algunos estuvieron perdidos y apagados como Parejo, Baena y Barry. Dos puntos perdidos por no tener contundencia y hasta cuando aguantaremos a que explote Illias?","Wenn Spiele wie dieses stattfinden, ist es einfacher, den Gegner oder den Schiedsrichter zu beschuldigen. Aber die Spieler müssen Selbstkritik üben und ihr Spiel analysieren. Heute waren einige verloren und uninspiriert, wie Parejo, Baena und Barry. Zwei Punkte verloren, weil es an Durchschlagskraft mangelt, und wie lange müssen wir warten, bis Illias explodiert?",NEGATIVE
ES_0140,ES,villarealcf,Raul Albiol,@raulalbiol33 espero que hoy no comentas ningún error de los que sueles cometer y fastidian al equipo,"@raulalbiol33 Ich hoffe, dass du heute keinen der Fehler machst, die du normalerweise machst und dem Team schaden.",NEGATIVE
ES_0141,ES,realsociedad,Takefusa Kubo,"Alguien sabe xq imanol se empeña en joderle a take kubo y a su vez a la real ?? Lo tiene de suplente , lo saca en la segunda parte y cuando Comienza la real, osease el propio kubo,  a  crear todas las ocasiones , va y le hace desaparecer cambiandole de banda!!! ... Ver para creer","Weiß jemand, warum Imanol darauf besteht, Take Kubo und gleichzeitig die Real zu schaden?? Er hat ihn als Ersatzspieler, bringt ihn in der zweiten Hälfte und wenn die Real anfängt, also Kubo selbst, alle Chancen zu kreieren, lässt er ihn verschwinden, indem er seine Seite wechselt!!! ... Man muss es gesehen haben, um es zu glauben.",NEGATIVE
ES_0142,ES,realsociedad,Sheraldo Becker,"Gran delantero 👏👏👏 buen fichaje ,... Le puedes enseñar a sadiq a meter el balón en la portería y a Becker como se mete en casa y no sale","Großer Stürmer 👏👏👏 guter Transfer,... Du kannst Sadiq beibringen, den Ball ins Tor zu schießen und Becker, wie man nach Hause geht und nicht wieder rauskommt.",NEGATIVE
ES_0143,ES,realsociedad,Mikel Oyarzabal,"No me vuelvas a sacar a Sadiq y a Becker en un partido que perdemos 2-0, que me dan ganas de romper el televisor y oyarzabal en la banda está muy bien deja de ponerlo de falso 9 y saca a Oskarson y a Kubo a jugar todo el partido","Sieh zu, dass du mir Sadiq und Becker in einem Spiel, das wir 2-0 verlieren, nicht wieder rausnimmst, sonst habe ich Lust, den Fernseher zu zerbrechen. Oyarzabal auf der Außenbahn ist sehr gut, hör auf, ihn als falsche 9 zu spielen, und lass Oskarson und Kubo das ganze Spiel spielen.",NEGATIVE
ES_0144,ES,villarealcf,Sergi Cardona,Vender a Cardona por favor,Bitte verkauft Cardona.,NEGATIVE
ES_0145,ES,sevillafc,Kelechi Iheanacho,Por dios Iheanacho fuera ya,"Bei Gott, Iheanacho raus jetzt!",NEGATIVE
ES_0146,ES,villarealcf,Nicolas Pepe,He must start the match pepe is nothing better than him,"Er muss das Spiel beginnen, Pepe ist nichts besser als er.",NEGATIVE
ES_0147,ES,villarealcf,Raul Albiol,albiol que se valla a criar los nietos,Albiol soll sich um die Enkel kümmern.,NEGATIVE
ES_0148,ES,realsociedad,Takefusa Kubo,"Oyarzabal banda izquierda y kubo en la derecha. No hay más. Que manera de joder los partidos. Imanol haces cosas que no entiende nadie. Total para sacar ahora a kubo en la derecha, sacar del equipo a barrene y poner a Oyarzabal en la izquierda. Conclusión. Hemos perdido el primer tiempo x tu capricho. Te tiras piedras en tu propio tejado","Oyarzabal links und Kubo rechts. Es gibt nichts anderes. Was für eine Art, die Spiele zu vermasseln. Imanol, du machst Sachen, die niemand versteht. Total, um jetzt Kubo rechts rauszunehmen, Barrene aus dem Team zu nehmen und Oyarzabal links zu stellen. Schlussfolgerung. Wir haben die erste Halbzeit wegen deines eigenen Willens verloren. Du wirfst Steine auf dein eigenes Dach.",NEGATIVE
ES_0149,ES,realsociedad,Mikel Oyarzabal,"Una pregunta en el contrato de Oyarzabal, tiene alguna cláusula que pone que tiene que jugar si o si?","Eine Frage im Vertrag von Oyarzabal, gibt es eine Klausel, die besagt, dass er unbedingt spielen muss?",NEGATIVE
ES_0150,ES,villarealcf,Sergi Cardona,Cardona payasoollll,Cardona payasoollll,NEGATIVE
ES_0151,ES,sevillafc,Kelechi Iheanacho,"Con Iheanacho somos 10, deja de ponerlo ya Pimienta hijo","Mit Iheanacho sind wir 10, hör auf, ihn schon wieder aufzustellen, Pimienta, du Sohn.",NEGATIVE
ES_0152,ES,villarealcf,Nicolas Pepe,Nicolás Pepe juega derogado o que falla ocasiones claras y se ríe como si nada 🤦🏾‍♂️ un partido que debería haber sido sentenciado antes de el 80,"Nicolás Pepe spielt wie ein Gespenst oder verpasst klare Chancen und lacht, als wäre nichts 🤦🏾‍♂️ ein Spiel, das vor der 80. Minute hätte entschieden werden müssen.",NEGATIVE
ES_0153,ES,villarealcf,Raul Albiol,La culpa es total de albiol jugador con experiencia comete una falta infantil,"Die Schuld liegt ganz bei Albiol, einem erfahrenen Spieler, der ein kindisches Foul begeht.",NEGATIVE
ES_0154,ES,realsociedad,Takefusa Kubo,"It seems that Kubo is becoming a player who doesn't have a presence in Real Sociedad. The media criticized Kubo's performance, but the Japanese football fans were very angry🤔🤔🤔🤷🤷🤷🇯🇵🇯🇵🇯🇵","Es scheint, dass Kubo ein Spieler wird, der in der Real Sociedad keine Präsenz hat. Die Medien kritisierten Kubos Leistung, aber die japanischen Fußballfans waren sehr wütend🤔🤔🤔🤷🤷🤷🇯🇵🇯🇵🇯🇵",NEGATIVE
ES_0155,ES,realsociedad,Mikel Oyarzabal,"No damos pie con bola, pases muy malos,no damos un centro en condiciones y cuando hay uno bueno no hay nadie para rematar, Oyarzabal no se que cojones hace en una banda que no es la de el,cambios que no sirven de nada y para colmo perdiendo 0-2 sacas a odriozola, los cornes los sacamos al primer palo de pena y casi ni llegamos, imanol ya tiene que irse antes de que sea peor","Wir schaffen es nicht, wir haben sehr schlechte Pässe, wir bringen keinen anständigen Ball in die Mitte und wenn einer gut ist, ist niemand da, um abzuschließen. Oyarzabal, ich weiß nicht, was er in einer anderen Position macht, die nicht seine ist, Wechsel, die nichts bringen und obendrein verlieren wir 0-2 und bringen Odriozola, die Ecken schlagen wir zum ersten Pfosten schlecht und kommen fast nicht hin, Imanol muss gehen, bevor es schlimmer wird.",NEGATIVE
ES_0156,ES,villarealcf,Sergi Cardona,@villarrealcf if your club have values suspend those 2 players one is @sergiicardona,"@villarrealcf Wenn euer Verein Werte hat, dann sperrt diese 2 Spieler, einer ist @sergiicardona.",NEGATIVE
ES_0157,ES,sevillafc,Kelechi Iheanacho,Qué tengo que hacer para que no me toque la camiseta de Iheanacho?,"Was muss ich tun, damit ich nicht das Trikot von Iheanacho bekomme?",NEGATIVE
ES_0158,ES,villarealcf,Raul Albiol,Albiol jubilate,Albiol jubelt,NEGATIVE
ES_0159,ES,realsociedad,Takefusa Kubo,"Imanol todo mal desde hace mucho y mira que nos ha hecho disfrutar no hace tanto. Pero lleva desde la segunda vuelta del año pasado mal. Y hoy fatal, se nota que el equipo no esta entrenado, no se cuantos corners y ni una estrategia, se empeña en meter a Oyarzabal con calzador, cuando mejor estaba kubo lo cambia de banda y desaparece, cambios hombre por hombre... si realmente quiere lo mejor para la Real tiene que dejar paso a otro entrenador que revolucione el equipo y me sabe mal decir todo esto de un entrenador que nos ha dado tanto...","Imanol macht seit langem alles falsch, und dabei hat er uns vor nicht allzu langer Zeit Freude bereitet. Aber seit der Rückrunde des letzten Jahres läuft es schlecht. Und heute war es furchtbar, man merkt, dass die Mannschaft nicht trainiert ist, ich weiß nicht, wie viele Ecken und keine Strategie, er besteht darauf, Oyarzabal mit Gewalt reinzubringen, wenn Kubo besser spielt, wechselt er die Seite und verschwindet, es sind nur Wechsel von Mann zu Mann... Wenn er wirklich das Beste für die Real will, muss er einem anderen Trainer Platz machen, der das Team revolutioniert, und es tut mir leid, all das über einen Trainer zu sagen, der uns so viel gegeben hat...",NEGATIVE
ES_0160,ES,realsociedad,Mikel Oyarzabal,Qué coño hace oyarzabala jajajaj yo le quiero mucho pero la temporada hasta el último partido estaba siendo terrible,"Was zum Teufel macht Oyarzabal jajajaj ich mag ihn sehr, aber die Saison bis zum letzten Spiel war schrecklich.",NEGATIVE
ES_0161,ES,villarealcf,Sergi Cardona,"Pues debería darles vergüenza la agresión de Sergi Cardona a Yamal, ninguna cabeza en alto, solo vergüenza","Es sollte ihnen peinlich sein, die Aggression von Sergi Cardona gegen Yamal, keine erhobenen Köpfe, nur Scham.",NEGATIVE
ES_0162,ES,villarealcf,Raul Albiol,Albiol retirate ya por favor,"Albiol, zieh dich bitte einfach zurück.",NEGATIVE
ES_0163,ES,realsociedad,Takefusa Kubo,Well…🤔 The performance looked better without Kubo in the last game against Girona.🤔🤔🤔,Nun...🤔 Die Leistung sah ohne Kubo im letzten Spiel gegen Girona besser aus.🤔🤔🤔,NEGATIVE
ES_0164,ES,realsociedad,Mikel Oyarzabal,"Pobre Oskarsson, siempre tiene que dejar Imanol a su niño mimado llamado Oyarzabal… ahh y que a Kubo no le ponga es de traca!! 😡🤬","Armer Oskarsson, immer muss Imanol seinen verwöhnten Jungen Oyarzabal draußen lassen… ahh und dass er Kubo nicht spielt, ist der Wahnsinn!! 😡🤬",NEGATIVE
ES_0165,ES,villarealcf,Sergi Cardona,@sergiicardona 🥴can't play for sh!t lmao you should play WWE instead 😂,@sergiicardona 🥴kann nicht für den Müll spielen lmao du solltest stattdessen WWE spielen 😂,NEGATIVE
ES_0166,ES,villarealcf,Raul Albiol,Albiol was the oldest man in that game yet he did what a teenage boy is even ashamed to do it,"Albiol war der älteste Mann in diesem Spiel, doch er tat das, wofür sich ein Teenager sogar schämen würde.",NEGATIVE
ES_0167,ES,realsociedad,Mikel Oyarzabal,"Así se juega al fútbol...👏, por otra parte Oyarzabal de 9 es niño absolutamente","So spielt man Fußball...👏, übrigens ist Oyarzabal als Neuner absolut ein Kind",NEGATIVE
ES_0168,ES,villarealcf,Raul Albiol,"@raulalbiol33  Ya terminaste, viejo","@raulalbiol33 Du bist fertig, Alte.",NEGATIVE
ES_0169,ES,realsociedad,Mikel Oyarzabal,Oyarzabal en banda es otro futbolista IMANOL!!!!! 😡🤬,Oyarzabal auf der Bande ist ein anderer Fußballer IMANOL!!!!! 😡🤬,NEGATIVE
ES_0170,ES,villarealcf,Raul Albiol,Please let R.Albiol play striker he will play better than Barry 👎,"Bitte lass R.Albiol Stürmer spielen, er wird besser spielen als Barry 👎",NEGATIVE
ES_0171,ES,realsociedad,Mikel Oyarzabal,"Imanol todo mal desde hace mucho y mira que nos ha hecho disfrutar no hace tanto. Pero lleva desde la segunda vuelta del año pasado mal. Y hoy fatal, se nota que el equipo no esta entrenado, no se cuantos corners y ni una estrategia, se empeña en meter a Oyarzabal con calzador, cuando mejor estaba kubo lo cambia de banda y desaparece, cambios hombre por hombre... si realmente quiere lo mejor para la Real tiene que dejar paso a otro entrenador que revolucione el equipo y me sabe mal decir todo esto de un entrenador que nos ha dado tanto...","Imanol macht seit langer Zeit alles schlecht und schau, wie viel Freude er uns nicht so lange geleden bereitet hat. Aber seit der Rückrunde des letzten Jahres läuft es schlecht. Und heute war es katastrophal, man merkt, dass das Team nicht trainiert ist, ich weiß nicht wie viele Ecken und keine Strategie, er besteht darauf, Oyarzabal mit Gewalt reinzubringen, wenn Kubo am besten spielt, wechselt er die Seite und verschwindet, Wechsel 1:1... Wenn er wirklich das Beste für die Real will, muss er einem anderen Trainer Platz machen, der das Team revolutioniert und es tut mir leid, das alles über einen Trainer zu sagen, der uns so viel gegeben hat...",NEGATIVE
ES_0172,ES,villarealcf,Raul Albiol,Albiol última temporada gracias,Albiol letzte Saison danke,NEGATIVE
ES_0173,ES,realsociedad,Mikel Oyarzabal,Vas perdiendo 0-2 y envede cambiar al oyarzabal que no ha echo nada desde que volvió de la lesión quitas al único delantero Imanol out,"Du verlierst 0-2 und anstatt Oyarzabal, der seit seiner Rückkehr von der Verletzung nichts gemacht hat, auszuwechseln, nimmst du den einzigen Stürmer raus. Imanol raus.",NEGATIVE
ES_0174,ES,villarealcf,Raul Albiol,Albiol 🤬🤬🤬🤬🤬🤬🤬,Albiol 🤬🤬🤬🤬🤬🤬🤬,NEGATIVE
ES_0175,ES,realsociedad,Mikel Oyarzabal,Que sigan aplaudiendo a oyarzabal así nos va.... Habría que silbar tanto a él como al imanol,"Dass sie weiter Oyarzabal applaudieren, so geht es uns.... Man sollte sowohl ihm als auch Imanol pfeifen.",NEGATIVE
ES_0176,ES,villarealcf,Raul Albiol,"Hasta cuando Raúl Albiol? Casi nos deja con uno menos en la primera parte, y por su culpa no hemos ganado","Bis wann Raúl Albiol? Er hat uns fast in der ersten Halbzeit mit einem Spieler weniger gelassen, und wegen ihm haben wir nicht gewonnen.",NEGATIVE
ES_0177,ES,realsociedad,Mikel Oyarzabal,El equipo no sabe a que juega y el entrenador no se entera por donde le da el aire. No sabe utilizar al delantero centro y se empeña en poner a un Oyarzabal lento y en horas bajas. Además estazempeñado en que todos los jugadores jueguen fuera de sitio. Así no hay manera.,"Die Mannschaft weiß nicht, was sie spielt, und der Trainer hat keinen Plan. Er weiß nicht, wie man den Mittelstürmer einsetzt und besteht darauf, einen langsamen und formschwachen Oyarzabal aufzustellen. Außerdem besteht er darauf, dass alle Spieler außer ihrer Position spielen. So geht das nicht.",NEGATIVE
ES_0178,ES,villarealcf,Raul Albiol,Albiol 💩🤡💩🤡💩🤡🤡💩🤡💩💩💩💩🤡💩🤡💩💩,Albiol 💩🤡💩🤡💩🤡🤡💩🤡💩💩💩💩🤡💩🤡💩💩,NEGATIVE
ES_0179,ES,villarealcf,Raul Albiol,El nivel futbolístico de varios jugadores deja mucho que desear.. Barry no debería ser titular y Albiol ya no debería jugar más,Das fußballerische Niveau mehrerer Spieler lässt viel zu wünschen übrig.. Barry sollte nicht in der Startelf stehen und Albiol sollte nicht mehr spielen.,NEGATIVE
ES_0180,ES,villarealcf,Raul Albiol,Albiol regala el penal,Albiol verschenkt den Elfmeter.,NEGATIVE
FR_0002,FR,rclens,David Pereira Da Costa,La future équipe type sur le terrain pour les 5 dernières minutes. Sans oublier Da Costa qui a vraiment fait un gros match.,"Die zukünftige Standardmannschaft auf dem Platz für die letzten 5 Minuten. Vergessen wir nicht Da Costa, der wirklich ein starkes Spiel gemacht hat.",POSITIVE
FR_0003,FR,lille,Jonathan David,"david, prolonge 🙏🏻","David, verlängere 🙏🏻",POSITIVE
FR_0004,FR,staderennesfc,Steve Mandanda,Mandanda enfin dehors 👏,Mandanda endlich draußen 👏,POSITIVE
FR_0005,FR,staderennesfc,Glen Kamara,"Notre milieu il est solide maintenant avec ces Gaillards, Matusiwa, Glen Kamara, Santamaria... des bûcherons ! Mais le problème on en revient toujours, la DÉFENSE !!!! Alors annonce Fabricio Bruno !!😮😮","Unser Mittelfeld ist jetzt solide mit diesen Gaillards, Matusiwa, Glen Kamara, Santamaria... echte Holzfäller! Aber das Problem, das immer wiederkommt, ist die VERTEIDIGUNG !!!! Also, kündige Fabricio Bruno an !!😮😮",POSITIVE
FR_0006,FR,staderennesfc,Baptiste Santamaria,J’étais au stade. Il est entré en fin de match. Meilleur que l’a été le titulaire. Comme Santamaria,Ich war im Stadion. Er kam am Ende des Spiels rein. Besser als der Stammspieler. Wie Santamaria.,POSITIVE
FR_0007,FR,lille,Edon Zhegrova,zhegrova such a good player 🔥🔥🔥,Zhegrova ist so ein guter Spieler 🔥🔥🔥,POSITIVE
FR_0008,FR,lille,Bafode Diakite,Prolonger également @_lc30_ et @edonzhegrova10 et @bafode_diakite et @jodavid et @osamesahraoui et on sera bon !!!!!!,Verlängert auch @_lc30_ und @edonzhegrova10 und @bafode_diakite und @jodavid und @osamesahraoui und wir sind gut!!! ✌️🔥,POSITIVE
FR_0009,FR,lille,Lucas Chevalier,Ouah la doublette maignan chevalier la dinguerie,"Ouah, die Doppelpack Maignan Chevalier, das ist verrückt!",POSITIVE
FR_0010,FR,rclens,Facundo Medina,Medina>>>>>>>>>>>pana,Medina>>>>>>>>>>>pana,POSITIVE
FR_0011,FR,rclens,Neil El Aynaoui,revoir aynaoui ça fait du bien,Revoir Aynaoui tut gut.,POSITIVE
FR_0012,FR,rclens,Kevin Danso,Défense abdukodir-Danso : trop fort ! Surtout gardez Khusanov le plus longtemps possible : enfin titulaire ! 👏,Abdukodir-Danso Verteidigung: viel zu stark! Behaltet Khusanov so lange wie möglich: endlich Startelf! 👏,POSITIVE
FR_0013,FR,lille,Ayyoub Bouaddi,@ay.bouaddi 💚❤️🇲🇦,@ay.bouaddi 💚❤️🇲🇦,POSITIVE
FR_0014,FR,rclens,Andy Diouf,Mérité continue @diouf_andy on sera la pour te pousser,"Verdient, weiter so @diouf_andy, wir werden da sein, um dich zu unterstützen!",POSITIVE
FR_0015,FR,staderennesfc,Christopher Wooh,Wooh donne une leçon de défense,Wooh gibt eine Lektion in Verteidigung.,POSITIVE
FR_0016,FR,staderennesfc,Lorenz Assignon,Le def de Montpellier ne court même pas pour contrer Assignon 😮,"Der Verteidiger von Montpellier läuft nicht einmal, um Assignon entgegenzuwirken 😮",POSITIVE
FR_0017,FR,rclens,Deiver Machado,Machado 🇨🇴❤️👊💛,Machado 🇨🇴❤️👊💛,POSITIVE
FR_0018,FR,rclens,Przemyslaw Frankowski,Toujours aussi fort continue comme sa frankowski 🔥🙌,"Immer noch so stark, mach weiter so, Frankowski 🔥🙌",POSITIVE
FR_0019,FR,rclens,Remy Labeau Lascary,Bravo Rémi labeau lascary tu nous à fait vibrer sur ton but 💪💯❤️💛,"Bravo Rémi labeau lascary, du hast uns mit deinem Tor zum Beben gebracht 💪💯❤️💛",POSITIVE
FR_0020,FR,rclens,Brice Samba,@brice_samba1 🤩💙,@brice_samba1 🤩💙,POSITIVE
FR_0021,FR,staderennesfc,Alidu Seidu,Le rock Seidu,Der Rock Seidu,POSITIVE
FR_0022,FR,staderennesfc,Amine Gouiri,Gouiri buteur avec @lesverts.faf,Gouiri Torschütze mit @lesverts.faf,POSITIVE
FR_0023,FR,staderennesfc,Adrien Truffert,Truffert encore un pilier du stade rennais et pourtant il peut viser très haut ❤️🖤,Truffert ist wieder ein Pfeiler des Stade Rennais und trotzdem kann er sehr hoch zielen ❤️🖤,POSITIVE
FR_0024,FR,lille,Jonathan David,jo david 🇨🇦🐐🇨🇦🐐,jo david 🇨🇦🐐🇨🇦🐐,POSITIVE
FR_0025,FR,staderennesfc,Steve Mandanda,Mandandalf💪🏼🧙🏼‍♂️,Mandandalf💪🏼🧙🏼‍♂️,POSITIVE
FR_0026,FR,staderennesfc,Baptiste Santamaria,C’est le manager acheter acheter joeuer tout maintenant comme Laborde etc. Pro santamaria 😍🔥❤️,"Es ist der Manager, der jetzt alle Spieler kauft, wie Laborde usw. Pro santamaria 😍🔥❤️",POSITIVE
FR_0027,FR,lille,Edon Zhegrova,Überragende assist ball  von Zhegrova 🔥 einfach hohe niveau,Überragende Assist von Zhegrova 🔥 einfach auf hohem Niveau,POSITIVE
FR_0028,FR,lille,Lucas Chevalier,Chevalier is top 5 best goalkeepers in the world. No doubt,Chevalier gehört zu den TOP 5 der besten Torhüter der Welt. Kein Zweifel.,POSITIVE
FR_0029,FR,rclens,Facundo Medina,@facumedina99_ tellement de flow 🔥🔥,@facumedina99_ so viel Flow 🔥🔥,POSITIVE
FR_0030,FR,staderennesfc,Ludovic Blas,"Mosieur le CM , on en parle de la Bronca ???? 🔥🔥 on peut faire un post sur les stats de Blas et Kalimuendo aussi svp","Monsieur der CM, sprechen wir über die Bronca ???? 🔥🔥 Können wir bitte einen Post über die Statistiken von Blas und Kalimuendo machen?",NEUTRAL
FR_0031,FR,rclens,Kevin Danso,Danso rinnova il contratto adesso ?????😂😂😂😂😂😂😂😂😂😂😂😂😂😂😂😂😂😂😂😂😂😂😂😂😂😂😂😂😂😂😂😂😂👋👋👋👋👋👋👋👋👋👋👋👋,Danso verlängert jetzt den Vertrag ?????😂😂😂😂😂😂😂😂😂😂😂😂😂😂😂😂😂😂😂😂😂😂😂😂😂😂😂😂😂😂😂😂👋👋👋👋👋👋👋👋👋👋👋👋,NEUTRAL
FR_0032,FR,staderennesfc,Arnaud Kalimuendo,"Mosieur le CM , on en parle de la Bronca ???? 🔥🔥 on peut faire un post sur les stats de Blas et Kalimuendo aussi svp","Mosieur der CM, reden wir über die Bronca ???? 🔥🔥 Können wir bitte einen Beitrag über die Statistiken von Blas und Kalimuendo machen?",NEUTRAL
FR_0033,FR,staderennesfc,Christopher Wooh,Bonne fête wooh🥳❤️🖤,Frohes Fest wooh🥳❤️🖤,NEUTRAL
FR_0034,FR,rclens,Brice Samba,Samba Husanov🇺🇿,Samba Husanov🇺🇿,NEUTRAL
FR_0035,FR,staderennesfc,Amine Gouiri,@amine_gouiri fait donc venir @rayan_cherki stp 🙏,@amine_gouiri bring bitte @rayan_cherki mit 🙏,NEUTRAL
FR_0036,FR,lille,Ayyoub Bouaddi,Why dont have istagram bouaddi,Warum hat Bouaddi kein Instagram?,NEUTRAL
FR_0037,FR,lille,Jonathan David,Mtn David !!,Mtn David !!,NEUTRAL
FR_0038,FR,rclens,Facundo Medina,Medina🇦🇷🇦🇷🇦🇷,Medina🇦🇷🇦🇷🇦🇷,NEUTRAL
FR_0039,FR,lille,Alexsandro,"Resenha é com eles msm,não perdeu a essência @alexsandroribeirojr_ kkkkkkk","Resenha ist wirklich mit ihnen, sie haben die Essenz nicht verloren @alexsandroribeirojr_ kkkkkkk",NEUTRAL
FR_0040,FR,rclens,David Pereira Da Costa,Faudra être costaud pour ce samedi...💪❤️🔥🏟️🔥💛,Wird hart werden für diesen Samstag...💪❤️🔥🏟️🔥💛,NEUTRAL
FR_0041,FR,staderennesfc,Adrien Truffert,"On garde Assignon, truffert et Kali. On signe Jota, Chotard et un central et on est bon .","Wir halten Assignon, truffert und Kali. Wir verpflichten Jota, Chotard und einen Innenverteidiger und sind gut dabei.",NEUTRAL
FR_0042,FR,staderennesfc,Lorenz Assignon,"On garde Assignon, truffert et Kali. On signe Jota, Chotard et un central et on est bon .","Wir behalten Assignon, truffert und Kali. Wir holen Jota, Chotard und einen Innenverteidiger und alles ist gut.",NEUTRAL
FR_0043,FR,lille,Benjamin Andre,@alexandrebertrand537 🔥,@alexandrebertrand537 🔥,NEUTRAL
FR_0044,FR,rclens,Neil El Aynaoui,stp khusanov reblaisse pas aynaoui brother,"stp khusanov gib aynaoui nicht auf, Bruder",NEUTRAL
FR_0045,FR,lille,Lucas Chevalier,Pas de statistiques pour Chevalier ? 🤔,Keine Statistiken für Chevalier? 🤔,NEUTRAL
FR_0046,FR,lille,Edon Zhegrova,Zhegrova ???????,Zhegrova ???????,NEUTRAL
FR_0047,FR,staderennesfc,Steve Mandanda,Oui sur la 3eme photo c'est sacha mandanda,"Ja, auf dem dritten Foto ist Sacha Mandanda.",NEUTRAL
FR_0048,FR,lille,Mitchel Bakker,Mitchell Bakker ça donne quoi ? 🙏,"Mitchell Bakker, was gibt's dazu? 🙏",NEUTRAL
FR_0049,FR,lille,Angel Gomes,André Gomes qui ne fait que mater les Lensois pendant la célébration <3. Mia²m miam !,"André Gomes, der nur die Lensois während der Feier beobachtet <3. Mia²m miam!",NEUTRAL
FR_0050,FR,staderennesfc,Baptiste Santamaria,Santamaria titulaire !,Santamaria Stammspieler!,NEUTRAL
FR_0051,FR,staderennesfc,Glen Kamara,"J étais au stade... on assure l essentiel mais le match était vraiment pas terrible... à retenir, le bijou de gomez, kamara et faye tres bon, gomez et gronbaek intéressant ensemble sur quelques situations","Ich war im Stadion... wir haben das Wesentliche gesichert, aber das Spiel war wirklich nicht toll... zu vermerken ist das Juwel von Gomez, Kamara und Faye sehr gut, Gomez und Gronbaek interessant zusammen in einigen Situationen.",NEUTRAL
FR_0052,FR,staderennesfc,Ludovic Blas,@ludoblas ⌚️,@ludoblas ⌚️,NEUTRAL
FR_0053,FR,rclens,Kevin Danso,Ops Danso!!!! Da napoli,Ops Danso!!!! Da Napoli,NEUTRAL
FR_0054,FR,staderennesfc,Christopher Wooh,Joyeux anniversaire @__chriswooh__,Herzlichen Glückwunsch zum Geburtstag @__chriswooh__ 🎉,NEUTRAL
FR_0055,FR,staderennesfc,Amine Gouiri,Kalimuedo et gouiri😂😂,Kalimuedo und Gouiri😂😂,NEUTRAL
FR_0056,FR,lille,Jonathan David,"Ce soir c’est but de balmont pedretti et David rozenhal ❤️🤍Vive le losc, vive le nord, vive dany boon et vive la France","Heute Abend gibt es ein Tor von Balmont, Pedretti und David Rozenhal ❤️🤍Es lebe der LOSC, es lebe der Norden, es lebe Dany Boon und es lebe Frankreich!",NEUTRAL
FR_0057,FR,rclens,Facundo Medina,@facumedina99_  il a fait le dégradé il va faire mal en match,"@facumedina99_ Er hat den Verjüngungslook, er wird im Spiel richtig zuschlagen.",NEUTRAL
FR_0058,FR,rclens,Brice Samba,"Samba capitaine, c'est une ineptie. Il est loin du jeu. Il n'encourage pas l'équipe","Samba-Kapitän, das ist eine Unsinn. Er ist weit vom Spiel entfernt. Er ermutigt die Mannschaft nicht.",NEGATIVE
FR_0059,FR,rclens,Remy Labeau Lascary,Désolé mais @r.labeaulascary frère tu es Nuuuuuuul atroce mauvais . Et d ailleurs toutes l attaque est pathétique.,"Sorry, aber @r.labeaulascary Bruder, du bist Nuuuuuuul, schrecklich schlecht. Und außerdem ist der ganze Angriff pathetisch.",NEGATIVE
FR_0060,FR,staderennesfc,Steve Mandanda,On se fait avoir à trop reculer aussi ! Et mandanda soit sortir trop loin à aller chercher,"Wir lassen uns auch zu sehr zurückdrängen! Und Mandanda sollte nicht zu weit rauskommen, um den Ball zu holen.",NEGATIVE
FR_0061,FR,lille,Lucas Chevalier,chevalier qui provoque les supporters lillois 🤬🤬🤬,"Ritter, der die Lille-Anhänger provoziert 🤬🤬🤬",NEGATIVE
FR_0062,FR,staderennesfc,Adrien Truffert,Bravo mais sinon vous compté acheter un nouveau milieu de terrain d'expérience ou continuer avec truffert au milieu 🤔,"Bravo, aber plant ihr, einen neuen erfahrenen Mittelfeldspieler zu kaufen oder weiter mit Truffert im Mittelfeld zu spielen? 🤔",NEGATIVE
FR_0063,FR,staderennesfc,Amine Gouiri,Kali et Gouiri sont pas bons 😢,Kali und Gouiri sind nicht gut 😢,NEGATIVE
FR_0064,FR,staderennesfc,Arnaud Kalimuendo,"Et on en parle de la charrette que Kalimuendo traîne ? Et sa ""qualité ""technique ?","Und reden wir über die Schubkarre, die Kalimuendo mit sich herumzieht? Und seine ""technische Qualität""?",NEGATIVE
FR_0065,FR,lille,Ayyoub Bouaddi,Ayyoub Bouaddi #out,Ayyoub Bouaddi #raus,NEGATIVE
FR_0066,FR,staderennesfc,Ludovic Blas,"semi hold up, tellement frustrant cet autisme du 343 qui ne marche tellement  pas... garder truffert et blas alors qu ils sont pas dedans c est dingue.... merci aux entrants . mais mettre Gronbaek remplaçant ici et  a paris c est tellement maladroit et ideal pour le frustrer.... vivement un coach qui maitrisera le management en tt cas. ""Pour l institution""  vous nous gacher 7  ans de super taf, M.Stephan dslé de vous adorer pour le passé mais plus pour cette annee que vous nous faites vivre... 😢","Semi hold up, so frustrierend dieses Autism des 343, das einfach nicht funktioniert... Truffert und Blas dranzubehalten, obwohl sie nicht im Spiel sind, ist verrückt... Danke an die Einwechselspieler. Aber Gronbaek hier und in Paris auf die Bank zu setzen, ist so ungeschickt und perfekt, um ihn zu frustrieren... Ich freue mich auf einen Trainer, der das Management beherrscht. ""Für die Institution"" vergeudet ihr uns 7 Jahre großartige Arbeit, M. Stephan, tut mir leid, dass ich Sie für die Vergangenheit bewundere, aber nicht mehr für dieses Jahr, das Sie uns erleben lassen... 😢",NEGATIVE
FR_0067,FR,staderennesfc,Christopher Wooh,Wooh va aider à faire virer Stéphan aller un but contre ton camp et c'est bon,"Wooh wird helfen, Stéphan dazu zu bringen, ein Eigentor zu schießen, und das ist gut.",NEGATIVE
FR_0068,FR,lille,Angel Gomes,Heureusement que le ballon n’est pas arrivé sur angel Gomes ou Cabella … 😂,Zum Glück ist der Ball nicht zu angel Gomes oder Cabella gekommen… 😂,NEGATIVE
FR_0069,FR,staderennesfc,Glen Kamara,Kamara dans l'ombre,Kamara im Schatten,NEGATIVE
FR_0070,FR,rclens,Kevin Danso,"In pratica abbiamo salvato la vita a Danso, ringraziateci mangia baguette","In der Tat haben wir Dansos Leben gerettet, danke uns essen Baguette.",NEGATIVE
FR_0071,FR,rclens,Brice Samba,Chevalier>>Samba ! Clair comme de l'eau roche !!,Chevalier>>Samba ! Klar wie Karussellwasser !!,NEGATIVE
FR_0072,FR,staderennesfc,Steve Mandanda,"Faut arrêter avec Mandanda, le problème c’est lui.","Man muss mit Mandanda aufhören, das Problem ist er.",NEGATIVE
FR_0073,FR,staderennesfc,Adrien Truffert,"semi hold up, tellement frustrant cet autisme du 343 qui ne marche tellement  pas... garder truffert et blas alors qu ils sont pas dedans c est dingue.... merci aux entrants . mais mettre Gronbaek remplaçant ici et  a paris c est tellement maladroit et ideal pour le frustrer.... vivement un coach qui maitrisera le management en tt cas. ""Pour l institution""  vous nous gacher 7  ans de super taf, M.Stephan dslé de vous adorer pour le passé mais plus pour cette annee que vous nous faites vivre... 😢","semi hold up, so frustrierend dieses Autismus des 343, das so überhaupt nicht funktioniert... Truffert und Blas drin zu lassen, obwohl sie nicht im Spiel sind, ist verrückt.... Danke an die Einwechselspieler. Aber Gronbaek hier und in Paris auf die Bank zu setzen, ist so ungeschickt und ideal, um ihn zu frustrieren.... Ich freue mich auf einen Trainer, der das Management beherrscht, jedenfalls. ""Für die Institution"" vergeudet ihr uns 7 Jahre großartige Arbeit, M. Stephan, tut mir leid, dass ich Sie für die Vergangenheit bewundere, aber nicht mehr für dieses Jahr, das Sie uns erleben lassen... 😢",NEGATIVE
FR_0074,FR,staderennesfc,Amine Gouiri,Recrutement éclaté. Équipe de quiche. Les anciens sont éclaté a l'image de gouiri. Franchement vous faites peine à voir,"Eingeschränkte Rekrutierung. Team von Quiche. Die Alten sind schwach, genau wie Gouiri. Ehrlich gesagt, es ist traurig, euch so zu sehen.",NEGATIVE
FR_0075,FR,staderennesfc,Arnaud Kalimuendo,Kalimuendo 😂👎,Kalimuendo 😂👎,NEGATIVE
FR_0076,FR,staderennesfc,Christopher Wooh,Wooh catastrophique relance nulle vision nulle,"Wooh katastrophale Rückgabe, null Sicht.",NEGATIVE
FR_0077,FR,rclens,Kevin Danso,Danso absent pour rien merci…,"Danso abwesend für nichts, danke…",NEGATIVE
FR_0078,FR,staderennesfc,Steve Mandanda,Il faut respecter Mandanda mais à un moment il va falloir donner à Gallon sa chance,"Man muss Mandanda respektieren, aber irgendwann muss man Gallon seine Chance geben.",NEGATIVE
FR_0079,FR,staderennesfc,Adrien Truffert,Truffert qui s'est perdu,"Truffert, der sich verloren hat.",NEGATIVE
FR_0080,FR,staderennesfc,Amine Gouiri,C est 1 super joueur qui doit être titulaire à la place d 1 gouiri qui n a pas envie de jouer. !,"Das ist ein super Spieler, der statt eines Gouiri, der keine Lust hat zu spielen, Stammspieler sein sollte!",NEGATIVE
FR_0081,FR,staderennesfc,Christopher Wooh,Donnez leur Wooh gratos avec par pitié,"Gebt ihnen Wooh umsonst, bitte!",NEGATIVE
FR_0082,FR,rclens,Kevin Danso,"FALLITI, DANSO ERA SANO VERO? MAGARI FINITE NEI DILETTANTI","FALLITI, DANSO IST WIRKLICH GESUND? VIELLEICHT LANDEN SIE BEI DEN AMATEUREN.",NEGATIVE
FR_0083,FR,staderennesfc,Adrien Truffert,À quel moment tu fais jouer Truffert au milieu alors que déjà latéral il est bien moyen,"Wann bringst du Truffert im Mittelfeld, wenn er schon als Außenverteidiger eher mittelmäßig ist?",NEGATIVE
FR_0084,FR,staderennesfc,Adrien Truffert,Truffert dehors tu peux partir,"Truffert, geh raus, du kannst gehen.",NEGATIVE
FR_0085,FR,staderennesfc,Adrien Truffert,Et encore des buts grace a truffert,Und wieder Tore dank Truffert.,NEGATIVE
